[2026-01-05T19:47:12.809+0000] {manager.py:469} INFO - Processing files using up to 2 processes at a time 
[2026-01-05T19:47:12.814+0000] {manager.py:470} INFO - Process each file at most once every 30 seconds
[2026-01-05T19:47:12.816+0000] {manager.py:471} INFO - Checking for new files in /opt/airflow/dags every 300 seconds
[2026-01-05T19:47:12.817+0000] {manager.py:738} INFO - Searching for files in /opt/airflow/dags
[2026-01-05T19:47:12.854+0000] {manager.py:741} INFO - There are 1 files in /opt/airflow/dags
[2026-01-05T19:47:13.984+0000] {manager.py:879} INFO - 
================================================================================
DAG File Processing Stats

File Path                                    PID  Runtime      # DAGs    # Errors  Last Runtime    Last Run
-----------------------------------------  -----  ---------  --------  ----------  --------------  ----------
/opt/airflow/dags/diabetes_ml_pipeline.py    184  0.11s             0           0
================================================================================
[2026-01-05T19:47:44.284+0000] {manager.py:879} INFO - 
================================================================================
DAG File Processing Stats

File Path                                  PID    Runtime      # DAGs    # Errors  Last Runtime    Last Run
-----------------------------------------  -----  ---------  --------  ----------  --------------  -------------------
/opt/airflow/dags/diabetes_ml_pipeline.py                           1           0  2.35s           2026-01-05T19:47:16
================================================================================
[2026-01-05T19:48:14.650+0000] {manager.py:879} INFO - 
================================================================================
DAG File Processing Stats

File Path                                  PID    Runtime      # DAGs    # Errors  Last Runtime    Last Run
-----------------------------------------  -----  ---------  --------  ----------  --------------  -------------------
/opt/airflow/dags/diabetes_ml_pipeline.py                           1           0  0.83s           2026-01-05T19:47:47
================================================================================
[2026-01-05T19:48:45.591+0000] {manager.py:879} INFO - 
================================================================================
DAG File Processing Stats

File Path                                  PID    Runtime      # DAGs    # Errors  Last Runtime    Last Run
-----------------------------------------  -----  ---------  --------  ----------  --------------  -------------------
/opt/airflow/dags/diabetes_ml_pipeline.py                           1           0  0.51s           2026-01-05T19:48:18
================================================================================
[2026-01-05T19:49:15.837+0000] {manager.py:879} INFO - 
================================================================================
DAG File Processing Stats

File Path                                  PID    Runtime      # DAGs    # Errors  Last Runtime    Last Run
-----------------------------------------  -----  ---------  --------  ----------  --------------  -------------------
/opt/airflow/dags/diabetes_ml_pipeline.py                           1           0  0.70s           2026-01-05T19:48:49
================================================================================
[2026-01-05T19:49:46.596+0000] {manager.py:879} INFO - 
================================================================================
DAG File Processing Stats

File Path                                  PID    Runtime      # DAGs    # Errors  Last Runtime    Last Run
-----------------------------------------  -----  ---------  --------  ----------  --------------  -------------------
/opt/airflow/dags/diabetes_ml_pipeline.py                           1           0  0.47s           2026-01-05T19:49:20
================================================================================
[2026-01-05T19:50:17.297+0000] {manager.py:879} INFO - 
================================================================================
DAG File Processing Stats

File Path                                  PID    Runtime      # DAGs    # Errors  Last Runtime    Last Run
-----------------------------------------  -----  ---------  --------  ----------  --------------  -------------------
/opt/airflow/dags/diabetes_ml_pipeline.py                           1           0  0.51s           2026-01-05T19:49:51
================================================================================
[2026-01-05T19:50:47.536+0000] {manager.py:879} INFO - 
================================================================================
DAG File Processing Stats

File Path                                  PID    Runtime      # DAGs    # Errors  Last Runtime    Last Run
-----------------------------------------  -----  ---------  --------  ----------  --------------  -------------------
/opt/airflow/dags/diabetes_ml_pipeline.py                           1           0  0.66s           2026-01-05T19:50:22
================================================================================
[2026-01-05T19:51:18.063+0000] {manager.py:879} INFO - 
================================================================================
DAG File Processing Stats

File Path                                  PID    Runtime      # DAGs    # Errors  Last Runtime    Last Run
-----------------------------------------  -----  ---------  --------  ----------  --------------  -------------------
/opt/airflow/dags/diabetes_ml_pipeline.py                           1           0  0.65s           2026-01-05T19:50:52
================================================================================
[2026-01-05T19:51:48.255+0000] {manager.py:879} INFO - 
================================================================================
DAG File Processing Stats

File Path                                  PID    Runtime      # DAGs    # Errors  Last Runtime    Last Run
-----------------------------------------  -----  ---------  --------  ----------  --------------  -------------------
/opt/airflow/dags/diabetes_ml_pipeline.py                           1           0  0.64s           2026-01-05T19:51:23
================================================================================
[2026-01-05T19:52:13.685+0000] {manager.py:738} INFO - Searching for files in /opt/airflow/dags
[2026-01-05T19:52:13.824+0000] {manager.py:741} INFO - There are 1 files in /opt/airflow/dags
[2026-01-05T19:52:18.947+0000] {manager.py:879} INFO - 
================================================================================
DAG File Processing Stats

File Path                                  PID    Runtime      # DAGs    # Errors  Last Runtime    Last Run
-----------------------------------------  -----  ---------  --------  ----------  --------------  -------------------
/opt/airflow/dags/diabetes_ml_pipeline.py                           1           0  0.46s           2026-01-05T19:51:54
================================================================================
[2026-01-05T19:52:49.041+0000] {manager.py:879} INFO - 
================================================================================
DAG File Processing Stats

File Path                                  PID    Runtime      # DAGs    # Errors  Last Runtime    Last Run
-----------------------------------------  -----  ---------  --------  ----------  --------------  -------------------
/opt/airflow/dags/diabetes_ml_pipeline.py                           1           0  0.53s           2026-01-05T19:52:25
================================================================================
[2026-01-05T19:53:19.248+0000] {manager.py:879} INFO - 
================================================================================
DAG File Processing Stats

File Path                                  PID    Runtime      # DAGs    # Errors  Last Runtime    Last Run
-----------------------------------------  -----  ---------  --------  ----------  --------------  -------------------
/opt/airflow/dags/diabetes_ml_pipeline.py                           1           0  0.58s           2026-01-05T19:52:56
================================================================================
[2026-01-05T19:53:49.794+0000] {manager.py:879} INFO - 
================================================================================
DAG File Processing Stats

File Path                                  PID    Runtime      # DAGs    # Errors  Last Runtime    Last Run
-----------------------------------------  -----  ---------  --------  ----------  --------------  -------------------
/opt/airflow/dags/diabetes_ml_pipeline.py                           1           0  0.61s           2026-01-05T19:53:27
================================================================================
[2026-01-05T19:54:19.922+0000] {manager.py:879} INFO - 
================================================================================
DAG File Processing Stats

File Path                                  PID    Runtime      # DAGs    # Errors  Last Runtime    Last Run
-----------------------------------------  -----  ---------  --------  ----------  --------------  -------------------
/opt/airflow/dags/diabetes_ml_pipeline.py                           1           0  0.48s           2026-01-05T19:53:58
================================================================================
[2026-01-05T19:54:50.336+0000] {manager.py:879} INFO - 
================================================================================
DAG File Processing Stats

File Path                                  PID    Runtime      # DAGs    # Errors  Last Runtime    Last Run
-----------------------------------------  -----  ---------  --------  ----------  --------------  -------------------
/opt/airflow/dags/diabetes_ml_pipeline.py                           1           0  0.79s           2026-01-05T19:54:29
================================================================================
[2026-01-05T19:55:20.801+0000] {manager.py:879} INFO - 
================================================================================
DAG File Processing Stats

File Path                                  PID    Runtime      # DAGs    # Errors  Last Runtime    Last Run
-----------------------------------------  -----  ---------  --------  ----------  --------------  -------------------
/opt/airflow/dags/diabetes_ml_pipeline.py                           1           0  0.72s           2026-01-05T19:55:00
================================================================================
[2026-01-05T19:55:51.039+0000] {manager.py:879} INFO - 
================================================================================
DAG File Processing Stats

File Path                                  PID    Runtime      # DAGs    # Errors  Last Runtime    Last Run
-----------------------------------------  -----  ---------  --------  ----------  --------------  -------------------
/opt/airflow/dags/diabetes_ml_pipeline.py                           1           0  0.67s           2026-01-05T19:55:31
================================================================================
[2026-01-05T19:56:21.115+0000] {manager.py:879} INFO - 
================================================================================
DAG File Processing Stats

File Path                                  PID    Runtime      # DAGs    # Errors  Last Runtime    Last Run
-----------------------------------------  -----  ---------  --------  ----------  --------------  -------------------
/opt/airflow/dags/diabetes_ml_pipeline.py                           1           0  0.65s           2026-01-05T19:56:02
================================================================================
[2026-01-05T19:56:51.587+0000] {manager.py:879} INFO - 
================================================================================
DAG File Processing Stats

File Path                                  PID    Runtime      # DAGs    # Errors  Last Runtime    Last Run
-----------------------------------------  -----  ---------  --------  ----------  --------------  -------------------
/opt/airflow/dags/diabetes_ml_pipeline.py                           1           0  0.59s           2026-01-05T19:56:33
================================================================================
[2026-01-05T19:57:14.550+0000] {manager.py:738} INFO - Searching for files in /opt/airflow/dags
[2026-01-05T19:57:14.584+0000] {manager.py:741} INFO - There are 1 files in /opt/airflow/dags
[2026-01-05T19:57:21.717+0000] {manager.py:879} INFO - 
================================================================================
DAG File Processing Stats

File Path                                  PID    Runtime      # DAGs    # Errors  Last Runtime    Last Run
-----------------------------------------  -----  ---------  --------  ----------  --------------  -------------------
/opt/airflow/dags/diabetes_ml_pipeline.py                           1           0  0.69s           2026-01-05T19:57:04
================================================================================
[2026-01-05T19:57:52.238+0000] {manager.py:879} INFO - 
================================================================================
DAG File Processing Stats

File Path                                  PID    Runtime      # DAGs    # Errors  Last Runtime    Last Run
-----------------------------------------  -----  ---------  --------  ----------  --------------  -------------------
/opt/airflow/dags/diabetes_ml_pipeline.py                           1           0  0.86s           2026-01-05T19:57:35
================================================================================
[2026-01-05T19:58:22.406+0000] {manager.py:879} INFO - 
================================================================================
DAG File Processing Stats

File Path                                  PID    Runtime      # DAGs    # Errors  Last Runtime    Last Run
-----------------------------------------  -----  ---------  --------  ----------  --------------  -------------------
/opt/airflow/dags/diabetes_ml_pipeline.py                           1           0  0.62s           2026-01-05T19:58:07
================================================================================
[2026-01-05T19:58:52.493+0000] {manager.py:879} INFO - 
================================================================================
DAG File Processing Stats

File Path                                  PID    Runtime      # DAGs    # Errors  Last Runtime    Last Run
-----------------------------------------  -----  ---------  --------  ----------  --------------  -------------------
/opt/airflow/dags/diabetes_ml_pipeline.py                           1           0  0.57s           2026-01-05T19:58:38
================================================================================
[2026-01-05T19:59:22.967+0000] {manager.py:879} INFO - 
================================================================================
DAG File Processing Stats

File Path                                  PID    Runtime      # DAGs    # Errors  Last Runtime    Last Run
-----------------------------------------  -----  ---------  --------  ----------  --------------  -------------------
/opt/airflow/dags/diabetes_ml_pipeline.py                           1           0  0.68s           2026-01-05T19:59:09
================================================================================
[2026-01-05T19:59:53.472+0000] {manager.py:879} INFO - 
================================================================================
DAG File Processing Stats

File Path                                  PID    Runtime      # DAGs    # Errors  Last Runtime    Last Run
-----------------------------------------  -----  ---------  --------  ----------  --------------  -------------------
/opt/airflow/dags/diabetes_ml_pipeline.py                           1           0  0.58s           2026-01-05T19:59:40
================================================================================
[2026-01-05T20:00:24.125+0000] {manager.py:879} INFO - 
================================================================================
DAG File Processing Stats

File Path                                  PID    Runtime      # DAGs    # Errors  Last Runtime    Last Run
-----------------------------------------  -----  ---------  --------  ----------  --------------  -------------------
/opt/airflow/dags/diabetes_ml_pipeline.py                           1           0  0.60s           2026-01-05T20:00:11
================================================================================
[2026-01-05T20:00:54.331+0000] {manager.py:879} INFO - 
================================================================================
DAG File Processing Stats

File Path                                  PID    Runtime      # DAGs    # Errors  Last Runtime    Last Run
-----------------------------------------  -----  ---------  --------  ----------  --------------  -------------------
/opt/airflow/dags/diabetes_ml_pipeline.py                           1           0  0.70s           2026-01-05T20:00:42
================================================================================
[2026-01-05T20:01:24.743+0000] {manager.py:879} INFO - 
================================================================================
DAG File Processing Stats

File Path                                  PID    Runtime      # DAGs    # Errors  Last Runtime    Last Run
-----------------------------------------  -----  ---------  --------  ----------  --------------  -------------------
/opt/airflow/dags/diabetes_ml_pipeline.py                           1           0  0.67s           2026-01-05T20:01:12
================================================================================
[2026-01-05T20:01:54.945+0000] {manager.py:879} INFO - 
================================================================================
DAG File Processing Stats

File Path                                  PID    Runtime      # DAGs    # Errors  Last Runtime    Last Run
-----------------------------------------  -----  ---------  --------  ----------  --------------  -------------------
/opt/airflow/dags/diabetes_ml_pipeline.py                           1           0  0.63s           2026-01-05T20:01:43
================================================================================
[2026-01-05T20:02:14.560+0000] {manager.py:738} INFO - Searching for files in /opt/airflow/dags
[2026-01-05T20:02:14.597+0000] {manager.py:741} INFO - There are 1 files in /opt/airflow/dags
[2026-01-05T20:02:25.400+0000] {manager.py:879} INFO - 
================================================================================
DAG File Processing Stats

File Path                                  PID    Runtime      # DAGs    # Errors  Last Runtime    Last Run
-----------------------------------------  -----  ---------  --------  ----------  --------------  -------------------
/opt/airflow/dags/diabetes_ml_pipeline.py                           1           0  0.66s           2026-01-05T20:02:14
================================================================================
[2026-01-05T20:02:55.646+0000] {manager.py:879} INFO - 
================================================================================
DAG File Processing Stats

File Path                                  PID    Runtime      # DAGs    # Errors  Last Runtime    Last Run
-----------------------------------------  -----  ---------  --------  ----------  --------------  -------------------
/opt/airflow/dags/diabetes_ml_pipeline.py                           1           0  0.78s           2026-01-05T20:02:45
================================================================================
[2026-01-05T20:03:26.108+0000] {manager.py:879} INFO - 
================================================================================
DAG File Processing Stats

File Path                                  PID    Runtime      # DAGs    # Errors  Last Runtime    Last Run
-----------------------------------------  -----  ---------  --------  ----------  --------------  -------------------
/opt/airflow/dags/diabetes_ml_pipeline.py                           1           0  0.79s           2026-01-05T20:03:16
================================================================================
[2026-01-05T20:03:56.588+0000] {manager.py:879} INFO - 
================================================================================
DAG File Processing Stats

File Path                                  PID    Runtime      # DAGs    # Errors  Last Runtime    Last Run
-----------------------------------------  -----  ---------  --------  ----------  --------------  -------------------
/opt/airflow/dags/diabetes_ml_pipeline.py                           1           0  0.68s           2026-01-05T20:03:47
================================================================================
[2026-01-05T20:04:27.482+0000] {manager.py:879} INFO - 
================================================================================
DAG File Processing Stats

File Path                                  PID    Runtime      # DAGs    # Errors  Last Runtime    Last Run
-----------------------------------------  -----  ---------  --------  ----------  --------------  -------------------
/opt/airflow/dags/diabetes_ml_pipeline.py                           1           0  0.62s           2026-01-05T20:04:18
================================================================================
[2026-01-05T20:04:57.723+0000] {manager.py:879} INFO - 
================================================================================
DAG File Processing Stats

File Path                                  PID    Runtime      # DAGs    # Errors  Last Runtime    Last Run
-----------------------------------------  -----  ---------  --------  ----------  --------------  -------------------
/opt/airflow/dags/diabetes_ml_pipeline.py                           1           0  0.68s           2026-01-05T20:04:49
================================================================================
[2026-01-05T20:05:27.886+0000] {manager.py:879} INFO - 
================================================================================
DAG File Processing Stats

File Path                                  PID    Runtime      # DAGs    # Errors  Last Runtime    Last Run
-----------------------------------------  -----  ---------  --------  ----------  --------------  -------------------
/opt/airflow/dags/diabetes_ml_pipeline.py                           1           0  0.69s           2026-01-05T20:05:20
================================================================================
[2026-01-05T20:05:58.417+0000] {manager.py:879} INFO - 
================================================================================
DAG File Processing Stats

File Path                                  PID    Runtime      # DAGs    # Errors  Last Runtime    Last Run
-----------------------------------------  -----  ---------  --------  ----------  --------------  -------------------
/opt/airflow/dags/diabetes_ml_pipeline.py                           1           0  0.76s           2026-01-05T20:05:51
================================================================================
[2026-01-05T20:06:28.711+0000] {manager.py:879} INFO - 
================================================================================
DAG File Processing Stats

File Path                                  PID    Runtime      # DAGs    # Errors  Last Runtime    Last Run
-----------------------------------------  -----  ---------  --------  ----------  --------------  -------------------
/opt/airflow/dags/diabetes_ml_pipeline.py                           1           0  0.69s           2026-01-05T20:06:22
================================================================================
[2026-01-05T20:06:59.192+0000] {manager.py:879} INFO - 
================================================================================
DAG File Processing Stats

File Path                                  PID    Runtime      # DAGs    # Errors  Last Runtime    Last Run
-----------------------------------------  -----  ---------  --------  ----------  --------------  -------------------
/opt/airflow/dags/diabetes_ml_pipeline.py                           1           0  0.74s           2026-01-05T20:06:53
================================================================================
[2026-01-05T20:07:14.750+0000] {manager.py:738} INFO - Searching for files in /opt/airflow/dags
[2026-01-05T20:07:14.812+0000] {manager.py:741} INFO - There are 1 files in /opt/airflow/dags
[2026-01-05T20:07:29.562+0000] {manager.py:879} INFO - 
================================================================================
DAG File Processing Stats

File Path                                  PID    Runtime      # DAGs    # Errors  Last Runtime    Last Run
-----------------------------------------  -----  ---------  --------  ----------  --------------  -------------------
/opt/airflow/dags/diabetes_ml_pipeline.py                           1           0  0.87s           2026-01-05T20:07:24
================================================================================
[2026-01-05T20:08:00.184+0000] {manager.py:879} INFO - 
================================================================================
DAG File Processing Stats

File Path                                  PID    Runtime      # DAGs    # Errors  Last Runtime    Last Run
-----------------------------------------  -----  ---------  --------  ----------  --------------  -------------------
/opt/airflow/dags/diabetes_ml_pipeline.py                           1           0  0.62s           2026-01-05T20:07:55
================================================================================
[2026-01-05T20:08:30.706+0000] {manager.py:879} INFO - 
================================================================================
DAG File Processing Stats

File Path                                  PID    Runtime      # DAGs    # Errors  Last Runtime    Last Run
-----------------------------------------  -----  ---------  --------  ----------  --------------  -------------------
/opt/airflow/dags/diabetes_ml_pipeline.py                           1           0  0.50s           2026-01-05T20:08:26
================================================================================
[2026-01-05T20:09:01.182+0000] {manager.py:879} INFO - 
================================================================================
DAG File Processing Stats

File Path                                  PID    Runtime      # DAGs    # Errors  Last Runtime    Last Run
-----------------------------------------  -----  ---------  --------  ----------  --------------  -------------------
/opt/airflow/dags/diabetes_ml_pipeline.py                           1           0  0.62s           2026-01-05T20:08:57
================================================================================
[2026-01-05T20:09:31.321+0000] {manager.py:879} INFO - 
================================================================================
DAG File Processing Stats

File Path                                  PID    Runtime      # DAGs    # Errors  Last Runtime    Last Run
-----------------------------------------  -----  ---------  --------  ----------  --------------  -------------------
/opt/airflow/dags/diabetes_ml_pipeline.py                           1           0  0.63s           2026-01-05T20:09:28
================================================================================
[2026-01-05T20:10:01.946+0000] {manager.py:879} INFO - 
================================================================================
DAG File Processing Stats

File Path                                  PID    Runtime      # DAGs    # Errors  Last Runtime    Last Run
-----------------------------------------  -----  ---------  --------  ----------  --------------  -------------------
/opt/airflow/dags/diabetes_ml_pipeline.py                           1           0  0.65s           2026-01-05T20:09:59
================================================================================
[2026-01-05T20:10:32.061+0000] {manager.py:879} INFO - 
================================================================================
DAG File Processing Stats

File Path                                  PID    Runtime      # DAGs    # Errors  Last Runtime    Last Run
-----------------------------------------  -----  ---------  --------  ----------  --------------  -------------------
/opt/airflow/dags/diabetes_ml_pipeline.py                           1           0  0.66s           2026-01-05T20:10:31
================================================================================
[2026-01-05T20:11:02.496+0000] {manager.py:879} INFO - 
================================================================================
DAG File Processing Stats

File Path                                  PID    Runtime      # DAGs    # Errors  Last Runtime    Last Run
-----------------------------------------  -----  ---------  --------  ----------  --------------  -------------------
/opt/airflow/dags/diabetes_ml_pipeline.py                           1           0  0.64s           2026-01-05T20:11:01
================================================================================
[2026-01-05T20:11:32.599+0000] {manager.py:879} INFO - 
================================================================================
DAG File Processing Stats

File Path                                  PID    Runtime      # DAGs    # Errors  Last Runtime    Last Run
-----------------------------------------  -----  ---------  --------  ----------  --------------  -------------------
/opt/airflow/dags/diabetes_ml_pipeline.py                           1           0  0.60s           2026-01-05T20:11:32
================================================================================
[2026-01-05T20:12:02.776+0000] {manager.py:879} INFO - 
================================================================================
DAG File Processing Stats

File Path                                    PID  Runtime      # DAGs    # Errors  Last Runtime    Last Run
-----------------------------------------  -----  ---------  --------  ----------  --------------  -------------------
/opt/airflow/dags/diabetes_ml_pipeline.py    758  0.01s             1           0  0.60s           2026-01-05T20:11:32
================================================================================
[2026-01-05T20:12:15.237+0000] {manager.py:738} INFO - Searching for files in /opt/airflow/dags
[2026-01-05T20:12:15.288+0000] {manager.py:741} INFO - There are 1 files in /opt/airflow/dags
[2026-01-05T20:12:33.749+0000] {manager.py:879} INFO - 
================================================================================
DAG File Processing Stats

File Path                                    PID  Runtime      # DAGs    # Errors  Last Runtime    Last Run
-----------------------------------------  -----  ---------  --------  ----------  --------------  -------------------
/opt/airflow/dags/diabetes_ml_pipeline.py    770  0.02s             1           0  0.61s           2026-01-05T20:12:03
================================================================================
[2026-01-05T20:13:03.820+0000] {manager.py:879} INFO - 
================================================================================
DAG File Processing Stats

File Path                                  PID    Runtime      # DAGs    # Errors  Last Runtime    Last Run
-----------------------------------------  -----  ---------  --------  ----------  --------------  -------------------
/opt/airflow/dags/diabetes_ml_pipeline.py                           1           0  0.61s           2026-01-05T20:12:34
================================================================================
[2026-01-05T20:13:34.025+0000] {manager.py:879} INFO - 
================================================================================
DAG File Processing Stats

File Path                                  PID    Runtime      # DAGs    # Errors  Last Runtime    Last Run
-----------------------------------------  -----  ---------  --------  ----------  --------------  -------------------
/opt/airflow/dags/diabetes_ml_pipeline.py                           1           0  0.75s           2026-01-05T20:13:05
================================================================================
[2026-01-05T20:14:04.330+0000] {manager.py:879} INFO - 
================================================================================
DAG File Processing Stats

File Path                                  PID    Runtime      # DAGs    # Errors  Last Runtime    Last Run
-----------------------------------------  -----  ---------  --------  ----------  --------------  -------------------
/opt/airflow/dags/diabetes_ml_pipeline.py                           1           0  0.56s           2026-01-05T20:13:36
================================================================================
[2026-01-05T20:14:34.770+0000] {manager.py:879} INFO - 
================================================================================
DAG File Processing Stats

File Path                                  PID    Runtime      # DAGs    # Errors  Last Runtime    Last Run
-----------------------------------------  -----  ---------  --------  ----------  --------------  -------------------
/opt/airflow/dags/diabetes_ml_pipeline.py                           1           0  1.22s           2026-01-05T20:14:07
================================================================================
[2026-01-05T20:15:04.899+0000] {manager.py:879} INFO - 
================================================================================
DAG File Processing Stats

File Path                                  PID    Runtime      # DAGs    # Errors  Last Runtime    Last Run
-----------------------------------------  -----  ---------  --------  ----------  --------------  -------------------
/opt/airflow/dags/diabetes_ml_pipeline.py                           1           0  0.63s           2026-01-05T20:14:38
================================================================================
[2026-01-05T20:15:35.342+0000] {manager.py:879} INFO - 
================================================================================
DAG File Processing Stats

File Path                                  PID    Runtime      # DAGs    # Errors  Last Runtime    Last Run
-----------------------------------------  -----  ---------  --------  ----------  --------------  -------------------
/opt/airflow/dags/diabetes_ml_pipeline.py                           1           0  0.52s           2026-01-05T20:15:09
================================================================================
[2026-01-05T20:16:05.925+0000] {manager.py:879} INFO - 
================================================================================
DAG File Processing Stats

File Path                                  PID    Runtime      # DAGs    # Errors  Last Runtime    Last Run
-----------------------------------------  -----  ---------  --------  ----------  --------------  -------------------
/opt/airflow/dags/diabetes_ml_pipeline.py                           1           0  0.48s           2026-01-05T20:15:39
================================================================================
[2026-01-05T20:16:36.813+0000] {manager.py:879} INFO - 
================================================================================
DAG File Processing Stats

File Path                                  PID    Runtime      # DAGs    # Errors  Last Runtime    Last Run
-----------------------------------------  -----  ---------  --------  ----------  --------------  -------------------
/opt/airflow/dags/diabetes_ml_pipeline.py                           1           0  0.46s           2026-01-05T20:16:10
================================================================================
[2026-01-05T20:17:06.925+0000] {manager.py:879} INFO - 
================================================================================
DAG File Processing Stats

File Path                                  PID    Runtime      # DAGs    # Errors  Last Runtime    Last Run
-----------------------------------------  -----  ---------  --------  ----------  --------------  -------------------
/opt/airflow/dags/diabetes_ml_pipeline.py                           1           0  0.57s           2026-01-05T20:16:41
================================================================================
[2026-01-05T20:17:15.451+0000] {manager.py:738} INFO - Searching for files in /opt/airflow/dags
[2026-01-05T20:17:15.484+0000] {manager.py:741} INFO - There are 1 files in /opt/airflow/dags
[2026-01-05T20:17:37.012+0000] {manager.py:879} INFO - 
================================================================================
DAG File Processing Stats

File Path                                  PID    Runtime      # DAGs    # Errors  Last Runtime    Last Run
-----------------------------------------  -----  ---------  --------  ----------  --------------  -------------------
/opt/airflow/dags/diabetes_ml_pipeline.py                           1           0  0.57s           2026-01-05T20:17:12
================================================================================
[2026-01-05T20:18:07.533+0000] {manager.py:879} INFO - 
================================================================================
DAG File Processing Stats

File Path                                  PID    Runtime      # DAGs    # Errors  Last Runtime    Last Run
-----------------------------------------  -----  ---------  --------  ----------  --------------  -------------------
/opt/airflow/dags/diabetes_ml_pipeline.py                           1           0  0.46s           2026-01-05T20:17:43
================================================================================
[2026-01-05T20:18:37.652+0000] {manager.py:879} INFO - 
================================================================================
DAG File Processing Stats

File Path                                  PID    Runtime      # DAGs    # Errors  Last Runtime    Last Run
-----------------------------------------  -----  ---------  --------  ----------  --------------  -------------------
/opt/airflow/dags/diabetes_ml_pipeline.py                           1           0  0.55s           2026-01-05T20:18:14
================================================================================
[2026-01-05T20:19:08.154+0000] {manager.py:879} INFO - 
================================================================================
DAG File Processing Stats

File Path                                  PID    Runtime      # DAGs    # Errors  Last Runtime    Last Run
-----------------------------------------  -----  ---------  --------  ----------  --------------  -------------------
/opt/airflow/dags/diabetes_ml_pipeline.py                           1           0  0.49s           2026-01-05T20:18:45
================================================================================
[2026-01-05T20:19:38.337+0000] {manager.py:879} INFO - 
================================================================================
DAG File Processing Stats

File Path                                  PID    Runtime      # DAGs    # Errors  Last Runtime    Last Run
-----------------------------------------  -----  ---------  --------  ----------  --------------  -------------------
/opt/airflow/dags/diabetes_ml_pipeline.py                           1           0  0.58s           2026-01-05T20:19:15
================================================================================
[2026-01-05T20:20:08.766+0000] {manager.py:879} INFO - 
================================================================================
DAG File Processing Stats

File Path                                  PID    Runtime      # DAGs    # Errors  Last Runtime    Last Run
-----------------------------------------  -----  ---------  --------  ----------  --------------  -------------------
/opt/airflow/dags/diabetes_ml_pipeline.py                           1           0  0.50s           2026-01-05T20:19:46
================================================================================
[2026-01-05T20:20:39.332+0000] {manager.py:879} INFO - 
================================================================================
DAG File Processing Stats

File Path                                  PID    Runtime      # DAGs    # Errors  Last Runtime    Last Run
-----------------------------------------  -----  ---------  --------  ----------  --------------  -------------------
/opt/airflow/dags/diabetes_ml_pipeline.py                           1           0  0.51s           2026-01-05T20:20:17
================================================================================
[2026-01-05T20:21:09.784+0000] {manager.py:879} INFO - 
================================================================================
DAG File Processing Stats

File Path                                  PID    Runtime      # DAGs    # Errors  Last Runtime    Last Run
-----------------------------------------  -----  ---------  --------  ----------  --------------  -------------------
/opt/airflow/dags/diabetes_ml_pipeline.py                           1           0  0.61s           2026-01-05T20:20:48
================================================================================
[2026-01-05T20:21:40.306+0000] {manager.py:879} INFO - 
================================================================================
DAG File Processing Stats

File Path                                  PID    Runtime      # DAGs    # Errors  Last Runtime    Last Run
-----------------------------------------  -----  ---------  --------  ----------  --------------  -------------------
/opt/airflow/dags/diabetes_ml_pipeline.py                           1           0  0.54s           2026-01-05T20:21:19
================================================================================
[2026-01-05T20:22:10.731+0000] {manager.py:879} INFO - 
================================================================================
DAG File Processing Stats

File Path                                  PID    Runtime      # DAGs    # Errors  Last Runtime    Last Run
-----------------------------------------  -----  ---------  --------  ----------  --------------  -------------------
/opt/airflow/dags/diabetes_ml_pipeline.py                           1           0  0.52s           2026-01-05T20:21:50
================================================================================
[2026-01-05T20:22:15.792+0000] {manager.py:738} INFO - Searching for files in /opt/airflow/dags
[2026-01-05T20:22:15.822+0000] {manager.py:741} INFO - There are 1 files in /opt/airflow/dags
[2026-01-05T20:22:41.606+0000] {manager.py:879} INFO - 
================================================================================
DAG File Processing Stats

File Path                                  PID    Runtime      # DAGs    # Errors  Last Runtime    Last Run
-----------------------------------------  -----  ---------  --------  ----------  --------------  -------------------
/opt/airflow/dags/diabetes_ml_pipeline.py                           1           0  0.53s           2026-01-05T20:22:21
================================================================================
[2026-01-05T20:23:12.071+0000] {manager.py:879} INFO - 
================================================================================
DAG File Processing Stats

File Path                                  PID    Runtime      # DAGs    # Errors  Last Runtime    Last Run
-----------------------------------------  -----  ---------  --------  ----------  --------------  -------------------
/opt/airflow/dags/diabetes_ml_pipeline.py                           1           0  0.52s           2026-01-05T20:22:52
================================================================================
[2026-01-05T20:23:42.552+0000] {manager.py:879} INFO - 
================================================================================
DAG File Processing Stats

File Path                                  PID    Runtime      # DAGs    # Errors  Last Runtime    Last Run
-----------------------------------------  -----  ---------  --------  ----------  --------------  -------------------
/opt/airflow/dags/diabetes_ml_pipeline.py                           1           0  0.52s           2026-01-05T20:23:23
================================================================================
[2026-01-05T20:24:13.154+0000] {manager.py:879} INFO - 
================================================================================
DAG File Processing Stats

File Path                                  PID    Runtime      # DAGs    # Errors  Last Runtime    Last Run
-----------------------------------------  -----  ---------  --------  ----------  --------------  -------------------
/opt/airflow/dags/diabetes_ml_pipeline.py                           1           0  0.55s           2026-01-05T20:23:54
================================================================================
[2026-01-05T20:24:43.264+0000] {manager.py:879} INFO - 
================================================================================
DAG File Processing Stats

File Path                                  PID    Runtime      # DAGs    # Errors  Last Runtime    Last Run
-----------------------------------------  -----  ---------  --------  ----------  --------------  -------------------
/opt/airflow/dags/diabetes_ml_pipeline.py                           1           0  0.47s           2026-01-05T20:24:24
================================================================================
[2026-01-05T20:25:13.539+0000] {manager.py:879} INFO - 
================================================================================
DAG File Processing Stats

File Path                                  PID    Runtime      # DAGs    # Errors  Last Runtime    Last Run
-----------------------------------------  -----  ---------  --------  ----------  --------------  -------------------
/opt/airflow/dags/diabetes_ml_pipeline.py                           1           0  1.03s           2026-01-05T20:24:56
================================================================================
[2026-01-05T20:25:43.690+0000] {manager.py:879} INFO - 
================================================================================
DAG File Processing Stats

File Path                                  PID    Runtime      # DAGs    # Errors  Last Runtime    Last Run
-----------------------------------------  -----  ---------  --------  ----------  --------------  -------------------
/opt/airflow/dags/diabetes_ml_pipeline.py                           1           0  0.65s           2026-01-05T20:25:27
================================================================================
[2026-01-05T20:26:13.878+0000] {manager.py:879} INFO - 
================================================================================
DAG File Processing Stats

File Path                                  PID    Runtime      # DAGs    # Errors  Last Runtime    Last Run
-----------------------------------------  -----  ---------  --------  ----------  --------------  -------------------
/opt/airflow/dags/diabetes_ml_pipeline.py                           1           0  0.75s           2026-01-05T20:25:58
================================================================================
[2026-01-05T20:26:44.379+0000] {manager.py:879} INFO - 
================================================================================
DAG File Processing Stats

File Path                                  PID    Runtime      # DAGs    # Errors  Last Runtime    Last Run
-----------------------------------------  -----  ---------  --------  ----------  --------------  -------------------
/opt/airflow/dags/diabetes_ml_pipeline.py                           1           0  0.74s           2026-01-05T20:26:29
================================================================================
[2026-01-05T20:27:14.976+0000] {manager.py:879} INFO - 
================================================================================
DAG File Processing Stats

File Path                                  PID    Runtime      # DAGs    # Errors  Last Runtime    Last Run
-----------------------------------------  -----  ---------  --------  ----------  --------------  -------------------
/opt/airflow/dags/diabetes_ml_pipeline.py                           1           0  0.53s           2026-01-05T20:27:00
================================================================================
[2026-01-05T20:27:15.989+0000] {manager.py:738} INFO - Searching for files in /opt/airflow/dags
[2026-01-05T20:27:16.060+0000] {manager.py:741} INFO - There are 1 files in /opt/airflow/dags
[2026-01-05T20:27:45.035+0000] {manager.py:879} INFO - 
================================================================================
DAG File Processing Stats

File Path                                  PID    Runtime      # DAGs    # Errors  Last Runtime    Last Run
-----------------------------------------  -----  ---------  --------  ----------  --------------  -------------------
/opt/airflow/dags/diabetes_ml_pipeline.py                           1           0  0.51s           2026-01-05T20:27:30
================================================================================
[2026-01-05T20:28:15.448+0000] {manager.py:879} INFO - 
================================================================================
DAG File Processing Stats

File Path                                  PID    Runtime      # DAGs    # Errors  Last Runtime    Last Run
-----------------------------------------  -----  ---------  --------  ----------  --------------  -------------------
/opt/airflow/dags/diabetes_ml_pipeline.py                           1           0  0.68s           2026-01-05T20:28:01
================================================================================
[2026-01-05T20:28:45.890+0000] {manager.py:879} INFO - 
================================================================================
DAG File Processing Stats

File Path                                  PID    Runtime      # DAGs    # Errors  Last Runtime    Last Run
-----------------------------------------  -----  ---------  --------  ----------  --------------  -------------------
/opt/airflow/dags/diabetes_ml_pipeline.py                           1           0  0.57s           2026-01-05T20:28:32
================================================================================
[2026-01-05T20:29:16.092+0000] {manager.py:879} INFO - 
================================================================================
DAG File Processing Stats

File Path                                  PID    Runtime      # DAGs    # Errors  Last Runtime    Last Run
-----------------------------------------  -----  ---------  --------  ----------  --------------  -------------------
/opt/airflow/dags/diabetes_ml_pipeline.py                           1           0  0.64s           2026-01-05T20:29:03
================================================================================
[2026-01-05T20:29:46.623+0000] {manager.py:879} INFO - 
================================================================================
DAG File Processing Stats

File Path                                  PID    Runtime      # DAGs    # Errors  Last Runtime    Last Run
-----------------------------------------  -----  ---------  --------  ----------  --------------  -------------------
/opt/airflow/dags/diabetes_ml_pipeline.py                           1           0  0.63s           2026-01-05T20:29:34
================================================================================
[2026-01-05T20:30:16.836+0000] {manager.py:879} INFO - 
================================================================================
DAG File Processing Stats

File Path                                  PID    Runtime      # DAGs    # Errors  Last Runtime    Last Run
-----------------------------------------  -----  ---------  --------  ----------  --------------  -------------------
/opt/airflow/dags/diabetes_ml_pipeline.py                           1           0  0.69s           2026-01-05T20:30:05
================================================================================
[2026-01-05T20:30:47.626+0000] {manager.py:879} INFO - 
================================================================================
DAG File Processing Stats

File Path                                  PID    Runtime      # DAGs    # Errors  Last Runtime    Last Run
-----------------------------------------  -----  ---------  --------  ----------  --------------  -------------------
/opt/airflow/dags/diabetes_ml_pipeline.py                           1           0  0.56s           2026-01-05T20:30:36
================================================================================
[2026-01-05T20:31:17.657+0000] {manager.py:879} INFO - 
================================================================================
DAG File Processing Stats

File Path                                  PID    Runtime      # DAGs    # Errors  Last Runtime    Last Run
-----------------------------------------  -----  ---------  --------  ----------  --------------  -------------------
/opt/airflow/dags/diabetes_ml_pipeline.py                           1           0  0.59s           2026-01-05T20:31:07
================================================================================
[2026-01-05T20:31:48.122+0000] {manager.py:879} INFO - 
================================================================================
DAG File Processing Stats

File Path                                  PID    Runtime      # DAGs    # Errors  Last Runtime    Last Run
-----------------------------------------  -----  ---------  --------  ----------  --------------  -------------------
/opt/airflow/dags/diabetes_ml_pipeline.py                           1           0  0.68s           2026-01-05T20:31:38
================================================================================
[2026-01-05T20:32:16.268+0000] {manager.py:738} INFO - Searching for files in /opt/airflow/dags
[2026-01-05T20:32:16.316+0000] {manager.py:741} INFO - There are 1 files in /opt/airflow/dags
[2026-01-05T20:32:18.375+0000] {manager.py:879} INFO - 
================================================================================
DAG File Processing Stats

File Path                                  PID    Runtime      # DAGs    # Errors  Last Runtime    Last Run
-----------------------------------------  -----  ---------  --------  ----------  --------------  -------------------
/opt/airflow/dags/diabetes_ml_pipeline.py                           1           0  0.69s           2026-01-05T20:32:09
================================================================================
[2026-01-05T20:32:48.860+0000] {manager.py:879} INFO - 
================================================================================
DAG File Processing Stats

File Path                                  PID    Runtime      # DAGs    # Errors  Last Runtime    Last Run
-----------------------------------------  -----  ---------  --------  ----------  --------------  -------------------
/opt/airflow/dags/diabetes_ml_pipeline.py                           1           0  0.59s           2026-01-05T20:32:39
================================================================================
[2026-01-05T20:33:18.953+0000] {manager.py:879} INFO - 
================================================================================
DAG File Processing Stats

File Path                                  PID    Runtime      # DAGs    # Errors  Last Runtime    Last Run
-----------------------------------------  -----  ---------  --------  ----------  --------------  -------------------
/opt/airflow/dags/diabetes_ml_pipeline.py                           1           0  0.53s           2026-01-05T20:33:10
================================================================================
[2026-01-05T20:33:49.443+0000] {manager.py:879} INFO - 
================================================================================
DAG File Processing Stats

File Path                                  PID    Runtime      # DAGs    # Errors  Last Runtime    Last Run
-----------------------------------------  -----  ---------  --------  ----------  --------------  -------------------
/opt/airflow/dags/diabetes_ml_pipeline.py                           1           0  0.58s           2026-01-05T20:33:41
================================================================================
[2026-01-05T20:34:19.552+0000] {manager.py:879} INFO - 
================================================================================
DAG File Processing Stats

File Path                                  PID    Runtime      # DAGs    # Errors  Last Runtime    Last Run
-----------------------------------------  -----  ---------  --------  ----------  --------------  -------------------
/opt/airflow/dags/diabetes_ml_pipeline.py                           1           0  0.59s           2026-01-05T20:34:12
================================================================================
[2026-01-05T20:34:49.937+0000] {manager.py:879} INFO - 
================================================================================
DAG File Processing Stats

File Path                                  PID    Runtime      # DAGs    # Errors  Last Runtime    Last Run
-----------------------------------------  -----  ---------  --------  ----------  --------------  -------------------
/opt/airflow/dags/diabetes_ml_pipeline.py                           1           0  0.70s           2026-01-05T20:34:43
================================================================================
[2026-01-05T20:35:20.155+0000] {manager.py:879} INFO - 
================================================================================
DAG File Processing Stats

File Path                                  PID    Runtime      # DAGs    # Errors  Last Runtime    Last Run
-----------------------------------------  -----  ---------  --------  ----------  --------------  -------------------
/opt/airflow/dags/diabetes_ml_pipeline.py                           1           0  0.66s           2026-01-05T20:35:14
================================================================================
[2026-01-05T20:35:50.614+0000] {manager.py:879} INFO - 
================================================================================
DAG File Processing Stats

File Path                                  PID    Runtime      # DAGs    # Errors  Last Runtime    Last Run
-----------------------------------------  -----  ---------  --------  ----------  --------------  -------------------
/opt/airflow/dags/diabetes_ml_pipeline.py                           1           0  0.54s           2026-01-05T20:35:44
================================================================================
[2026-01-05T20:36:20.654+0000] {manager.py:879} INFO - 
================================================================================
DAG File Processing Stats

File Path                                  PID    Runtime      # DAGs    # Errors  Last Runtime    Last Run
-----------------------------------------  -----  ---------  --------  ----------  --------------  -------------------
/opt/airflow/dags/diabetes_ml_pipeline.py                           1           0  0.58s           2026-01-05T20:36:15
================================================================================
[2026-01-05T20:36:51.108+0000] {manager.py:879} INFO - 
================================================================================
DAG File Processing Stats

File Path                                  PID    Runtime      # DAGs    # Errors  Last Runtime    Last Run
-----------------------------------------  -----  ---------  --------  ----------  --------------  -------------------
/opt/airflow/dags/diabetes_ml_pipeline.py                           1           0  0.67s           2026-01-05T20:36:46
================================================================================
[2026-01-05T20:37:16.467+0000] {manager.py:738} INFO - Searching for files in /opt/airflow/dags
[2026-01-05T20:37:16.516+0000] {manager.py:741} INFO - There are 1 files in /opt/airflow/dags
[2026-01-05T20:37:21.634+0000] {manager.py:879} INFO - 
================================================================================
DAG File Processing Stats

File Path                                  PID    Runtime      # DAGs    # Errors  Last Runtime    Last Run
-----------------------------------------  -----  ---------  --------  ----------  --------------  -------------------
/opt/airflow/dags/diabetes_ml_pipeline.py                           1           0  0.59s           2026-01-05T20:37:17
================================================================================
[2026-01-05T20:37:51.666+0000] {manager.py:879} INFO - 
================================================================================
DAG File Processing Stats

File Path                                  PID    Runtime      # DAGs    # Errors  Last Runtime    Last Run
-----------------------------------------  -----  ---------  --------  ----------  --------------  -------------------
/opt/airflow/dags/diabetes_ml_pipeline.py                           1           0  0.51s           2026-01-05T20:37:48
================================================================================
[2026-01-05T20:38:22.193+0000] {manager.py:879} INFO - 
================================================================================
DAG File Processing Stats

File Path                                  PID    Runtime      # DAGs    # Errors  Last Runtime    Last Run
-----------------------------------------  -----  ---------  --------  ----------  --------------  -------------------
/opt/airflow/dags/diabetes_ml_pipeline.py                           1           0  0.60s           2026-01-05T20:38:19
================================================================================
[2026-01-05T20:38:52.434+0000] {manager.py:879} INFO - 
================================================================================
DAG File Processing Stats

File Path                                  PID    Runtime      # DAGs    # Errors  Last Runtime    Last Run
-----------------------------------------  -----  ---------  --------  ----------  --------------  -------------------
/opt/airflow/dags/diabetes_ml_pipeline.py                           1           0  0.58s           2026-01-05T20:38:50
================================================================================
[2026-01-05T20:39:22.485+0000] {manager.py:879} INFO - 
================================================================================
DAG File Processing Stats

File Path                                  PID    Runtime      # DAGs    # Errors  Last Runtime    Last Run
-----------------------------------------  -----  ---------  --------  ----------  --------------  -------------------
/opt/airflow/dags/diabetes_ml_pipeline.py                           1           0  0.52s           2026-01-05T20:39:21
================================================================================
[2026-01-05T20:39:52.588+0000] {manager.py:879} INFO - 
================================================================================
DAG File Processing Stats

File Path                                  PID    Runtime      # DAGs    # Errors  Last Runtime    Last Run
-----------------------------------------  -----  ---------  --------  ----------  --------------  -------------------
/opt/airflow/dags/diabetes_ml_pipeline.py                           1           0  0.59s           2026-01-05T20:39:52
================================================================================
[2026-01-05T20:40:22.758+0000] {manager.py:879} INFO - 
================================================================================
DAG File Processing Stats

File Path                                    PID  Runtime      # DAGs    # Errors  Last Runtime    Last Run
-----------------------------------------  -----  ---------  --------  ----------  --------------  -------------------
/opt/airflow/dags/diabetes_ml_pipeline.py   2041  0.01s             1           0  0.59s           2026-01-05T20:39:52
================================================================================
[2026-01-05T20:40:53.473+0000] {manager.py:879} INFO - 
================================================================================
DAG File Processing Stats

File Path                                    PID  Runtime      # DAGs    # Errors  Last Runtime    Last Run
-----------------------------------------  -----  ---------  --------  ----------  --------------  -------------------
/opt/airflow/dags/diabetes_ml_pipeline.py   2068  0.02s             1           0  0.58s           2026-01-05T20:40:23
================================================================================
[2026-01-05T20:41:23.504+0000] {manager.py:879} INFO - 
================================================================================
DAG File Processing Stats

File Path                                  PID    Runtime      # DAGs    # Errors  Last Runtime    Last Run
-----------------------------------------  -----  ---------  --------  ----------  --------------  -------------------
/opt/airflow/dags/diabetes_ml_pipeline.py                           1           0  0.67s           2026-01-05T20:40:54
================================================================================
[2026-01-05T20:41:54.014+0000] {manager.py:879} INFO - 
================================================================================
DAG File Processing Stats

File Path                                  PID    Runtime      # DAGs    # Errors  Last Runtime    Last Run
-----------------------------------------  -----  ---------  --------  ----------  --------------  -------------------
/opt/airflow/dags/diabetes_ml_pipeline.py                           1           0  0.61s           2026-01-05T20:41:24
================================================================================
[2026-01-05T20:42:16.566+0000] {manager.py:738} INFO - Searching for files in /opt/airflow/dags
[2026-01-05T20:42:16.681+0000] {manager.py:741} INFO - There are 1 files in /opt/airflow/dags
[2026-01-05T20:42:24.035+0000] {manager.py:879} INFO - 
================================================================================
DAG File Processing Stats

File Path                                  PID    Runtime      # DAGs    # Errors  Last Runtime    Last Run
-----------------------------------------  -----  ---------  --------  ----------  --------------  -------------------
/opt/airflow/dags/diabetes_ml_pipeline.py                           1           0  0.53s           2026-01-05T20:41:55
================================================================================
[2026-01-05T20:42:54.124+0000] {manager.py:879} INFO - 
================================================================================
DAG File Processing Stats

File Path                                  PID    Runtime      # DAGs    # Errors  Last Runtime    Last Run
-----------------------------------------  -----  ---------  --------  ----------  --------------  -------------------
/opt/airflow/dags/diabetes_ml_pipeline.py                           1           0  0.67s           2026-01-05T20:42:26
================================================================================
[2026-01-05T20:43:24.370+0000] {manager.py:879} INFO - 
================================================================================
DAG File Processing Stats

File Path                                  PID    Runtime      # DAGs    # Errors  Last Runtime    Last Run
-----------------------------------------  -----  ---------  --------  ----------  --------------  -------------------
/opt/airflow/dags/diabetes_ml_pipeline.py                           1           0  0.65s           2026-01-05T20:42:57
================================================================================
[2026-01-05T20:43:54.853+0000] {manager.py:879} INFO - 
================================================================================
DAG File Processing Stats

File Path                                  PID    Runtime      # DAGs    # Errors  Last Runtime    Last Run
-----------------------------------------  -----  ---------  --------  ----------  --------------  -------------------
/opt/airflow/dags/diabetes_ml_pipeline.py                           1           0  0.68s           2026-01-05T20:43:28
================================================================================
[2026-01-05T20:44:24.934+0000] {manager.py:879} INFO - 
================================================================================
DAG File Processing Stats

File Path                                  PID    Runtime      # DAGs    # Errors  Last Runtime    Last Run
-----------------------------------------  -----  ---------  --------  ----------  --------------  -------------------
/opt/airflow/dags/diabetes_ml_pipeline.py                           1           0  0.65s           2026-01-05T20:43:59
================================================================================
[2026-01-05T20:44:55.385+0000] {manager.py:879} INFO - 
================================================================================
DAG File Processing Stats

File Path                                  PID    Runtime      # DAGs    # Errors  Last Runtime    Last Run
-----------------------------------------  -----  ---------  --------  ----------  --------------  -------------------
/opt/airflow/dags/diabetes_ml_pipeline.py                           1           0  0.56s           2026-01-05T20:44:30
================================================================================
[2026-01-05T20:45:26.010+0000] {manager.py:879} INFO - 
================================================================================
DAG File Processing Stats

File Path                                  PID    Runtime      # DAGs    # Errors  Last Runtime    Last Run
-----------------------------------------  -----  ---------  --------  ----------  --------------  -------------------
/opt/airflow/dags/diabetes_ml_pipeline.py                           1           0  0.63s           2026-01-05T20:45:01
================================================================================
[2026-01-05T20:45:56.162+0000] {manager.py:879} INFO - 
================================================================================
DAG File Processing Stats

File Path                                  PID    Runtime      # DAGs    # Errors  Last Runtime    Last Run
-----------------------------------------  -----  ---------  --------  ----------  --------------  -------------------
/opt/airflow/dags/diabetes_ml_pipeline.py                           1           0  0.64s           2026-01-05T20:45:31
================================================================================
[2026-01-05T20:46:26.524+0000] {manager.py:879} INFO - 
================================================================================
DAG File Processing Stats

File Path                                  PID    Runtime      # DAGs    # Errors  Last Runtime    Last Run
-----------------------------------------  -----  ---------  --------  ----------  --------------  -------------------
/opt/airflow/dags/diabetes_ml_pipeline.py                           1           0  0.67s           2026-01-05T20:46:02
================================================================================
[2026-01-05T20:46:56.698+0000] {manager.py:879} INFO - 
================================================================================
DAG File Processing Stats

File Path                                  PID    Runtime      # DAGs    # Errors  Last Runtime    Last Run
-----------------------------------------  -----  ---------  --------  ----------  --------------  -------------------
/opt/airflow/dags/diabetes_ml_pipeline.py                           1           0  0.63s           2026-01-05T20:46:33
================================================================================
[2026-01-05T20:47:17.022+0000] {manager.py:738} INFO - Searching for files in /opt/airflow/dags
[2026-01-05T20:47:17.058+0000] {manager.py:741} INFO - There are 1 files in /opt/airflow/dags
[2026-01-05T20:47:27.209+0000] {manager.py:879} INFO - 
================================================================================
DAG File Processing Stats

File Path                                  PID    Runtime      # DAGs    # Errors  Last Runtime    Last Run
-----------------------------------------  -----  ---------  --------  ----------  --------------  -------------------
/opt/airflow/dags/diabetes_ml_pipeline.py                           1           0  0.57s           2026-01-05T20:47:04
================================================================================
[2026-01-05T20:47:57.402+0000] {manager.py:879} INFO - 
================================================================================
DAG File Processing Stats

File Path                                  PID    Runtime      # DAGs    # Errors  Last Runtime    Last Run
-----------------------------------------  -----  ---------  --------  ----------  --------------  -------------------
/opt/airflow/dags/diabetes_ml_pipeline.py                           1           0  0.66s           2026-01-05T20:47:35
================================================================================
[2026-01-05T20:48:27.436+0000] {manager.py:879} INFO - 
================================================================================
DAG File Processing Stats

File Path                                  PID    Runtime      # DAGs    # Errors  Last Runtime    Last Run
-----------------------------------------  -----  ---------  --------  ----------  --------------  -------------------
/opt/airflow/dags/diabetes_ml_pipeline.py                           1           0  0.58s           2026-01-05T20:48:06
================================================================================
[2026-01-05T20:48:57.595+0000] {manager.py:879} INFO - 
================================================================================
DAG File Processing Stats

File Path                                  PID    Runtime      # DAGs    # Errors  Last Runtime    Last Run
-----------------------------------------  -----  ---------  --------  ----------  --------------  -------------------
/opt/airflow/dags/diabetes_ml_pipeline.py                           1           0  0.65s           2026-01-05T20:48:37
================================================================================
[2026-01-05T20:49:27.945+0000] {manager.py:879} INFO - 
================================================================================
DAG File Processing Stats

File Path                                  PID    Runtime      # DAGs    # Errors  Last Runtime    Last Run
-----------------------------------------  -----  ---------  --------  ----------  --------------  -------------------
/opt/airflow/dags/diabetes_ml_pipeline.py                           1           0  0.83s           2026-01-05T20:49:08
================================================================================
[2026-01-05T20:49:58.041+0000] {manager.py:879} INFO - 
================================================================================
DAG File Processing Stats

File Path                                  PID    Runtime      # DAGs    # Errors  Last Runtime    Last Run
-----------------------------------------  -----  ---------  --------  ----------  --------------  -------------------
/opt/airflow/dags/diabetes_ml_pipeline.py                           1           0  0.56s           2026-01-05T20:49:39
================================================================================
[2026-01-05T20:50:28.457+0000] {manager.py:879} INFO - 
================================================================================
DAG File Processing Stats

File Path                                  PID    Runtime      # DAGs    # Errors  Last Runtime    Last Run
-----------------------------------------  -----  ---------  --------  ----------  --------------  -------------------
/opt/airflow/dags/diabetes_ml_pipeline.py                           1           0  0.58s           2026-01-05T20:50:10
================================================================================
[2026-01-05T20:50:58.887+0000] {manager.py:879} INFO - 
================================================================================
DAG File Processing Stats

File Path                                  PID    Runtime      # DAGs    # Errors  Last Runtime    Last Run
-----------------------------------------  -----  ---------  --------  ----------  --------------  -------------------
/opt/airflow/dags/diabetes_ml_pipeline.py                           1           0  0.54s           2026-01-05T20:50:41
================================================================================
[2026-01-05T20:51:28.910+0000] {manager.py:879} INFO - 
================================================================================
DAG File Processing Stats

File Path                                  PID    Runtime      # DAGs    # Errors  Last Runtime    Last Run
-----------------------------------------  -----  ---------  --------  ----------  --------------  -------------------
/opt/airflow/dags/diabetes_ml_pipeline.py                           1           0  0.53s           2026-01-05T20:51:12
================================================================================
[2026-01-05T20:51:59.342+0000] {manager.py:879} INFO - 
================================================================================
DAG File Processing Stats

File Path                                  PID    Runtime      # DAGs    # Errors  Last Runtime    Last Run
-----------------------------------------  -----  ---------  --------  ----------  --------------  -------------------
/opt/airflow/dags/diabetes_ml_pipeline.py                           1           0  0.64s           2026-01-05T20:51:43
================================================================================
[2026-01-05T20:52:17.146+0000] {manager.py:738} INFO - Searching for files in /opt/airflow/dags
[2026-01-05T20:52:17.215+0000] {manager.py:741} INFO - There are 1 files in /opt/airflow/dags
[2026-01-05T20:52:29.435+0000] {manager.py:879} INFO - 
================================================================================
DAG File Processing Stats

File Path                                  PID    Runtime      # DAGs    # Errors  Last Runtime    Last Run
-----------------------------------------  -----  ---------  --------  ----------  --------------  -------------------
/opt/airflow/dags/diabetes_ml_pipeline.py                           1           0  0.56s           2026-01-05T20:52:14
================================================================================
[2026-01-05T20:52:59.854+0000] {manager.py:879} INFO - 
================================================================================
DAG File Processing Stats

File Path                                  PID    Runtime      # DAGs    # Errors  Last Runtime    Last Run
-----------------------------------------  -----  ---------  --------  ----------  --------------  -------------------
/opt/airflow/dags/diabetes_ml_pipeline.py                           1           0  0.60s           2026-01-05T20:52:44
================================================================================
[2026-01-05T20:53:30.120+0000] {manager.py:879} INFO - 
================================================================================
DAG File Processing Stats

File Path                                  PID    Runtime      # DAGs    # Errors  Last Runtime    Last Run
-----------------------------------------  -----  ---------  --------  ----------  --------------  -------------------
/opt/airflow/dags/diabetes_ml_pipeline.py                           1           0  0.68s           2026-01-05T20:53:15
================================================================================
[2026-01-05T20:54:00.180+0000] {manager.py:879} INFO - 
================================================================================
DAG File Processing Stats

File Path                                  PID    Runtime      # DAGs    # Errors  Last Runtime    Last Run
-----------------------------------------  -----  ---------  --------  ----------  --------------  -------------------
/opt/airflow/dags/diabetes_ml_pipeline.py                           1           0  0.50s           2026-01-05T20:53:47
================================================================================
[2026-01-05T20:54:30.681+0000] {manager.py:879} INFO - 
================================================================================
DAG File Processing Stats

File Path                                  PID    Runtime      # DAGs    # Errors  Last Runtime    Last Run
-----------------------------------------  -----  ---------  --------  ----------  --------------  -------------------
/opt/airflow/dags/diabetes_ml_pipeline.py                           1           0  0.51s           2026-01-05T20:54:17
================================================================================
[2026-01-05T20:55:00.957+0000] {manager.py:879} INFO - 
================================================================================
DAG File Processing Stats

File Path                                  PID    Runtime      # DAGs    # Errors  Last Runtime    Last Run
-----------------------------------------  -----  ---------  --------  ----------  --------------  -------------------
/opt/airflow/dags/diabetes_ml_pipeline.py                           1           0  0.63s           2026-01-05T20:54:48
================================================================================
[2026-01-05T20:55:31.015+0000] {manager.py:879} INFO - 
================================================================================
DAG File Processing Stats

File Path                                  PID    Runtime      # DAGs    # Errors  Last Runtime    Last Run
-----------------------------------------  -----  ---------  --------  ----------  --------------  -------------------
/opt/airflow/dags/diabetes_ml_pipeline.py                           1           0  0.62s           2026-01-05T20:55:19
================================================================================
[2026-01-05T20:56:01.306+0000] {manager.py:879} INFO - 
================================================================================
DAG File Processing Stats

File Path                                  PID    Runtime      # DAGs    # Errors  Last Runtime    Last Run
-----------------------------------------  -----  ---------  --------  ----------  --------------  -------------------
/opt/airflow/dags/diabetes_ml_pipeline.py                           1           0  0.58s           2026-01-05T20:55:50
================================================================================
[2026-01-05T20:56:31.737+0000] {manager.py:879} INFO - 
================================================================================
DAG File Processing Stats

File Path                                  PID    Runtime      # DAGs    # Errors  Last Runtime    Last Run
-----------------------------------------  -----  ---------  --------  ----------  --------------  -------------------
/opt/airflow/dags/diabetes_ml_pipeline.py                           1           0  0.63s           2026-01-05T20:56:21
================================================================================
[2026-01-05T20:57:01.888+0000] {manager.py:879} INFO - 
================================================================================
DAG File Processing Stats

File Path                                  PID    Runtime      # DAGs    # Errors  Last Runtime    Last Run
-----------------------------------------  -----  ---------  --------  ----------  --------------  -------------------
/opt/airflow/dags/diabetes_ml_pipeline.py                           1           0  0.65s           2026-01-05T20:56:52
================================================================================
[2026-01-05T20:57:17.518+0000] {manager.py:738} INFO - Searching for files in /opt/airflow/dags
[2026-01-05T20:57:17.545+0000] {manager.py:741} INFO - There are 1 files in /opt/airflow/dags
[2026-01-05T20:57:31.878+0000] {manager.py:879} INFO - 
================================================================================
DAG File Processing Stats

File Path                                  PID    Runtime      # DAGs    # Errors  Last Runtime    Last Run
-----------------------------------------  -----  ---------  --------  ----------  --------------  -------------------
/opt/airflow/dags/diabetes_ml_pipeline.py                           1           0  0.59s           2026-01-05T20:57:23
================================================================================
[2026-01-05T20:58:02.221+0000] {manager.py:879} INFO - 
================================================================================
DAG File Processing Stats

File Path                                  PID    Runtime      # DAGs    # Errors  Last Runtime    Last Run
-----------------------------------------  -----  ---------  --------  ----------  --------------  -------------------
/opt/airflow/dags/diabetes_ml_pipeline.py                           1           0  0.49s           2026-01-05T20:57:54
================================================================================
[2026-01-05T20:58:32.534+0000] {manager.py:879} INFO - 
================================================================================
DAG File Processing Stats

File Path                                  PID    Runtime      # DAGs    # Errors  Last Runtime    Last Run
-----------------------------------------  -----  ---------  --------  ----------  --------------  -------------------
/opt/airflow/dags/diabetes_ml_pipeline.py                           1           0  0.60s           2026-01-05T20:58:25
================================================================================
[2026-01-05T20:59:03.155+0000] {manager.py:879} INFO - 
================================================================================
DAG File Processing Stats

File Path                                  PID    Runtime      # DAGs    # Errors  Last Runtime    Last Run
-----------------------------------------  -----  ---------  --------  ----------  --------------  -------------------
/opt/airflow/dags/diabetes_ml_pipeline.py                           1           0  0.61s           2026-01-05T20:58:56
================================================================================
[2026-01-05T20:59:33.215+0000] {manager.py:879} INFO - 
================================================================================
DAG File Processing Stats

File Path                                  PID    Runtime      # DAGs    # Errors  Last Runtime    Last Run
-----------------------------------------  -----  ---------  --------  ----------  --------------  -------------------
/opt/airflow/dags/diabetes_ml_pipeline.py                           1           0  0.61s           2026-01-05T20:59:27
================================================================================
[2026-01-05T21:00:03.317+0000] {manager.py:879} INFO - 
================================================================================
DAG File Processing Stats

File Path                                  PID    Runtime      # DAGs    # Errors  Last Runtime    Last Run
-----------------------------------------  -----  ---------  --------  ----------  --------------  -------------------
/opt/airflow/dags/diabetes_ml_pipeline.py                           1           0  0.60s           2026-01-05T20:59:58
================================================================================
[2026-01-05T21:00:33.704+0000] {manager.py:879} INFO - 
================================================================================
DAG File Processing Stats

File Path                                  PID    Runtime      # DAGs    # Errors  Last Runtime    Last Run
-----------------------------------------  -----  ---------  --------  ----------  --------------  -------------------
/opt/airflow/dags/diabetes_ml_pipeline.py                           1           0  0.83s           2026-01-05T21:00:29
================================================================================
[2026-01-05T21:01:04.227+0000] {manager.py:879} INFO - 
================================================================================
DAG File Processing Stats

File Path                                  PID    Runtime      # DAGs    # Errors  Last Runtime    Last Run
-----------------------------------------  -----  ---------  --------  ----------  --------------  -------------------
/opt/airflow/dags/diabetes_ml_pipeline.py                           1           0  0.64s           2026-01-05T21:01:00
================================================================================
[2026-01-05T21:01:34.366+0000] {manager.py:879} INFO - 
================================================================================
DAG File Processing Stats

File Path                                  PID    Runtime      # DAGs    # Errors  Last Runtime    Last Run
-----------------------------------------  -----  ---------  --------  ----------  --------------  -------------------
/opt/airflow/dags/diabetes_ml_pipeline.py                           1           0  0.65s           2026-01-05T21:01:31
================================================================================
[2026-01-05T21:02:04.561+0000] {manager.py:879} INFO - 
================================================================================
DAG File Processing Stats

File Path                                  PID    Runtime      # DAGs    # Errors  Last Runtime    Last Run
-----------------------------------------  -----  ---------  --------  ----------  --------------  -------------------
/opt/airflow/dags/diabetes_ml_pipeline.py                           1           0  0.66s           2026-01-05T21:02:02
================================================================================
[2026-01-05T21:02:17.710+0000] {manager.py:738} INFO - Searching for files in /opt/airflow/dags
[2026-01-05T21:02:17.784+0000] {manager.py:741} INFO - There are 1 files in /opt/airflow/dags
[2026-01-05T21:02:35.057+0000] {manager.py:879} INFO - 
================================================================================
DAG File Processing Stats

File Path                                  PID    Runtime      # DAGs    # Errors  Last Runtime    Last Run
-----------------------------------------  -----  ---------  --------  ----------  --------------  -------------------
/opt/airflow/dags/diabetes_ml_pipeline.py                           1           0  0.64s           2026-01-05T21:02:33
================================================================================
[2026-01-05T21:03:05.244+0000] {manager.py:879} INFO - 
================================================================================
DAG File Processing Stats

File Path                                  PID    Runtime      # DAGs    # Errors  Last Runtime    Last Run
-----------------------------------------  -----  ---------  --------  ----------  --------------  -------------------
/opt/airflow/dags/diabetes_ml_pipeline.py                           1           0  0.66s           2026-01-05T21:03:04
================================================================================
[2026-01-05T21:03:35.403+0000] {manager.py:879} INFO - 
================================================================================
DAG File Processing Stats

File Path                                  PID    Runtime      # DAGs    # Errors  Last Runtime    Last Run
-----------------------------------------  -----  ---------  --------  ----------  --------------  -------------------
/opt/airflow/dags/diabetes_ml_pipeline.py                           1           0  0.65s           2026-01-05T21:03:35
================================================================================
[2026-01-05T21:04:05.473+0000] {manager.py:879} INFO - 
================================================================================
DAG File Processing Stats

File Path                                    PID  Runtime      # DAGs    # Errors  Last Runtime    Last Run
-----------------------------------------  -----  ---------  --------  ----------  --------------  -------------------
/opt/airflow/dags/diabetes_ml_pipeline.py   3325  0.01s             1           0  0.65s           2026-01-05T21:03:35
================================================================================
[2026-01-05T21:04:36.094+0000] {manager.py:879} INFO - 
================================================================================
DAG File Processing Stats

File Path                                  PID    Runtime      # DAGs    # Errors  Last Runtime    Last Run
-----------------------------------------  -----  ---------  --------  ----------  --------------  -------------------
/opt/airflow/dags/diabetes_ml_pipeline.py                           1           0  0.63s           2026-01-05T21:04:06
================================================================================
[2026-01-05T21:05:06.642+0000] {manager.py:879} INFO - 
================================================================================
DAG File Processing Stats

File Path                                  PID    Runtime      # DAGs    # Errors  Last Runtime    Last Run
-----------------------------------------  -----  ---------  --------  ----------  --------------  -------------------
/opt/airflow/dags/diabetes_ml_pipeline.py                           1           0  0.74s           2026-01-05T21:04:37
================================================================================
[2026-01-05T21:05:36.892+0000] {manager.py:879} INFO - 
================================================================================
DAG File Processing Stats

File Path                                  PID    Runtime      # DAGs    # Errors  Last Runtime    Last Run
-----------------------------------------  -----  ---------  --------  ----------  --------------  -------------------
/opt/airflow/dags/diabetes_ml_pipeline.py                           1           0  0.72s           2026-01-05T21:05:08
================================================================================
[2026-01-05T21:06:07.615+0000] {manager.py:879} INFO - 
================================================================================
DAG File Processing Stats

File Path                                  PID    Runtime      # DAGs    # Errors  Last Runtime    Last Run
-----------------------------------------  -----  ---------  --------  ----------  --------------  -------------------
/opt/airflow/dags/diabetes_ml_pipeline.py                           1           0  0.54s           2026-01-05T21:05:39
================================================================================
[2026-01-05T21:06:38.098+0000] {manager.py:879} INFO - 
================================================================================
DAG File Processing Stats

File Path                                  PID    Runtime      # DAGs    # Errors  Last Runtime    Last Run
-----------------------------------------  -----  ---------  --------  ----------  --------------  -------------------
/opt/airflow/dags/diabetes_ml_pipeline.py                           1           0  0.56s           2026-01-05T21:06:10
================================================================================
[2026-01-05T21:07:08.569+0000] {manager.py:879} INFO - 
================================================================================
DAG File Processing Stats

File Path                                  PID    Runtime      # DAGs    # Errors  Last Runtime    Last Run
-----------------------------------------  -----  ---------  --------  ----------  --------------  -------------------
/opt/airflow/dags/diabetes_ml_pipeline.py                           1           0  0.62s           2026-01-05T21:06:41
================================================================================
[2026-01-05T21:07:17.852+0000] {manager.py:738} INFO - Searching for files in /opt/airflow/dags
[2026-01-05T21:07:17.905+0000] {manager.py:741} INFO - There are 1 files in /opt/airflow/dags
[2026-01-05T21:07:38.612+0000] {manager.py:879} INFO - 
================================================================================
DAG File Processing Stats

File Path                                  PID    Runtime      # DAGs    # Errors  Last Runtime    Last Run
-----------------------------------------  -----  ---------  --------  ----------  --------------  -------------------
/opt/airflow/dags/diabetes_ml_pipeline.py                           1           0  0.56s           2026-01-05T21:07:12
================================================================================
[2026-01-05T21:08:09.719+0000] {manager.py:879} INFO - 
================================================================================
DAG File Processing Stats

File Path                                  PID    Runtime      # DAGs    # Errors  Last Runtime    Last Run
-----------------------------------------  -----  ---------  --------  ----------  --------------  -------------------
/opt/airflow/dags/diabetes_ml_pipeline.py                           1           0  0.59s           2026-01-05T21:07:42
================================================================================
[2026-01-05T21:08:39.850+0000] {manager.py:879} INFO - 
================================================================================
DAG File Processing Stats

File Path                                  PID    Runtime      # DAGs    # Errors  Last Runtime    Last Run
-----------------------------------------  -----  ---------  --------  ----------  --------------  -------------------
/opt/airflow/dags/diabetes_ml_pipeline.py                           1           0  0.52s           2026-01-05T21:08:13
================================================================================
[2026-01-05T21:09:09.917+0000] {manager.py:879} INFO - 
================================================================================
DAG File Processing Stats

File Path                                  PID    Runtime      # DAGs    # Errors  Last Runtime    Last Run
-----------------------------------------  -----  ---------  --------  ----------  --------------  -------------------
/opt/airflow/dags/diabetes_ml_pipeline.py                           1           0  0.63s           2026-01-05T21:08:44
================================================================================
[2026-01-05T21:09:40.249+0000] {manager.py:879} INFO - 
================================================================================
DAG File Processing Stats

File Path                                  PID    Runtime      # DAGs    # Errors  Last Runtime    Last Run
-----------------------------------------  -----  ---------  --------  ----------  --------------  -------------------
/opt/airflow/dags/diabetes_ml_pipeline.py                           1           0  0.47s           2026-01-05T21:09:15
================================================================================
[2026-01-05T21:10:10.816+0000] {manager.py:879} INFO - 
================================================================================
DAG File Processing Stats

File Path                                  PID    Runtime      # DAGs    # Errors  Last Runtime    Last Run
-----------------------------------------  -----  ---------  --------  ----------  --------------  -------------------
/opt/airflow/dags/diabetes_ml_pipeline.py                           1           0  0.98s           2026-01-05T21:09:46
================================================================================
[2026-01-05T21:10:41.366+0000] {manager.py:879} INFO - 
================================================================================
DAG File Processing Stats

File Path                                  PID    Runtime      # DAGs    # Errors  Last Runtime    Last Run
-----------------------------------------  -----  ---------  --------  ----------  --------------  -------------------
/opt/airflow/dags/diabetes_ml_pipeline.py                           1           0  0.53s           2026-01-05T21:10:17
================================================================================
[2026-01-05T21:11:11.456+0000] {manager.py:879} INFO - 
================================================================================
DAG File Processing Stats

File Path                                  PID    Runtime      # DAGs    # Errors  Last Runtime    Last Run
-----------------------------------------  -----  ---------  --------  ----------  --------------  -------------------
/opt/airflow/dags/diabetes_ml_pipeline.py                           1           0  0.70s           2026-01-05T21:10:48
================================================================================
[2026-01-05T21:11:41.619+0000] {manager.py:879} INFO - 
================================================================================
DAG File Processing Stats

File Path                                  PID    Runtime      # DAGs    # Errors  Last Runtime    Last Run
-----------------------------------------  -----  ---------  --------  ----------  --------------  -------------------
/opt/airflow/dags/diabetes_ml_pipeline.py                           1           0  0.66s           2026-01-05T21:11:19
================================================================================
[2026-01-05T21:12:11.931+0000] {manager.py:879} INFO - 
================================================================================
DAG File Processing Stats

File Path                                  PID    Runtime      # DAGs    # Errors  Last Runtime    Last Run
-----------------------------------------  -----  ---------  --------  ----------  --------------  -------------------
/opt/airflow/dags/diabetes_ml_pipeline.py                           1           0  1.22s           2026-01-05T21:11:50
================================================================================
[2026-01-05T21:12:18.009+0000] {manager.py:738} INFO - Searching for files in /opt/airflow/dags
[2026-01-05T21:12:18.068+0000] {manager.py:741} INFO - There are 1 files in /opt/airflow/dags
[2026-01-05T21:12:42.313+0000] {manager.py:879} INFO - 
================================================================================
DAG File Processing Stats

File Path                                  PID    Runtime      # DAGs    # Errors  Last Runtime    Last Run
-----------------------------------------  -----  ---------  --------  ----------  --------------  -------------------
/opt/airflow/dags/diabetes_ml_pipeline.py                           1           0  0.81s           2026-01-05T21:12:22
================================================================================
[2026-01-05T21:13:12.630+0000] {manager.py:879} INFO - 
================================================================================
DAG File Processing Stats

File Path                                  PID    Runtime      # DAGs    # Errors  Last Runtime    Last Run
-----------------------------------------  -----  ---------  --------  ----------  --------------  -------------------
/opt/airflow/dags/diabetes_ml_pipeline.py                           1           0  0.74s           2026-01-05T21:12:53
================================================================================
[2026-01-05T21:13:42.822+0000] {manager.py:879} INFO - 
================================================================================
DAG File Processing Stats

File Path                                  PID    Runtime      # DAGs    # Errors  Last Runtime    Last Run
-----------------------------------------  -----  ---------  --------  ----------  --------------  -------------------
/opt/airflow/dags/diabetes_ml_pipeline.py                           1           0  0.68s           2026-01-05T21:13:24
================================================================================
[2026-01-05T21:14:13.248+0000] {manager.py:879} INFO - 
================================================================================
DAG File Processing Stats

File Path                                  PID    Runtime      # DAGs    # Errors  Last Runtime    Last Run
-----------------------------------------  -----  ---------  --------  ----------  --------------  -------------------
/opt/airflow/dags/diabetes_ml_pipeline.py                           1           0  0.57s           2026-01-05T21:13:55
================================================================================
[2026-01-05T21:14:43.333+0000] {manager.py:879} INFO - 
================================================================================
DAG File Processing Stats

File Path                                  PID    Runtime      # DAGs    # Errors  Last Runtime    Last Run
-----------------------------------------  -----  ---------  --------  ----------  --------------  -------------------
/opt/airflow/dags/diabetes_ml_pipeline.py                           1           0  0.60s           2026-01-05T21:14:26
================================================================================
[2026-01-05T21:18:08.106+0000] {manager.py:738} INFO - Searching for files in /opt/airflow/dags
[2026-01-05T21:18:08.150+0000] {manager.py:741} INFO - There are 1 files in /opt/airflow/dags
[2026-01-05T21:18:30.281+0000] {manager.py:879} INFO - 
================================================================================
DAG File Processing Stats

File Path                                  PID    Runtime      # DAGs    # Errors  Last Runtime    Last Run
-----------------------------------------  -----  ---------  --------  ----------  --------------  -------------------
/opt/airflow/dags/diabetes_ml_pipeline.py                           1           0  0.72s           2026-01-05T21:18:08
================================================================================
[2026-01-05T21:19:00.759+0000] {manager.py:879} INFO - 
================================================================================
DAG File Processing Stats

File Path                                  PID    Runtime      # DAGs    # Errors  Last Runtime    Last Run
-----------------------------------------  -----  ---------  --------  ----------  --------------  -------------------
/opt/airflow/dags/diabetes_ml_pipeline.py                           1           0  0.72s           2026-01-05T21:18:39
================================================================================
[2026-01-05T21:19:31.192+0000] {manager.py:879} INFO - 
================================================================================
DAG File Processing Stats

File Path                                  PID    Runtime      # DAGs    # Errors  Last Runtime    Last Run
-----------------------------------------  -----  ---------  --------  ----------  --------------  -------------------
/opt/airflow/dags/diabetes_ml_pipeline.py                           1           0  0.68s           2026-01-05T21:19:11
================================================================================
[2026-01-05T21:20:01.387+0000] {manager.py:879} INFO - 
================================================================================
DAG File Processing Stats

File Path                                  PID    Runtime      # DAGs    # Errors  Last Runtime    Last Run
-----------------------------------------  -----  ---------  --------  ----------  --------------  -------------------
/opt/airflow/dags/diabetes_ml_pipeline.py                           1           0  0.69s           2026-01-05T21:19:42
================================================================================
[2026-01-05T21:20:31.616+0000] {manager.py:879} INFO - 
================================================================================
DAG File Processing Stats

File Path                                  PID    Runtime      # DAGs    # Errors  Last Runtime    Last Run
-----------------------------------------  -----  ---------  --------  ----------  --------------  -------------------
/opt/airflow/dags/diabetes_ml_pipeline.py                           1           0  0.64s           2026-01-05T21:20:13
================================================================================
[2026-01-05T21:21:02.145+0000] {manager.py:879} INFO - 
================================================================================
DAG File Processing Stats

File Path                                  PID    Runtime      # DAGs    # Errors  Last Runtime    Last Run
-----------------------------------------  -----  ---------  --------  ----------  --------------  -------------------
/opt/airflow/dags/diabetes_ml_pipeline.py                           1           0  0.73s           2026-01-05T21:20:44
================================================================================
[2026-01-05T21:21:32.362+0000] {manager.py:879} INFO - 
================================================================================
DAG File Processing Stats

File Path                                  PID    Runtime      # DAGs    # Errors  Last Runtime    Last Run
-----------------------------------------  -----  ---------  --------  ----------  --------------  -------------------
/opt/airflow/dags/diabetes_ml_pipeline.py                           1           0  0.74s           2026-01-05T21:21:15
================================================================================
[2026-01-05T21:22:03.182+0000] {manager.py:879} INFO - 
================================================================================
DAG File Processing Stats

File Path                                  PID    Runtime      # DAGs    # Errors  Last Runtime    Last Run
-----------------------------------------  -----  ---------  --------  ----------  --------------  -------------------
/opt/airflow/dags/diabetes_ml_pipeline.py                           1           0  0.55s           2026-01-05T21:21:46
================================================================================
[2026-01-05T21:22:33.569+0000] {manager.py:879} INFO - 
================================================================================
DAG File Processing Stats

File Path                                  PID    Runtime      # DAGs    # Errors  Last Runtime    Last Run
-----------------------------------------  -----  ---------  --------  ----------  --------------  -------------------
/opt/airflow/dags/diabetes_ml_pipeline.py                           1           0  0.64s           2026-01-05T21:22:16
================================================================================
[2026-01-05T21:23:03.949+0000] {manager.py:879} INFO - 
================================================================================
DAG File Processing Stats

File Path                                  PID    Runtime      # DAGs    # Errors  Last Runtime    Last Run
-----------------------------------------  -----  ---------  --------  ----------  --------------  -------------------
/opt/airflow/dags/diabetes_ml_pipeline.py                           1           0  0.63s           2026-01-05T21:22:47
================================================================================
[2026-01-05T21:23:08.977+0000] {manager.py:738} INFO - Searching for files in /opt/airflow/dags
[2026-01-05T21:23:09.005+0000] {manager.py:741} INFO - There are 1 files in /opt/airflow/dags
[2026-01-05T21:23:34.120+0000] {manager.py:879} INFO - 
================================================================================
DAG File Processing Stats

File Path                                  PID    Runtime      # DAGs    # Errors  Last Runtime    Last Run
-----------------------------------------  -----  ---------  --------  ----------  --------------  -------------------
/opt/airflow/dags/diabetes_ml_pipeline.py                           1           0  0.82s           2026-01-05T21:23:18
================================================================================
[2026-01-05T21:24:04.137+0000] {manager.py:879} INFO - 
================================================================================
DAG File Processing Stats

File Path                                  PID    Runtime      # DAGs    # Errors  Last Runtime    Last Run
-----------------------------------------  -----  ---------  --------  ----------  --------------  -------------------
/opt/airflow/dags/diabetes_ml_pipeline.py                           1           0  0.64s           2026-01-05T21:23:49
================================================================================
[2026-01-05T21:24:34.168+0000] {manager.py:879} INFO - 
================================================================================
DAG File Processing Stats

File Path                                  PID    Runtime      # DAGs    # Errors  Last Runtime    Last Run
-----------------------------------------  -----  ---------  --------  ----------  --------------  -------------------
/opt/airflow/dags/diabetes_ml_pipeline.py                           1           0  0.74s           2026-01-05T21:24:21
================================================================================
[2026-01-05T21:25:04.533+0000] {manager.py:879} INFO - 
================================================================================
DAG File Processing Stats

File Path                                  PID    Runtime      # DAGs    # Errors  Last Runtime    Last Run
-----------------------------------------  -----  ---------  --------  ----------  --------------  -------------------
/opt/airflow/dags/diabetes_ml_pipeline.py                           1           0  0.84s           2026-01-05T21:24:52
================================================================================
[2026-01-05T21:25:34.709+0000] {manager.py:879} INFO - 
================================================================================
DAG File Processing Stats

File Path                                  PID    Runtime      # DAGs    # Errors  Last Runtime    Last Run
-----------------------------------------  -----  ---------  --------  ----------  --------------  -------------------
/opt/airflow/dags/diabetes_ml_pipeline.py                           1           0  0.70s           2026-01-05T21:25:23
================================================================================
[2026-01-05T21:26:05.139+0000] {manager.py:879} INFO - 
================================================================================
DAG File Processing Stats

File Path                                  PID    Runtime      # DAGs    # Errors  Last Runtime    Last Run
-----------------------------------------  -----  ---------  --------  ----------  --------------  -------------------
/opt/airflow/dags/diabetes_ml_pipeline.py                           1           0  0.63s           2026-01-05T21:25:54
================================================================================
[2026-01-05T21:26:35.558+0000] {manager.py:879} INFO - 
================================================================================
DAG File Processing Stats

File Path                                  PID    Runtime      # DAGs    # Errors  Last Runtime    Last Run
-----------------------------------------  -----  ---------  --------  ----------  --------------  -------------------
/opt/airflow/dags/diabetes_ml_pipeline.py                           1           0  0.73s           2026-01-05T21:26:25
================================================================================
[2026-01-05T21:27:05.745+0000] {manager.py:879} INFO - 
================================================================================
DAG File Processing Stats

File Path                                  PID    Runtime      # DAGs    # Errors  Last Runtime    Last Run
-----------------------------------------  -----  ---------  --------  ----------  --------------  -------------------
/opt/airflow/dags/diabetes_ml_pipeline.py                           1           0  0.61s           2026-01-05T21:26:56
================================================================================
[2026-01-05T21:32:06.681+0000] {manager.py:738} INFO - Searching for files in /opt/airflow/dags
[2026-01-05T21:32:06.711+0000] {manager.py:741} INFO - There are 1 files in /opt/airflow/dags
[2026-01-05T21:32:32.762+0000] {manager.py:879} INFO - 
================================================================================
DAG File Processing Stats

File Path                                  PID    Runtime      # DAGs    # Errors  Last Runtime    Last Run
-----------------------------------------  -----  ---------  --------  ----------  --------------  -------------------
/opt/airflow/dags/diabetes_ml_pipeline.py                           1           0  0.60s           2026-01-05T21:32:07
================================================================================
[2026-01-05T21:33:02.832+0000] {manager.py:879} INFO - 
================================================================================
DAG File Processing Stats

File Path                                  PID    Runtime      # DAGs    # Errors  Last Runtime    Last Run
-----------------------------------------  -----  ---------  --------  ----------  --------------  -------------------
/opt/airflow/dags/diabetes_ml_pipeline.py                           1           0  0.73s           2026-01-05T21:32:38
================================================================================
[2026-01-05T21:33:32.875+0000] {manager.py:879} INFO - 
================================================================================
DAG File Processing Stats

File Path                                  PID    Runtime      # DAGs    # Errors  Last Runtime    Last Run
-----------------------------------------  -----  ---------  --------  ----------  --------------  -------------------
/opt/airflow/dags/diabetes_ml_pipeline.py                           1           0  0.63s           2026-01-05T21:33:09
================================================================================
[2026-01-05T21:34:03.273+0000] {manager.py:879} INFO - 
================================================================================
DAG File Processing Stats

File Path                                  PID    Runtime      # DAGs    # Errors  Last Runtime    Last Run
-----------------------------------------  -----  ---------  --------  ----------  --------------  -------------------
/opt/airflow/dags/diabetes_ml_pipeline.py                           1           0  0.67s           2026-01-05T21:33:40
================================================================================
[2026-01-05T21:34:33.667+0000] {manager.py:879} INFO - 
================================================================================
DAG File Processing Stats

File Path                                  PID    Runtime      # DAGs    # Errors  Last Runtime    Last Run
-----------------------------------------  -----  ---------  --------  ----------  --------------  -------------------
/opt/airflow/dags/diabetes_ml_pipeline.py                           1           0  0.70s           2026-01-05T21:34:11
================================================================================
[2026-01-05T21:35:04.235+0000] {manager.py:879} INFO - 
================================================================================
DAG File Processing Stats

File Path                                  PID    Runtime      # DAGs    # Errors  Last Runtime    Last Run
-----------------------------------------  -----  ---------  --------  ----------  --------------  -------------------
/opt/airflow/dags/diabetes_ml_pipeline.py                           1           0  0.64s           2026-01-05T21:34:42
================================================================================
[2026-01-05T21:35:34.437+0000] {manager.py:879} INFO - 
================================================================================
DAG File Processing Stats

File Path                                  PID    Runtime      # DAGs    # Errors  Last Runtime    Last Run
-----------------------------------------  -----  ---------  --------  ----------  --------------  -------------------
/opt/airflow/dags/diabetes_ml_pipeline.py                           1           0  0.66s           2026-01-05T21:35:13
================================================================================
[2026-01-05T21:36:04.566+0000] {manager.py:879} INFO - 
================================================================================
DAG File Processing Stats

File Path                                  PID    Runtime      # DAGs    # Errors  Last Runtime    Last Run
-----------------------------------------  -----  ---------  --------  ----------  --------------  -------------------
/opt/airflow/dags/diabetes_ml_pipeline.py                           1           0  0.70s           2026-01-05T21:35:44
================================================================================
[2026-01-05T21:36:34.777+0000] {manager.py:879} INFO - 
================================================================================
DAG File Processing Stats

File Path                                  PID    Runtime      # DAGs    # Errors  Last Runtime    Last Run
-----------------------------------------  -----  ---------  --------  ----------  --------------  -------------------
/opt/airflow/dags/diabetes_ml_pipeline.py                           1           0  0.65s           2026-01-05T21:36:15
================================================================================
[2026-01-05T21:37:05.224+0000] {manager.py:879} INFO - 
================================================================================
DAG File Processing Stats

File Path                                  PID    Runtime      # DAGs    # Errors  Last Runtime    Last Run
-----------------------------------------  -----  ---------  --------  ----------  --------------  -------------------
/opt/airflow/dags/diabetes_ml_pipeline.py                           1           0  0.67s           2026-01-05T21:36:46
================================================================================
[2026-01-05T21:37:07.238+0000] {manager.py:738} INFO - Searching for files in /opt/airflow/dags
[2026-01-05T21:37:07.388+0000] {manager.py:741} INFO - There are 1 files in /opt/airflow/dags
[2026-01-05T21:37:35.464+0000] {manager.py:879} INFO - 
================================================================================
DAG File Processing Stats

File Path                                    PID  Runtime      # DAGs    # Errors  Last Runtime    Last Run
-----------------------------------------  -----  ---------  --------  ----------  --------------  -------------------
/opt/airflow/dags/diabetes_ml_pipeline.py   4218  0.01s             1           0  0.60s           2026-01-05T21:37:17
================================================================================
[2026-01-05T21:38:05.541+0000] {manager.py:879} INFO - 
================================================================================
DAG File Processing Stats

File Path                                  PID    Runtime      # DAGs    # Errors  Last Runtime    Last Run
-----------------------------------------  -----  ---------  --------  ----------  --------------  -------------------
/opt/airflow/dags/diabetes_ml_pipeline.py                           1           0  0.71s           2026-01-05T21:37:50
================================================================================
[2026-01-05T21:38:35.842+0000] {manager.py:879} INFO - 
================================================================================
DAG File Processing Stats

File Path                                  PID    Runtime      # DAGs    # Errors  Last Runtime    Last Run
-----------------------------------------  -----  ---------  --------  ----------  --------------  -------------------
/opt/airflow/dags/diabetes_ml_pipeline.py                           1           0  0.80s           2026-01-05T21:38:27
================================================================================
[2026-01-05T21:39:05.806+0000] {manager.py:879} INFO - 
================================================================================
DAG File Processing Stats

File Path                                  PID    Runtime      # DAGs    # Errors  Last Runtime    Last Run
-----------------------------------------  -----  ---------  --------  ----------  --------------  -------------------
/opt/airflow/dags/diabetes_ml_pipeline.py                           1           0  0.60s           2026-01-05T21:38:41
================================================================================
[2026-01-05T21:39:36.050+0000] {manager.py:879} INFO - 
================================================================================
DAG File Processing Stats

File Path                                  PID    Runtime      # DAGs    # Errors  Last Runtime    Last Run
-----------------------------------------  -----  ---------  --------  ----------  --------------  -------------------
/opt/airflow/dags/diabetes_ml_pipeline.py                           1           0  0.72s           2026-01-05T21:39:12
================================================================================
[2026-01-05T21:40:06.078+0000] {manager.py:879} INFO - 
================================================================================
DAG File Processing Stats

File Path                                  PID    Runtime      # DAGs    # Errors  Last Runtime    Last Run
-----------------------------------------  -----  ---------  --------  ----------  --------------  -------------------
/opt/airflow/dags/diabetes_ml_pipeline.py                           1           0  0.77s           2026-01-05T21:39:44
================================================================================
[2026-01-05T21:40:36.573+0000] {manager.py:879} INFO - 
================================================================================
DAG File Processing Stats

File Path                                  PID    Runtime      # DAGs    # Errors  Last Runtime    Last Run
-----------------------------------------  -----  ---------  --------  ----------  --------------  -------------------
/opt/airflow/dags/diabetes_ml_pipeline.py                           1           0  0.74s           2026-01-05T21:40:15
================================================================================
[2026-01-05T21:41:06.682+0000] {manager.py:879} INFO - 
================================================================================
DAG File Processing Stats

File Path                                  PID    Runtime      # DAGs    # Errors  Last Runtime    Last Run
-----------------------------------------  -----  ---------  --------  ----------  --------------  -------------------
/opt/airflow/dags/diabetes_ml_pipeline.py                           1           0  0.61s           2026-01-05T21:40:46
================================================================================
[2026-01-05T21:41:37.044+0000] {manager.py:879} INFO - 
================================================================================
DAG File Processing Stats

File Path                                  PID    Runtime      # DAGs    # Errors  Last Runtime    Last Run
-----------------------------------------  -----  ---------  --------  ----------  --------------  -------------------
/opt/airflow/dags/diabetes_ml_pipeline.py                           1           0  0.63s           2026-01-05T21:41:17
================================================================================
[2026-01-05T21:42:07.455+0000] {manager.py:738} INFO - Searching for files in /opt/airflow/dags
[2026-01-05T21:42:07.541+0000] {manager.py:741} INFO - There are 1 files in /opt/airflow/dags
[2026-01-05T21:42:07.585+0000] {manager.py:879} INFO - 
================================================================================
DAG File Processing Stats

File Path                                  PID    Runtime      # DAGs    # Errors  Last Runtime    Last Run
-----------------------------------------  -----  ---------  --------  ----------  --------------  -------------------
/opt/airflow/dags/diabetes_ml_pipeline.py                           1           0  0.61s           2026-01-05T21:41:48
================================================================================
[2026-01-05T21:42:37.650+0000] {manager.py:879} INFO - 
================================================================================
DAG File Processing Stats

File Path                                  PID    Runtime      # DAGs    # Errors  Last Runtime    Last Run
-----------------------------------------  -----  ---------  --------  ----------  --------------  -------------------
/opt/airflow/dags/diabetes_ml_pipeline.py                           1           0  0.59s           2026-01-05T21:42:19
================================================================================
[2026-01-05T21:43:07.831+0000] {manager.py:879} INFO - 
================================================================================
DAG File Processing Stats

File Path                                  PID    Runtime      # DAGs    # Errors  Last Runtime    Last Run
-----------------------------------------  -----  ---------  --------  ----------  --------------  -------------------
/opt/airflow/dags/diabetes_ml_pipeline.py                           1           0  0.72s           2026-01-05T21:42:50
================================================================================
[2026-01-05T21:43:38.290+0000] {manager.py:879} INFO - 
================================================================================
DAG File Processing Stats

File Path                                  PID    Runtime      # DAGs    # Errors  Last Runtime    Last Run
-----------------------------------------  -----  ---------  --------  ----------  --------------  -------------------
/opt/airflow/dags/diabetes_ml_pipeline.py                           1           0  0.61s           2026-01-05T21:43:21
================================================================================
[2026-01-05T21:44:08.310+0000] {manager.py:879} INFO - 
================================================================================
DAG File Processing Stats

File Path                                  PID    Runtime      # DAGs    # Errors  Last Runtime    Last Run
-----------------------------------------  -----  ---------  --------  ----------  --------------  -------------------
/opt/airflow/dags/diabetes_ml_pipeline.py                           1           0  0.62s           2026-01-05T21:43:52
================================================================================
[2026-01-05T21:44:38.696+0000] {manager.py:879} INFO - 
================================================================================
DAG File Processing Stats

File Path                                  PID    Runtime      # DAGs    # Errors  Last Runtime    Last Run
-----------------------------------------  -----  ---------  --------  ----------  --------------  -------------------
/opt/airflow/dags/diabetes_ml_pipeline.py                           1           0  0.65s           2026-01-05T21:44:22
================================================================================
[2026-01-05T21:45:09.456+0000] {manager.py:879} INFO - 
================================================================================
DAG File Processing Stats

File Path                                  PID    Runtime      # DAGs    # Errors  Last Runtime    Last Run
-----------------------------------------  -----  ---------  --------  ----------  --------------  -------------------
/opt/airflow/dags/diabetes_ml_pipeline.py                           1           0  0.59s           2026-01-05T21:44:53
================================================================================
[2026-01-05T21:45:39.676+0000] {manager.py:879} INFO - 
================================================================================
DAG File Processing Stats

File Path                                  PID    Runtime      # DAGs    # Errors  Last Runtime    Last Run
-----------------------------------------  -----  ---------  --------  ----------  --------------  -------------------
/opt/airflow/dags/diabetes_ml_pipeline.py                           1           0  0.65s           2026-01-05T21:45:24
================================================================================
[2026-01-05T21:46:09.937+0000] {manager.py:879} INFO - 
================================================================================
DAG File Processing Stats

File Path                                  PID    Runtime      # DAGs    # Errors  Last Runtime    Last Run
-----------------------------------------  -----  ---------  --------  ----------  --------------  -------------------
/opt/airflow/dags/diabetes_ml_pipeline.py                           1           0  0.75s           2026-01-05T21:45:55
================================================================================
[2026-01-05T21:46:40.838+0000] {manager.py:879} INFO - 
================================================================================
DAG File Processing Stats

File Path                                  PID    Runtime      # DAGs    # Errors  Last Runtime    Last Run
-----------------------------------------  -----  ---------  --------  ----------  --------------  -------------------
/opt/airflow/dags/diabetes_ml_pipeline.py                           1           0  0.64s           2026-01-05T21:46:26
================================================================================
[2026-01-05T21:47:07.807+0000] {manager.py:738} INFO - Searching for files in /opt/airflow/dags
[2026-01-05T21:47:07.928+0000] {manager.py:741} INFO - There are 1 files in /opt/airflow/dags
[2026-01-05T21:47:11.014+0000] {manager.py:879} INFO - 
================================================================================
DAG File Processing Stats

File Path                                  PID    Runtime      # DAGs    # Errors  Last Runtime    Last Run
-----------------------------------------  -----  ---------  --------  ----------  --------------  -------------------
/opt/airflow/dags/diabetes_ml_pipeline.py                           1           0  0.63s           2026-01-05T21:46:57
================================================================================
[2026-01-05T21:47:41.161+0000] {manager.py:879} INFO - 
================================================================================
DAG File Processing Stats

File Path                                  PID    Runtime      # DAGs    # Errors  Last Runtime    Last Run
-----------------------------------------  -----  ---------  --------  ----------  --------------  -------------------
/opt/airflow/dags/diabetes_ml_pipeline.py                           1           0  0.63s           2026-01-05T21:47:28
================================================================================
[2026-01-05T21:48:11.946+0000] {manager.py:879} INFO - 
================================================================================
DAG File Processing Stats

File Path                                  PID    Runtime      # DAGs    # Errors  Last Runtime    Last Run
-----------------------------------------  -----  ---------  --------  ----------  --------------  -------------------
/opt/airflow/dags/diabetes_ml_pipeline.py                           1           0  0.58s           2026-01-05T21:47:59
================================================================================
[2026-01-05T21:48:42.037+0000] {manager.py:879} INFO - 
================================================================================
DAG File Processing Stats

File Path                                  PID    Runtime      # DAGs    # Errors  Last Runtime    Last Run
-----------------------------------------  -----  ---------  --------  ----------  --------------  -------------------
/opt/airflow/dags/diabetes_ml_pipeline.py                           1           0  0.66s           2026-01-05T21:48:30
================================================================================
[2026-01-05T21:49:12.135+0000] {manager.py:879} INFO - 
================================================================================
DAG File Processing Stats

File Path                                  PID    Runtime      # DAGs    # Errors  Last Runtime    Last Run
-----------------------------------------  -----  ---------  --------  ----------  --------------  -------------------
/opt/airflow/dags/diabetes_ml_pipeline.py                           1           0  0.77s           2026-01-05T21:49:02
================================================================================
[2026-01-05T21:49:42.100+0000] {manager.py:879} INFO - 
================================================================================
DAG File Processing Stats

File Path                                  PID    Runtime      # DAGs    # Errors  Last Runtime    Last Run
-----------------------------------------  -----  ---------  --------  ----------  --------------  -------------------
/opt/airflow/dags/diabetes_ml_pipeline.py                           1           0  0.81s           2026-01-05T21:49:32
================================================================================
[2026-01-05T21:50:12.215+0000] {manager.py:879} INFO - 
================================================================================
DAG File Processing Stats

File Path                                  PID    Runtime      # DAGs    # Errors  Last Runtime    Last Run
-----------------------------------------  -----  ---------  --------  ----------  --------------  -------------------
/opt/airflow/dags/diabetes_ml_pipeline.py                           1           0  0.65s           2026-01-05T21:50:04
================================================================================
[2026-01-05T21:50:42.490+0000] {manager.py:879} INFO - 
================================================================================
DAG File Processing Stats

File Path                                  PID    Runtime      # DAGs    # Errors  Last Runtime    Last Run
-----------------------------------------  -----  ---------  --------  ----------  --------------  -------------------
/opt/airflow/dags/diabetes_ml_pipeline.py                           1           0  0.84s           2026-01-05T21:50:34
================================================================================
[2026-01-05T21:51:13.254+0000] {manager.py:879} INFO - 
================================================================================
DAG File Processing Stats

File Path                                  PID    Runtime      # DAGs    # Errors  Last Runtime    Last Run
-----------------------------------------  -----  ---------  --------  ----------  --------------  -------------------
/opt/airflow/dags/diabetes_ml_pipeline.py                           1           0  1.14s           2026-01-05T21:51:06
================================================================================
[2026-01-05T21:51:43.547+0000] {manager.py:879} INFO - 
================================================================================
DAG File Processing Stats

File Path                                  PID    Runtime      # DAGs    # Errors  Last Runtime    Last Run
-----------------------------------------  -----  ---------  --------  ----------  --------------  -------------------
/opt/airflow/dags/diabetes_ml_pipeline.py                           1           0  0.71s           2026-01-05T21:51:37
================================================================================
[2026-01-05T21:52:07.878+0000] {manager.py:738} INFO - Searching for files in /opt/airflow/dags
[2026-01-05T21:52:07.931+0000] {manager.py:741} INFO - There are 1 files in /opt/airflow/dags
[2026-01-05T21:52:13.537+0000] {manager.py:879} INFO - 
================================================================================
DAG File Processing Stats

File Path                                  PID    Runtime      # DAGs    # Errors  Last Runtime    Last Run
-----------------------------------------  -----  ---------  --------  ----------  --------------  -------------------
/opt/airflow/dags/diabetes_ml_pipeline.py                           1           0  0.51s           2026-01-05T21:52:08
================================================================================
[2026-01-05T21:52:43.905+0000] {manager.py:879} INFO - 
================================================================================
DAG File Processing Stats

File Path                                  PID    Runtime      # DAGs    # Errors  Last Runtime    Last Run
-----------------------------------------  -----  ---------  --------  ----------  --------------  -------------------
/opt/airflow/dags/diabetes_ml_pipeline.py                           1           0  0.46s           2026-01-05T21:52:38
================================================================================
[2026-01-05T21:53:14.385+0000] {manager.py:879} INFO - 
================================================================================
DAG File Processing Stats

File Path                                  PID    Runtime      # DAGs    # Errors  Last Runtime    Last Run
-----------------------------------------  -----  ---------  --------  ----------  --------------  -------------------
/opt/airflow/dags/diabetes_ml_pipeline.py                           1           0  0.51s           2026-01-05T21:53:09
================================================================================
[2026-01-05T21:53:45.265+0000] {manager.py:879} INFO - 
================================================================================
DAG File Processing Stats

File Path                                  PID    Runtime      # DAGs    # Errors  Last Runtime    Last Run
-----------------------------------------  -----  ---------  --------  ----------  --------------  -------------------
/opt/airflow/dags/diabetes_ml_pipeline.py                           1           0  0.43s           2026-01-05T21:53:40
================================================================================
[2026-01-05T21:54:15.749+0000] {manager.py:879} INFO - 
================================================================================
DAG File Processing Stats

File Path                                  PID    Runtime      # DAGs    # Errors  Last Runtime    Last Run
-----------------------------------------  -----  ---------  --------  ----------  --------------  -------------------
/opt/airflow/dags/diabetes_ml_pipeline.py                           1           0  0.45s           2026-01-05T21:54:11
================================================================================
[2026-01-05T21:54:46.362+0000] {manager.py:879} INFO - 
================================================================================
DAG File Processing Stats

File Path                                  PID    Runtime      # DAGs    # Errors  Last Runtime    Last Run
-----------------------------------------  -----  ---------  --------  ----------  --------------  -------------------
/opt/airflow/dags/diabetes_ml_pipeline.py                           1           0  1.24s           2026-01-05T21:54:43
================================================================================
[2026-01-05T21:55:16.851+0000] {manager.py:879} INFO - 
================================================================================
DAG File Processing Stats

File Path                                  PID    Runtime      # DAGs    # Errors  Last Runtime    Last Run
-----------------------------------------  -----  ---------  --------  ----------  --------------  -------------------
/opt/airflow/dags/diabetes_ml_pipeline.py                           1           0  0.49s           2026-01-05T21:55:14
================================================================================
[2026-01-05T21:55:47.615+0000] {manager.py:879} INFO - 
================================================================================
DAG File Processing Stats

File Path                                  PID    Runtime      # DAGs    # Errors  Last Runtime    Last Run
-----------------------------------------  -----  ---------  --------  ----------  --------------  -------------------
/opt/airflow/dags/diabetes_ml_pipeline.py                           1           0  0.46s           2026-01-05T21:55:44
================================================================================
[2026-01-05T21:56:18.046+0000] {manager.py:879} INFO - 
================================================================================
DAG File Processing Stats

File Path                                  PID    Runtime      # DAGs    # Errors  Last Runtime    Last Run
-----------------------------------------  -----  ---------  --------  ----------  --------------  -------------------
/opt/airflow/dags/diabetes_ml_pipeline.py                           1           0  0.54s           2026-01-05T21:56:15
================================================================================
[2026-01-05T21:56:48.407+0000] {manager.py:879} INFO - 
================================================================================
DAG File Processing Stats

File Path                                  PID    Runtime      # DAGs    # Errors  Last Runtime    Last Run
-----------------------------------------  -----  ---------  --------  ----------  --------------  -------------------
/opt/airflow/dags/diabetes_ml_pipeline.py                           1           0  0.59s           2026-01-05T21:56:46
================================================================================
[2026-01-05T21:57:08.648+0000] {manager.py:738} INFO - Searching for files in /opt/airflow/dags
[2026-01-05T21:57:08.776+0000] {manager.py:741} INFO - There are 1 files in /opt/airflow/dags
[2026-01-05T21:57:18.476+0000] {manager.py:879} INFO - 
================================================================================
DAG File Processing Stats

File Path                                  PID    Runtime      # DAGs    # Errors  Last Runtime    Last Run
-----------------------------------------  -----  ---------  --------  ----------  --------------  -------------------
/opt/airflow/dags/diabetes_ml_pipeline.py                           1           0  0.48s           2026-01-05T21:57:17
================================================================================
[2026-01-05T21:57:49.306+0000] {manager.py:879} INFO - 
================================================================================
DAG File Processing Stats

File Path                                  PID    Runtime      # DAGs    # Errors  Last Runtime    Last Run
-----------------------------------------  -----  ---------  --------  ----------  --------------  -------------------
/opt/airflow/dags/diabetes_ml_pipeline.py                           1           0  0.51s           2026-01-05T21:57:48
================================================================================
[2026-01-05T21:58:19.689+0000] {manager.py:879} INFO - 
================================================================================
DAG File Processing Stats

File Path                                  PID    Runtime      # DAGs    # Errors  Last Runtime    Last Run
-----------------------------------------  -----  ---------  --------  ----------  --------------  -------------------
/opt/airflow/dags/diabetes_ml_pipeline.py                           1           0  0.60s           2026-01-05T21:58:19
================================================================================
[2026-01-05T21:58:49.916+0000] {manager.py:879} INFO - 
================================================================================
DAG File Processing Stats

File Path                                    PID  Runtime      # DAGs    # Errors  Last Runtime    Last Run
-----------------------------------------  -----  ---------  --------  ----------  --------------  -------------------
/opt/airflow/dags/diabetes_ml_pipeline.py   4723  0.39s             1           0  0.60s           2026-01-05T21:58:19
================================================================================
[2026-01-05T21:59:20.148+0000] {manager.py:879} INFO - 
================================================================================
DAG File Processing Stats

File Path                                    PID  Runtime      # DAGs    # Errors  Last Runtime    Last Run
-----------------------------------------  -----  ---------  --------  ----------  --------------  -------------------
/opt/airflow/dags/diabetes_ml_pipeline.py   4735  0.01s             1           0  0.45s           2026-01-05T21:58:49
================================================================================
[2026-01-05T22:01:19.683+0000] {manager.py:879} INFO - 
================================================================================
DAG File Processing Stats

File Path                                  PID    Runtime      # DAGs    # Errors  Last Runtime    Last Run
-----------------------------------------  -----  ---------  --------  ----------  --------------  -------------------
/opt/airflow/dags/diabetes_ml_pipeline.py                           1           0  0.74s           2026-01-05T22:01:00
================================================================================
[2026-01-05T22:01:50.006+0000] {manager.py:879} INFO - 
================================================================================
DAG File Processing Stats

File Path                                  PID    Runtime      # DAGs    # Errors  Last Runtime    Last Run
-----------------------------------------  -----  ---------  --------  ----------  --------------  -------------------
/opt/airflow/dags/diabetes_ml_pipeline.py                           1           0  0.64s           2026-01-05T22:01:31
================================================================================
[2026-01-05T22:02:08.899+0000] {manager.py:738} INFO - Searching for files in /opt/airflow/dags
[2026-01-05T22:02:09.035+0000] {manager.py:741} INFO - There are 1 files in /opt/airflow/dags
[2026-01-05T22:02:20.238+0000] {manager.py:879} INFO - 
================================================================================
DAG File Processing Stats

File Path                                  PID    Runtime      # DAGs    # Errors  Last Runtime    Last Run
-----------------------------------------  -----  ---------  --------  ----------  --------------  -------------------
/opt/airflow/dags/diabetes_ml_pipeline.py                           1           0  0.52s           2026-01-05T22:02:01
================================================================================
[2026-01-05T22:02:50.667+0000] {manager.py:879} INFO - 
================================================================================
DAG File Processing Stats

File Path                                  PID    Runtime      # DAGs    # Errors  Last Runtime    Last Run
-----------------------------------------  -----  ---------  --------  ----------  --------------  -------------------
/opt/airflow/dags/diabetes_ml_pipeline.py                           1           0  0.57s           2026-01-05T22:02:32
================================================================================
[2026-01-05T22:03:17.689+0000] {manager.py:451} INFO - Exiting gracefully upon receiving signal 15
