[2026-01-05T19:47:13.924+0000] {processor.py:161} INFO - Started process (PID=184) to work on /opt/airflow/dags/diabetes_ml_pipeline.py
[2026-01-05T19:47:13.937+0000] {processor.py:830} INFO - Processing file /opt/airflow/dags/diabetes_ml_pipeline.py for tasks to queue
[2026-01-05T19:47:13.939+0000] {logging_mixin.py:188} INFO - [2026-01-05T19:47:13.938+0000] {dagbag.py:538} INFO - Filling up the DagBag from /opt/airflow/dags/diabetes_ml_pipeline.py
[2026-01-05T19:47:15.731+0000] {logging_mixin.py:188} WARNING - /home/airflow/.local/lib/python3.11/site-packages/airflow/models/baseoperator.py:437 RemovedInAirflow3Warning: provide_context is deprecated as of 2.0 and is no longer required
[2026-01-05T19:47:15.750+0000] {processor.py:840} INFO - DAG(s) 'diabetes_ml_pipeline' retrieved from /opt/airflow/dags/diabetes_ml_pipeline.py
[2026-01-05T19:47:16.069+0000] {logging_mixin.py:188} INFO - [2026-01-05T19:47:16.068+0000] {override.py:1769} INFO - Created Permission View: can edit on DAG:diabetes_ml_pipeline
[2026-01-05T19:47:16.086+0000] {logging_mixin.py:188} INFO - [2026-01-05T19:47:16.086+0000] {override.py:1769} INFO - Created Permission View: can read on DAG:diabetes_ml_pipeline
[2026-01-05T19:47:16.100+0000] {logging_mixin.py:188} INFO - [2026-01-05T19:47:16.099+0000] {override.py:1769} INFO - Created Permission View: can delete on DAG:diabetes_ml_pipeline
[2026-01-05T19:47:16.103+0000] {logging_mixin.py:188} INFO - [2026-01-05T19:47:16.101+0000] {dag.py:3036} INFO - Sync 1 DAGs
[2026-01-05T19:47:16.123+0000] {logging_mixin.py:188} INFO - [2026-01-05T19:47:16.123+0000] {dag.py:3058} INFO - Creating ORM DAG for diabetes_ml_pipeline
[2026-01-05T19:47:16.148+0000] {logging_mixin.py:188} INFO - [2026-01-05T19:47:16.148+0000] {dag.py:3823} INFO - Setting next_dagrun for diabetes_ml_pipeline to 2026-01-05 02:00:00+00:00, run_after=2026-01-06 02:00:00+00:00
[2026-01-05T19:47:16.192+0000] {processor.py:183} INFO - Processing /opt/airflow/dags/diabetes_ml_pipeline.py took 2.276 seconds
[2026-01-05T19:47:46.497+0000] {processor.py:161} INFO - Started process (PID=190) to work on /opt/airflow/dags/diabetes_ml_pipeline.py
[2026-01-05T19:47:46.499+0000] {processor.py:830} INFO - Processing file /opt/airflow/dags/diabetes_ml_pipeline.py for tasks to queue
[2026-01-05T19:47:46.501+0000] {logging_mixin.py:188} INFO - [2026-01-05T19:47:46.500+0000] {dagbag.py:538} INFO - Filling up the DagBag from /opt/airflow/dags/diabetes_ml_pipeline.py
[2026-01-05T19:47:47.087+0000] {logging_mixin.py:188} WARNING - /home/airflow/.local/lib/python3.11/site-packages/airflow/models/baseoperator.py:437 RemovedInAirflow3Warning: provide_context is deprecated as of 2.0 and is no longer required
[2026-01-05T19:47:47.094+0000] {processor.py:840} INFO - DAG(s) 'diabetes_ml_pipeline' retrieved from /opt/airflow/dags/diabetes_ml_pipeline.py
[2026-01-05T19:47:47.140+0000] {logging_mixin.py:188} INFO - [2026-01-05T19:47:47.140+0000] {dag.py:3036} INFO - Sync 1 DAGs
[2026-01-05T19:47:47.177+0000] {logging_mixin.py:188} INFO - [2026-01-05T19:47:47.176+0000] {dag.py:3823} INFO - Setting next_dagrun for diabetes_ml_pipeline to 2026-01-05 02:00:00+00:00, run_after=2026-01-06 02:00:00+00:00
[2026-01-05T19:47:47.214+0000] {processor.py:183} INFO - Processing /opt/airflow/dags/diabetes_ml_pipeline.py took 0.729 seconds
[2026-01-05T19:48:17.742+0000] {processor.py:161} INFO - Started process (PID=202) to work on /opt/airflow/dags/diabetes_ml_pipeline.py
[2026-01-05T19:48:17.744+0000] {processor.py:830} INFO - Processing file /opt/airflow/dags/diabetes_ml_pipeline.py for tasks to queue
[2026-01-05T19:48:17.749+0000] {logging_mixin.py:188} INFO - [2026-01-05T19:48:17.749+0000] {dagbag.py:538} INFO - Filling up the DagBag from /opt/airflow/dags/diabetes_ml_pipeline.py
[2026-01-05T19:48:18.088+0000] {logging_mixin.py:188} WARNING - /home/airflow/.local/lib/python3.11/site-packages/airflow/models/baseoperator.py:437 RemovedInAirflow3Warning: provide_context is deprecated as of 2.0 and is no longer required
[2026-01-05T19:48:18.094+0000] {processor.py:840} INFO - DAG(s) 'diabetes_ml_pipeline' retrieved from /opt/airflow/dags/diabetes_ml_pipeline.py
[2026-01-05T19:48:18.139+0000] {logging_mixin.py:188} INFO - [2026-01-05T19:48:18.139+0000] {dag.py:3036} INFO - Sync 1 DAGs
[2026-01-05T19:48:18.164+0000] {logging_mixin.py:188} INFO - [2026-01-05T19:48:18.164+0000] {dag.py:3823} INFO - Setting next_dagrun for diabetes_ml_pipeline to 2026-01-05 02:00:00+00:00, run_after=2026-01-06 02:00:00+00:00
[2026-01-05T19:48:18.194+0000] {processor.py:183} INFO - Processing /opt/airflow/dags/diabetes_ml_pipeline.py took 0.456 seconds
[2026-01-05T19:48:48.800+0000] {processor.py:161} INFO - Started process (PID=214) to work on /opt/airflow/dags/diabetes_ml_pipeline.py
[2026-01-05T19:48:48.805+0000] {processor.py:830} INFO - Processing file /opt/airflow/dags/diabetes_ml_pipeline.py for tasks to queue
[2026-01-05T19:48:48.810+0000] {logging_mixin.py:188} INFO - [2026-01-05T19:48:48.809+0000] {dagbag.py:538} INFO - Filling up the DagBag from /opt/airflow/dags/diabetes_ml_pipeline.py
[2026-01-05T19:48:49.259+0000] {logging_mixin.py:188} WARNING - /home/airflow/.local/lib/python3.11/site-packages/airflow/models/baseoperator.py:437 RemovedInAirflow3Warning: provide_context is deprecated as of 2.0 and is no longer required
[2026-01-05T19:48:49.264+0000] {processor.py:840} INFO - DAG(s) 'diabetes_ml_pipeline' retrieved from /opt/airflow/dags/diabetes_ml_pipeline.py
[2026-01-05T19:48:49.295+0000] {logging_mixin.py:188} INFO - [2026-01-05T19:48:49.295+0000] {dag.py:3036} INFO - Sync 1 DAGs
[2026-01-05T19:48:49.319+0000] {logging_mixin.py:188} INFO - [2026-01-05T19:48:49.319+0000] {dag.py:3823} INFO - Setting next_dagrun for diabetes_ml_pipeline to 2026-01-05 02:00:00+00:00, run_after=2026-01-06 02:00:00+00:00
[2026-01-05T19:48:49.352+0000] {processor.py:183} INFO - Processing /opt/airflow/dags/diabetes_ml_pipeline.py took 0.571 seconds
[2026-01-05T19:49:19.961+0000] {processor.py:161} INFO - Started process (PID=226) to work on /opt/airflow/dags/diabetes_ml_pipeline.py
[2026-01-05T19:49:19.962+0000] {processor.py:830} INFO - Processing file /opt/airflow/dags/diabetes_ml_pipeline.py for tasks to queue
[2026-01-05T19:49:19.964+0000] {logging_mixin.py:188} INFO - [2026-01-05T19:49:19.963+0000] {dagbag.py:538} INFO - Filling up the DagBag from /opt/airflow/dags/diabetes_ml_pipeline.py
[2026-01-05T19:49:20.280+0000] {logging_mixin.py:188} WARNING - /home/airflow/.local/lib/python3.11/site-packages/airflow/models/baseoperator.py:437 RemovedInAirflow3Warning: provide_context is deprecated as of 2.0 and is no longer required
[2026-01-05T19:49:20.287+0000] {processor.py:840} INFO - DAG(s) 'diabetes_ml_pipeline' retrieved from /opt/airflow/dags/diabetes_ml_pipeline.py
[2026-01-05T19:49:20.336+0000] {logging_mixin.py:188} INFO - [2026-01-05T19:49:20.335+0000] {dag.py:3036} INFO - Sync 1 DAGs
[2026-01-05T19:49:20.363+0000] {logging_mixin.py:188} INFO - [2026-01-05T19:49:20.363+0000] {dag.py:3823} INFO - Setting next_dagrun for diabetes_ml_pipeline to 2026-01-05 02:00:00+00:00, run_after=2026-01-06 02:00:00+00:00
[2026-01-05T19:49:20.384+0000] {processor.py:183} INFO - Processing /opt/airflow/dags/diabetes_ml_pipeline.py took 0.426 seconds
[2026-01-05T19:49:50.758+0000] {processor.py:161} INFO - Started process (PID=244) to work on /opt/airflow/dags/diabetes_ml_pipeline.py
[2026-01-05T19:49:50.759+0000] {processor.py:830} INFO - Processing file /opt/airflow/dags/diabetes_ml_pipeline.py for tasks to queue
[2026-01-05T19:49:50.761+0000] {logging_mixin.py:188} INFO - [2026-01-05T19:49:50.760+0000] {dagbag.py:538} INFO - Filling up the DagBag from /opt/airflow/dags/diabetes_ml_pipeline.py
[2026-01-05T19:49:51.165+0000] {logging_mixin.py:188} WARNING - /home/airflow/.local/lib/python3.11/site-packages/airflow/models/baseoperator.py:437 RemovedInAirflow3Warning: provide_context is deprecated as of 2.0 and is no longer required
[2026-01-05T19:49:51.170+0000] {processor.py:840} INFO - DAG(s) 'diabetes_ml_pipeline' retrieved from /opt/airflow/dags/diabetes_ml_pipeline.py
[2026-01-05T19:49:51.182+0000] {logging_mixin.py:188} INFO - [2026-01-05T19:49:51.181+0000] {dag.py:3036} INFO - Sync 1 DAGs
[2026-01-05T19:49:51.203+0000] {logging_mixin.py:188} INFO - [2026-01-05T19:49:51.203+0000] {dag.py:3823} INFO - Setting next_dagrun for diabetes_ml_pipeline to 2026-01-05 02:00:00+00:00, run_after=2026-01-06 02:00:00+00:00
[2026-01-05T19:49:51.223+0000] {processor.py:183} INFO - Processing /opt/airflow/dags/diabetes_ml_pipeline.py took 0.468 seconds
[2026-01-05T19:50:21.506+0000] {processor.py:161} INFO - Started process (PID=256) to work on /opt/airflow/dags/diabetes_ml_pipeline.py
[2026-01-05T19:50:21.513+0000] {processor.py:830} INFO - Processing file /opt/airflow/dags/diabetes_ml_pipeline.py for tasks to queue
[2026-01-05T19:50:21.518+0000] {logging_mixin.py:188} INFO - [2026-01-05T19:50:21.516+0000] {dagbag.py:538} INFO - Filling up the DagBag from /opt/airflow/dags/diabetes_ml_pipeline.py
[2026-01-05T19:50:21.906+0000] {logging_mixin.py:188} WARNING - /home/airflow/.local/lib/python3.11/site-packages/airflow/models/baseoperator.py:437 RemovedInAirflow3Warning: provide_context is deprecated as of 2.0 and is no longer required
[2026-01-05T19:50:21.913+0000] {processor.py:840} INFO - DAG(s) 'diabetes_ml_pipeline' retrieved from /opt/airflow/dags/diabetes_ml_pipeline.py
[2026-01-05T19:50:22.023+0000] {logging_mixin.py:188} INFO - [2026-01-05T19:50:22.023+0000] {dag.py:3036} INFO - Sync 1 DAGs
[2026-01-05T19:50:22.041+0000] {logging_mixin.py:188} INFO - [2026-01-05T19:50:22.041+0000] {dag.py:3823} INFO - Setting next_dagrun for diabetes_ml_pipeline to 2026-01-05 02:00:00+00:00, run_after=2026-01-06 02:00:00+00:00
[2026-01-05T19:50:22.064+0000] {processor.py:183} INFO - Processing /opt/airflow/dags/diabetes_ml_pipeline.py took 0.574 seconds
[2026-01-05T19:50:52.440+0000] {processor.py:161} INFO - Started process (PID=269) to work on /opt/airflow/dags/diabetes_ml_pipeline.py
[2026-01-05T19:50:52.445+0000] {processor.py:830} INFO - Processing file /opt/airflow/dags/diabetes_ml_pipeline.py for tasks to queue
[2026-01-05T19:50:52.448+0000] {logging_mixin.py:188} INFO - [2026-01-05T19:50:52.447+0000] {dagbag.py:538} INFO - Filling up the DagBag from /opt/airflow/dags/diabetes_ml_pipeline.py
[2026-01-05T19:50:52.832+0000] {logging_mixin.py:188} WARNING - /home/airflow/.local/lib/python3.11/site-packages/airflow/models/baseoperator.py:437 RemovedInAirflow3Warning: provide_context is deprecated as of 2.0 and is no longer required
[2026-01-05T19:50:52.844+0000] {processor.py:840} INFO - DAG(s) 'diabetes_ml_pipeline' retrieved from /opt/airflow/dags/diabetes_ml_pipeline.py
[2026-01-05T19:50:52.879+0000] {logging_mixin.py:188} INFO - [2026-01-05T19:50:52.879+0000] {dag.py:3036} INFO - Sync 1 DAGs
[2026-01-05T19:50:52.901+0000] {logging_mixin.py:188} INFO - [2026-01-05T19:50:52.901+0000] {dag.py:3823} INFO - Setting next_dagrun for diabetes_ml_pipeline to 2026-01-05 02:00:00+00:00, run_after=2026-01-06 02:00:00+00:00
[2026-01-05T19:50:52.948+0000] {processor.py:183} INFO - Processing /opt/airflow/dags/diabetes_ml_pipeline.py took 0.534 seconds
[2026-01-05T19:51:23.292+0000] {processor.py:161} INFO - Started process (PID=281) to work on /opt/airflow/dags/diabetes_ml_pipeline.py
[2026-01-05T19:51:23.296+0000] {processor.py:830} INFO - Processing file /opt/airflow/dags/diabetes_ml_pipeline.py for tasks to queue
[2026-01-05T19:51:23.300+0000] {logging_mixin.py:188} INFO - [2026-01-05T19:51:23.299+0000] {dagbag.py:538} INFO - Filling up the DagBag from /opt/airflow/dags/diabetes_ml_pipeline.py
[2026-01-05T19:51:23.722+0000] {logging_mixin.py:188} WARNING - /home/airflow/.local/lib/python3.11/site-packages/airflow/models/baseoperator.py:437 RemovedInAirflow3Warning: provide_context is deprecated as of 2.0 and is no longer required
[2026-01-05T19:51:23.728+0000] {processor.py:840} INFO - DAG(s) 'diabetes_ml_pipeline' retrieved from /opt/airflow/dags/diabetes_ml_pipeline.py
[2026-01-05T19:51:23.764+0000] {logging_mixin.py:188} INFO - [2026-01-05T19:51:23.764+0000] {dag.py:3036} INFO - Sync 1 DAGs
[2026-01-05T19:51:23.791+0000] {logging_mixin.py:188} INFO - [2026-01-05T19:51:23.791+0000] {dag.py:3823} INFO - Setting next_dagrun for diabetes_ml_pipeline to 2026-01-05 02:00:00+00:00, run_after=2026-01-06 02:00:00+00:00
[2026-01-05T19:51:23.849+0000] {processor.py:183} INFO - Processing /opt/airflow/dags/diabetes_ml_pipeline.py took 0.568 seconds
[2026-01-05T19:51:54.024+0000] {processor.py:161} INFO - Started process (PID=296) to work on /opt/airflow/dags/diabetes_ml_pipeline.py
[2026-01-05T19:51:54.026+0000] {processor.py:830} INFO - Processing file /opt/airflow/dags/diabetes_ml_pipeline.py for tasks to queue
[2026-01-05T19:51:54.027+0000] {logging_mixin.py:188} INFO - [2026-01-05T19:51:54.027+0000] {dagbag.py:538} INFO - Filling up the DagBag from /opt/airflow/dags/diabetes_ml_pipeline.py
[2026-01-05T19:51:54.357+0000] {logging_mixin.py:188} WARNING - /home/airflow/.local/lib/python3.11/site-packages/airflow/models/baseoperator.py:437 RemovedInAirflow3Warning: provide_context is deprecated as of 2.0 and is no longer required
[2026-01-05T19:51:54.362+0000] {processor.py:840} INFO - DAG(s) 'diabetes_ml_pipeline' retrieved from /opt/airflow/dags/diabetes_ml_pipeline.py
[2026-01-05T19:51:54.397+0000] {logging_mixin.py:188} INFO - [2026-01-05T19:51:54.397+0000] {dag.py:3036} INFO - Sync 1 DAGs
[2026-01-05T19:51:54.419+0000] {logging_mixin.py:188} INFO - [2026-01-05T19:51:54.418+0000] {dag.py:3823} INFO - Setting next_dagrun for diabetes_ml_pipeline to 2026-01-05 02:00:00+00:00, run_after=2026-01-06 02:00:00+00:00
[2026-01-05T19:51:54.440+0000] {processor.py:183} INFO - Processing /opt/airflow/dags/diabetes_ml_pipeline.py took 0.419 seconds
[2026-01-05T19:52:25.160+0000] {processor.py:161} INFO - Started process (PID=308) to work on /opt/airflow/dags/diabetes_ml_pipeline.py
[2026-01-05T19:52:25.162+0000] {processor.py:830} INFO - Processing file /opt/airflow/dags/diabetes_ml_pipeline.py for tasks to queue
[2026-01-05T19:52:25.163+0000] {logging_mixin.py:188} INFO - [2026-01-05T19:52:25.162+0000] {dagbag.py:538} INFO - Filling up the DagBag from /opt/airflow/dags/diabetes_ml_pipeline.py
[2026-01-05T19:52:25.540+0000] {logging_mixin.py:188} WARNING - /home/airflow/.local/lib/python3.11/site-packages/airflow/models/baseoperator.py:437 RemovedInAirflow3Warning: provide_context is deprecated as of 2.0 and is no longer required
[2026-01-05T19:52:25.546+0000] {processor.py:840} INFO - DAG(s) 'diabetes_ml_pipeline' retrieved from /opt/airflow/dags/diabetes_ml_pipeline.py
[2026-01-05T19:52:25.582+0000] {logging_mixin.py:188} INFO - [2026-01-05T19:52:25.581+0000] {dag.py:3036} INFO - Sync 1 DAGs
[2026-01-05T19:52:25.603+0000] {logging_mixin.py:188} INFO - [2026-01-05T19:52:25.603+0000] {dag.py:3823} INFO - Setting next_dagrun for diabetes_ml_pipeline to 2026-01-05 02:00:00+00:00, run_after=2026-01-06 02:00:00+00:00
[2026-01-05T19:52:25.625+0000] {processor.py:183} INFO - Processing /opt/airflow/dags/diabetes_ml_pipeline.py took 0.469 seconds
[2026-01-05T19:52:56.419+0000] {processor.py:161} INFO - Started process (PID=320) to work on /opt/airflow/dags/diabetes_ml_pipeline.py
[2026-01-05T19:52:56.422+0000] {processor.py:830} INFO - Processing file /opt/airflow/dags/diabetes_ml_pipeline.py for tasks to queue
[2026-01-05T19:52:56.424+0000] {logging_mixin.py:188} INFO - [2026-01-05T19:52:56.424+0000] {dagbag.py:538} INFO - Filling up the DagBag from /opt/airflow/dags/diabetes_ml_pipeline.py
[2026-01-05T19:52:56.795+0000] {logging_mixin.py:188} WARNING - /home/airflow/.local/lib/python3.11/site-packages/airflow/models/baseoperator.py:437 RemovedInAirflow3Warning: provide_context is deprecated as of 2.0 and is no longer required
[2026-01-05T19:52:56.800+0000] {processor.py:840} INFO - DAG(s) 'diabetes_ml_pipeline' retrieved from /opt/airflow/dags/diabetes_ml_pipeline.py
[2026-01-05T19:52:56.857+0000] {logging_mixin.py:188} INFO - [2026-01-05T19:52:56.856+0000] {dag.py:3036} INFO - Sync 1 DAGs
[2026-01-05T19:52:56.880+0000] {logging_mixin.py:188} INFO - [2026-01-05T19:52:56.880+0000] {dag.py:3823} INFO - Setting next_dagrun for diabetes_ml_pipeline to 2026-01-05 02:00:00+00:00, run_after=2026-01-06 02:00:00+00:00
[2026-01-05T19:52:56.903+0000] {processor.py:183} INFO - Processing /opt/airflow/dags/diabetes_ml_pipeline.py took 0.489 seconds
[2026-01-05T19:53:27.336+0000] {processor.py:161} INFO - Started process (PID=332) to work on /opt/airflow/dags/diabetes_ml_pipeline.py
[2026-01-05T19:53:27.340+0000] {processor.py:830} INFO - Processing file /opt/airflow/dags/diabetes_ml_pipeline.py for tasks to queue
[2026-01-05T19:53:27.344+0000] {logging_mixin.py:188} INFO - [2026-01-05T19:53:27.343+0000] {dagbag.py:538} INFO - Filling up the DagBag from /opt/airflow/dags/diabetes_ml_pipeline.py
[2026-01-05T19:53:27.774+0000] {logging_mixin.py:188} WARNING - /home/airflow/.local/lib/python3.11/site-packages/airflow/models/baseoperator.py:437 RemovedInAirflow3Warning: provide_context is deprecated as of 2.0 and is no longer required
[2026-01-05T19:53:27.779+0000] {processor.py:840} INFO - DAG(s) 'diabetes_ml_pipeline' retrieved from /opt/airflow/dags/diabetes_ml_pipeline.py
[2026-01-05T19:53:27.813+0000] {logging_mixin.py:188} INFO - [2026-01-05T19:53:27.812+0000] {dag.py:3036} INFO - Sync 1 DAGs
[2026-01-05T19:53:27.847+0000] {logging_mixin.py:188} INFO - [2026-01-05T19:53:27.847+0000] {dag.py:3823} INFO - Setting next_dagrun for diabetes_ml_pipeline to 2026-01-05 02:00:00+00:00, run_after=2026-01-06 02:00:00+00:00
[2026-01-05T19:53:27.879+0000] {processor.py:183} INFO - Processing /opt/airflow/dags/diabetes_ml_pipeline.py took 0.550 seconds
[2026-01-05T19:53:58.134+0000] {processor.py:161} INFO - Started process (PID=344) to work on /opt/airflow/dags/diabetes_ml_pipeline.py
[2026-01-05T19:53:58.135+0000] {processor.py:830} INFO - Processing file /opt/airflow/dags/diabetes_ml_pipeline.py for tasks to queue
[2026-01-05T19:53:58.136+0000] {logging_mixin.py:188} INFO - [2026-01-05T19:53:58.136+0000] {dagbag.py:538} INFO - Filling up the DagBag from /opt/airflow/dags/diabetes_ml_pipeline.py
[2026-01-05T19:53:58.468+0000] {logging_mixin.py:188} WARNING - /home/airflow/.local/lib/python3.11/site-packages/airflow/models/baseoperator.py:437 RemovedInAirflow3Warning: provide_context is deprecated as of 2.0 and is no longer required
[2026-01-05T19:53:58.474+0000] {processor.py:840} INFO - DAG(s) 'diabetes_ml_pipeline' retrieved from /opt/airflow/dags/diabetes_ml_pipeline.py
[2026-01-05T19:53:58.507+0000] {logging_mixin.py:188} INFO - [2026-01-05T19:53:58.506+0000] {dag.py:3036} INFO - Sync 1 DAGs
[2026-01-05T19:53:58.529+0000] {logging_mixin.py:188} INFO - [2026-01-05T19:53:58.529+0000] {dag.py:3823} INFO - Setting next_dagrun for diabetes_ml_pipeline to 2026-01-05 02:00:00+00:00, run_after=2026-01-06 02:00:00+00:00
[2026-01-05T19:53:58.556+0000] {processor.py:183} INFO - Processing /opt/airflow/dags/diabetes_ml_pipeline.py took 0.426 seconds
[2026-01-05T19:54:29.097+0000] {processor.py:161} INFO - Started process (PID=356) to work on /opt/airflow/dags/diabetes_ml_pipeline.py
[2026-01-05T19:54:29.103+0000] {processor.py:830} INFO - Processing file /opt/airflow/dags/diabetes_ml_pipeline.py for tasks to queue
[2026-01-05T19:54:29.109+0000] {logging_mixin.py:188} INFO - [2026-01-05T19:54:29.108+0000] {dagbag.py:538} INFO - Filling up the DagBag from /opt/airflow/dags/diabetes_ml_pipeline.py
[2026-01-05T19:54:29.531+0000] {logging_mixin.py:188} WARNING - /home/airflow/.local/lib/python3.11/site-packages/airflow/models/baseoperator.py:437 RemovedInAirflow3Warning: provide_context is deprecated as of 2.0 and is no longer required
[2026-01-05T19:54:29.536+0000] {processor.py:840} INFO - DAG(s) 'diabetes_ml_pipeline' retrieved from /opt/airflow/dags/diabetes_ml_pipeline.py
[2026-01-05T19:54:29.571+0000] {logging_mixin.py:188} INFO - [2026-01-05T19:54:29.571+0000] {dag.py:3036} INFO - Sync 1 DAGs
[2026-01-05T19:54:29.761+0000] {logging_mixin.py:188} INFO - [2026-01-05T19:54:29.760+0000] {dag.py:3823} INFO - Setting next_dagrun for diabetes_ml_pipeline to 2026-01-05 02:00:00+00:00, run_after=2026-01-06 02:00:00+00:00
[2026-01-05T19:54:29.788+0000] {processor.py:183} INFO - Processing /opt/airflow/dags/diabetes_ml_pipeline.py took 0.710 seconds
[2026-01-05T19:55:00.071+0000] {processor.py:161} INFO - Started process (PID=368) to work on /opt/airflow/dags/diabetes_ml_pipeline.py
[2026-01-05T19:55:00.073+0000] {processor.py:830} INFO - Processing file /opt/airflow/dags/diabetes_ml_pipeline.py for tasks to queue
[2026-01-05T19:55:00.075+0000] {logging_mixin.py:188} INFO - [2026-01-05T19:55:00.075+0000] {dagbag.py:538} INFO - Filling up the DagBag from /opt/airflow/dags/diabetes_ml_pipeline.py
[2026-01-05T19:55:00.564+0000] {logging_mixin.py:188} WARNING - /home/airflow/.local/lib/python3.11/site-packages/airflow/models/baseoperator.py:437 RemovedInAirflow3Warning: provide_context is deprecated as of 2.0 and is no longer required
[2026-01-05T19:55:00.572+0000] {processor.py:840} INFO - DAG(s) 'diabetes_ml_pipeline' retrieved from /opt/airflow/dags/diabetes_ml_pipeline.py
[2026-01-05T19:55:00.641+0000] {logging_mixin.py:188} INFO - [2026-01-05T19:55:00.641+0000] {dag.py:3036} INFO - Sync 1 DAGs
[2026-01-05T19:55:00.666+0000] {logging_mixin.py:188} INFO - [2026-01-05T19:55:00.666+0000] {dag.py:3823} INFO - Setting next_dagrun for diabetes_ml_pipeline to 2026-01-05 02:00:00+00:00, run_after=2026-01-06 02:00:00+00:00
[2026-01-05T19:55:00.692+0000] {processor.py:183} INFO - Processing /opt/airflow/dags/diabetes_ml_pipeline.py took 0.625 seconds
[2026-01-05T19:55:31.140+0000] {processor.py:161} INFO - Started process (PID=380) to work on /opt/airflow/dags/diabetes_ml_pipeline.py
[2026-01-05T19:55:31.141+0000] {processor.py:830} INFO - Processing file /opt/airflow/dags/diabetes_ml_pipeline.py for tasks to queue
[2026-01-05T19:55:31.143+0000] {logging_mixin.py:188} INFO - [2026-01-05T19:55:31.142+0000] {dagbag.py:538} INFO - Filling up the DagBag from /opt/airflow/dags/diabetes_ml_pipeline.py
[2026-01-05T19:55:31.499+0000] {logging_mixin.py:188} WARNING - /home/airflow/.local/lib/python3.11/site-packages/airflow/models/baseoperator.py:437 RemovedInAirflow3Warning: provide_context is deprecated as of 2.0 and is no longer required
[2026-01-05T19:55:31.507+0000] {processor.py:840} INFO - DAG(s) 'diabetes_ml_pipeline' retrieved from /opt/airflow/dags/diabetes_ml_pipeline.py
[2026-01-05T19:55:31.544+0000] {logging_mixin.py:188} INFO - [2026-01-05T19:55:31.544+0000] {dag.py:3036} INFO - Sync 1 DAGs
[2026-01-05T19:55:31.722+0000] {logging_mixin.py:188} INFO - [2026-01-05T19:55:31.722+0000] {dag.py:3823} INFO - Setting next_dagrun for diabetes_ml_pipeline to 2026-01-05 02:00:00+00:00, run_after=2026-01-06 02:00:00+00:00
[2026-01-05T19:55:31.744+0000] {processor.py:183} INFO - Processing /opt/airflow/dags/diabetes_ml_pipeline.py took 0.608 seconds
[2026-01-05T19:56:02.303+0000] {processor.py:161} INFO - Started process (PID=392) to work on /opt/airflow/dags/diabetes_ml_pipeline.py
[2026-01-05T19:56:02.305+0000] {processor.py:830} INFO - Processing file /opt/airflow/dags/diabetes_ml_pipeline.py for tasks to queue
[2026-01-05T19:56:02.306+0000] {logging_mixin.py:188} INFO - [2026-01-05T19:56:02.306+0000] {dagbag.py:538} INFO - Filling up the DagBag from /opt/airflow/dags/diabetes_ml_pipeline.py
[2026-01-05T19:56:02.819+0000] {logging_mixin.py:188} WARNING - /home/airflow/.local/lib/python3.11/site-packages/airflow/models/baseoperator.py:437 RemovedInAirflow3Warning: provide_context is deprecated as of 2.0 and is no longer required
[2026-01-05T19:56:02.824+0000] {processor.py:840} INFO - DAG(s) 'diabetes_ml_pipeline' retrieved from /opt/airflow/dags/diabetes_ml_pipeline.py
[2026-01-05T19:56:02.861+0000] {logging_mixin.py:188} INFO - [2026-01-05T19:56:02.861+0000] {dag.py:3036} INFO - Sync 1 DAGs
[2026-01-05T19:56:02.880+0000] {logging_mixin.py:188} INFO - [2026-01-05T19:56:02.880+0000] {dag.py:3823} INFO - Setting next_dagrun for diabetes_ml_pipeline to 2026-01-05 02:00:00+00:00, run_after=2026-01-06 02:00:00+00:00
[2026-01-05T19:56:02.901+0000] {processor.py:183} INFO - Processing /opt/airflow/dags/diabetes_ml_pipeline.py took 0.602 seconds
[2026-01-05T19:56:33.285+0000] {processor.py:161} INFO - Started process (PID=404) to work on /opt/airflow/dags/diabetes_ml_pipeline.py
[2026-01-05T19:56:33.287+0000] {processor.py:830} INFO - Processing file /opt/airflow/dags/diabetes_ml_pipeline.py for tasks to queue
[2026-01-05T19:56:33.288+0000] {logging_mixin.py:188} INFO - [2026-01-05T19:56:33.288+0000] {dagbag.py:538} INFO - Filling up the DagBag from /opt/airflow/dags/diabetes_ml_pipeline.py
[2026-01-05T19:56:33.732+0000] {logging_mixin.py:188} WARNING - /home/airflow/.local/lib/python3.11/site-packages/airflow/models/baseoperator.py:437 RemovedInAirflow3Warning: provide_context is deprecated as of 2.0 and is no longer required
[2026-01-05T19:56:33.737+0000] {processor.py:840} INFO - DAG(s) 'diabetes_ml_pipeline' retrieved from /opt/airflow/dags/diabetes_ml_pipeline.py
[2026-01-05T19:56:33.768+0000] {logging_mixin.py:188} INFO - [2026-01-05T19:56:33.768+0000] {dag.py:3036} INFO - Sync 1 DAGs
[2026-01-05T19:56:33.789+0000] {logging_mixin.py:188} INFO - [2026-01-05T19:56:33.788+0000] {dag.py:3823} INFO - Setting next_dagrun for diabetes_ml_pipeline to 2026-01-05 02:00:00+00:00, run_after=2026-01-06 02:00:00+00:00
[2026-01-05T19:56:33.814+0000] {processor.py:183} INFO - Processing /opt/airflow/dags/diabetes_ml_pipeline.py took 0.533 seconds
[2026-01-05T19:57:03.889+0000] {processor.py:161} INFO - Started process (PID=419) to work on /opt/airflow/dags/diabetes_ml_pipeline.py
[2026-01-05T19:57:03.891+0000] {processor.py:830} INFO - Processing file /opt/airflow/dags/diabetes_ml_pipeline.py for tasks to queue
[2026-01-05T19:57:03.892+0000] {logging_mixin.py:188} INFO - [2026-01-05T19:57:03.892+0000] {dagbag.py:538} INFO - Filling up the DagBag from /opt/airflow/dags/diabetes_ml_pipeline.py
[2026-01-05T19:57:04.443+0000] {logging_mixin.py:188} WARNING - /home/airflow/.local/lib/python3.11/site-packages/airflow/models/baseoperator.py:437 RemovedInAirflow3Warning: provide_context is deprecated as of 2.0 and is no longer required
[2026-01-05T19:57:04.449+0000] {processor.py:840} INFO - DAG(s) 'diabetes_ml_pipeline' retrieved from /opt/airflow/dags/diabetes_ml_pipeline.py
[2026-01-05T19:57:04.475+0000] {logging_mixin.py:188} INFO - [2026-01-05T19:57:04.474+0000] {dag.py:3036} INFO - Sync 1 DAGs
[2026-01-05T19:57:04.497+0000] {logging_mixin.py:188} INFO - [2026-01-05T19:57:04.497+0000] {dag.py:3823} INFO - Setting next_dagrun for diabetes_ml_pipeline to 2026-01-05 02:00:00+00:00, run_after=2026-01-06 02:00:00+00:00
[2026-01-05T19:57:04.521+0000] {processor.py:183} INFO - Processing /opt/airflow/dags/diabetes_ml_pipeline.py took 0.636 seconds
[2026-01-05T19:57:35.075+0000] {processor.py:161} INFO - Started process (PID=431) to work on /opt/airflow/dags/diabetes_ml_pipeline.py
[2026-01-05T19:57:35.078+0000] {processor.py:830} INFO - Processing file /opt/airflow/dags/diabetes_ml_pipeline.py for tasks to queue
[2026-01-05T19:57:35.080+0000] {logging_mixin.py:188} INFO - [2026-01-05T19:57:35.079+0000] {dagbag.py:538} INFO - Filling up the DagBag from /opt/airflow/dags/diabetes_ml_pipeline.py
[2026-01-05T19:57:35.792+0000] {logging_mixin.py:188} WARNING - /home/airflow/.local/lib/python3.11/site-packages/airflow/models/baseoperator.py:437 RemovedInAirflow3Warning: provide_context is deprecated as of 2.0 and is no longer required
[2026-01-05T19:57:35.798+0000] {processor.py:840} INFO - DAG(s) 'diabetes_ml_pipeline' retrieved from /opt/airflow/dags/diabetes_ml_pipeline.py
[2026-01-05T19:57:35.835+0000] {logging_mixin.py:188} INFO - [2026-01-05T19:57:35.835+0000] {dag.py:3036} INFO - Sync 1 DAGs
[2026-01-05T19:57:35.856+0000] {logging_mixin.py:188} INFO - [2026-01-05T19:57:35.856+0000] {dag.py:3823} INFO - Setting next_dagrun for diabetes_ml_pipeline to 2026-01-05 02:00:00+00:00, run_after=2026-01-06 02:00:00+00:00
[2026-01-05T19:57:35.884+0000] {processor.py:183} INFO - Processing /opt/airflow/dags/diabetes_ml_pipeline.py took 0.813 seconds
[2026-01-05T19:58:06.627+0000] {processor.py:161} INFO - Started process (PID=437) to work on /opt/airflow/dags/diabetes_ml_pipeline.py
[2026-01-05T19:58:06.630+0000] {processor.py:830} INFO - Processing file /opt/airflow/dags/diabetes_ml_pipeline.py for tasks to queue
[2026-01-05T19:58:06.633+0000] {logging_mixin.py:188} INFO - [2026-01-05T19:58:06.632+0000] {dagbag.py:538} INFO - Filling up the DagBag from /opt/airflow/dags/diabetes_ml_pipeline.py
[2026-01-05T19:58:07.107+0000] {logging_mixin.py:188} WARNING - /home/airflow/.local/lib/python3.11/site-packages/airflow/models/baseoperator.py:437 RemovedInAirflow3Warning: provide_context is deprecated as of 2.0 and is no longer required
[2026-01-05T19:58:07.112+0000] {processor.py:840} INFO - DAG(s) 'diabetes_ml_pipeline' retrieved from /opt/airflow/dags/diabetes_ml_pipeline.py
[2026-01-05T19:58:07.142+0000] {logging_mixin.py:188} INFO - [2026-01-05T19:58:07.142+0000] {dag.py:3036} INFO - Sync 1 DAGs
[2026-01-05T19:58:07.163+0000] {logging_mixin.py:188} INFO - [2026-01-05T19:58:07.163+0000] {dag.py:3823} INFO - Setting next_dagrun for diabetes_ml_pipeline to 2026-01-05 02:00:00+00:00, run_after=2026-01-06 02:00:00+00:00
[2026-01-05T19:58:07.188+0000] {processor.py:183} INFO - Processing /opt/airflow/dags/diabetes_ml_pipeline.py took 0.565 seconds
[2026-01-05T19:58:37.725+0000] {processor.py:161} INFO - Started process (PID=449) to work on /opt/airflow/dags/diabetes_ml_pipeline.py
[2026-01-05T19:58:37.726+0000] {processor.py:830} INFO - Processing file /opt/airflow/dags/diabetes_ml_pipeline.py for tasks to queue
[2026-01-05T19:58:37.728+0000] {logging_mixin.py:188} INFO - [2026-01-05T19:58:37.727+0000] {dagbag.py:538} INFO - Filling up the DagBag from /opt/airflow/dags/diabetes_ml_pipeline.py
[2026-01-05T19:58:38.167+0000] {logging_mixin.py:188} WARNING - /home/airflow/.local/lib/python3.11/site-packages/airflow/models/baseoperator.py:437 RemovedInAirflow3Warning: provide_context is deprecated as of 2.0 and is no longer required
[2026-01-05T19:58:38.172+0000] {processor.py:840} INFO - DAG(s) 'diabetes_ml_pipeline' retrieved from /opt/airflow/dags/diabetes_ml_pipeline.py
[2026-01-05T19:58:38.200+0000] {logging_mixin.py:188} INFO - [2026-01-05T19:58:38.199+0000] {dag.py:3036} INFO - Sync 1 DAGs
[2026-01-05T19:58:38.217+0000] {logging_mixin.py:188} INFO - [2026-01-05T19:58:38.217+0000] {dag.py:3823} INFO - Setting next_dagrun for diabetes_ml_pipeline to 2026-01-05 02:00:00+00:00, run_after=2026-01-06 02:00:00+00:00
[2026-01-05T19:58:38.239+0000] {processor.py:183} INFO - Processing /opt/airflow/dags/diabetes_ml_pipeline.py took 0.521 seconds
[2026-01-05T19:59:08.691+0000] {processor.py:161} INFO - Started process (PID=461) to work on /opt/airflow/dags/diabetes_ml_pipeline.py
[2026-01-05T19:59:08.692+0000] {processor.py:830} INFO - Processing file /opt/airflow/dags/diabetes_ml_pipeline.py for tasks to queue
[2026-01-05T19:59:08.694+0000] {logging_mixin.py:188} INFO - [2026-01-05T19:59:08.693+0000] {dagbag.py:538} INFO - Filling up the DagBag from /opt/airflow/dags/diabetes_ml_pipeline.py
[2026-01-05T19:59:09.223+0000] {logging_mixin.py:188} WARNING - /home/airflow/.local/lib/python3.11/site-packages/airflow/models/baseoperator.py:437 RemovedInAirflow3Warning: provide_context is deprecated as of 2.0 and is no longer required
[2026-01-05T19:59:09.229+0000] {processor.py:840} INFO - DAG(s) 'diabetes_ml_pipeline' retrieved from /opt/airflow/dags/diabetes_ml_pipeline.py
[2026-01-05T19:59:09.260+0000] {logging_mixin.py:188} INFO - [2026-01-05T19:59:09.259+0000] {dag.py:3036} INFO - Sync 1 DAGs
[2026-01-05T19:59:09.282+0000] {logging_mixin.py:188} INFO - [2026-01-05T19:59:09.281+0000] {dag.py:3823} INFO - Setting next_dagrun for diabetes_ml_pipeline to 2026-01-05 02:00:00+00:00, run_after=2026-01-06 02:00:00+00:00
[2026-01-05T19:59:09.310+0000] {processor.py:183} INFO - Processing /opt/airflow/dags/diabetes_ml_pipeline.py took 0.624 seconds
[2026-01-05T19:59:39.930+0000] {processor.py:161} INFO - Started process (PID=473) to work on /opt/airflow/dags/diabetes_ml_pipeline.py
[2026-01-05T19:59:39.932+0000] {processor.py:830} INFO - Processing file /opt/airflow/dags/diabetes_ml_pipeline.py for tasks to queue
[2026-01-05T19:59:39.933+0000] {logging_mixin.py:188} INFO - [2026-01-05T19:59:39.933+0000] {dagbag.py:538} INFO - Filling up the DagBag from /opt/airflow/dags/diabetes_ml_pipeline.py
[2026-01-05T19:59:40.377+0000] {logging_mixin.py:188} WARNING - /home/airflow/.local/lib/python3.11/site-packages/airflow/models/baseoperator.py:437 RemovedInAirflow3Warning: provide_context is deprecated as of 2.0 and is no longer required
[2026-01-05T19:59:40.381+0000] {processor.py:840} INFO - DAG(s) 'diabetes_ml_pipeline' retrieved from /opt/airflow/dags/diabetes_ml_pipeline.py
[2026-01-05T19:59:40.408+0000] {logging_mixin.py:188} INFO - [2026-01-05T19:59:40.408+0000] {dag.py:3036} INFO - Sync 1 DAGs
[2026-01-05T19:59:40.438+0000] {logging_mixin.py:188} INFO - [2026-01-05T19:59:40.438+0000] {dag.py:3823} INFO - Setting next_dagrun for diabetes_ml_pipeline to 2026-01-05 02:00:00+00:00, run_after=2026-01-06 02:00:00+00:00
[2026-01-05T19:59:40.459+0000] {processor.py:183} INFO - Processing /opt/airflow/dags/diabetes_ml_pipeline.py took 0.532 seconds
[2026-01-05T20:00:10.790+0000] {processor.py:161} INFO - Started process (PID=485) to work on /opt/airflow/dags/diabetes_ml_pipeline.py
[2026-01-05T20:00:10.791+0000] {processor.py:830} INFO - Processing file /opt/airflow/dags/diabetes_ml_pipeline.py for tasks to queue
[2026-01-05T20:00:10.792+0000] {logging_mixin.py:188} INFO - [2026-01-05T20:00:10.792+0000] {dagbag.py:538} INFO - Filling up the DagBag from /opt/airflow/dags/diabetes_ml_pipeline.py
[2026-01-05T20:00:11.252+0000] {logging_mixin.py:188} WARNING - /home/airflow/.local/lib/python3.11/site-packages/airflow/models/baseoperator.py:437 RemovedInAirflow3Warning: provide_context is deprecated as of 2.0 and is no longer required
[2026-01-05T20:00:11.256+0000] {processor.py:840} INFO - DAG(s) 'diabetes_ml_pipeline' retrieved from /opt/airflow/dags/diabetes_ml_pipeline.py
[2026-01-05T20:00:11.284+0000] {logging_mixin.py:188} INFO - [2026-01-05T20:00:11.284+0000] {dag.py:3036} INFO - Sync 1 DAGs
[2026-01-05T20:00:11.307+0000] {logging_mixin.py:188} INFO - [2026-01-05T20:00:11.306+0000] {dag.py:3823} INFO - Setting next_dagrun for diabetes_ml_pipeline to 2026-01-05 02:00:00+00:00, run_after=2026-01-06 02:00:00+00:00
[2026-01-05T20:00:11.336+0000] {processor.py:183} INFO - Processing /opt/airflow/dags/diabetes_ml_pipeline.py took 0.550 seconds
[2026-01-05T20:00:41.541+0000] {processor.py:161} INFO - Started process (PID=497) to work on /opt/airflow/dags/diabetes_ml_pipeline.py
[2026-01-05T20:00:41.547+0000] {processor.py:830} INFO - Processing file /opt/airflow/dags/diabetes_ml_pipeline.py for tasks to queue
[2026-01-05T20:00:41.553+0000] {logging_mixin.py:188} INFO - [2026-01-05T20:00:41.552+0000] {dagbag.py:538} INFO - Filling up the DagBag from /opt/airflow/dags/diabetes_ml_pipeline.py
[2026-01-05T20:00:42.066+0000] {logging_mixin.py:188} WARNING - /home/airflow/.local/lib/python3.11/site-packages/airflow/models/baseoperator.py:437 RemovedInAirflow3Warning: provide_context is deprecated as of 2.0 and is no longer required
[2026-01-05T20:00:42.070+0000] {processor.py:840} INFO - DAG(s) 'diabetes_ml_pipeline' retrieved from /opt/airflow/dags/diabetes_ml_pipeline.py
[2026-01-05T20:00:42.099+0000] {logging_mixin.py:188} INFO - [2026-01-05T20:00:42.098+0000] {dag.py:3036} INFO - Sync 1 DAGs
[2026-01-05T20:00:42.120+0000] {logging_mixin.py:188} INFO - [2026-01-05T20:00:42.119+0000] {dag.py:3823} INFO - Setting next_dagrun for diabetes_ml_pipeline to 2026-01-05 02:00:00+00:00, run_after=2026-01-06 02:00:00+00:00
[2026-01-05T20:00:42.147+0000] {processor.py:183} INFO - Processing /opt/airflow/dags/diabetes_ml_pipeline.py took 0.618 seconds
[2026-01-05T20:01:12.307+0000] {processor.py:161} INFO - Started process (PID=509) to work on /opt/airflow/dags/diabetes_ml_pipeline.py
[2026-01-05T20:01:12.308+0000] {processor.py:830} INFO - Processing file /opt/airflow/dags/diabetes_ml_pipeline.py for tasks to queue
[2026-01-05T20:01:12.310+0000] {logging_mixin.py:188} INFO - [2026-01-05T20:01:12.309+0000] {dagbag.py:538} INFO - Filling up the DagBag from /opt/airflow/dags/diabetes_ml_pipeline.py
[2026-01-05T20:01:12.833+0000] {logging_mixin.py:188} WARNING - /home/airflow/.local/lib/python3.11/site-packages/airflow/models/baseoperator.py:437 RemovedInAirflow3Warning: provide_context is deprecated as of 2.0 and is no longer required
[2026-01-05T20:01:12.839+0000] {processor.py:840} INFO - DAG(s) 'diabetes_ml_pipeline' retrieved from /opt/airflow/dags/diabetes_ml_pipeline.py
[2026-01-05T20:01:12.870+0000] {logging_mixin.py:188} INFO - [2026-01-05T20:01:12.869+0000] {dag.py:3036} INFO - Sync 1 DAGs
[2026-01-05T20:01:12.896+0000] {logging_mixin.py:188} INFO - [2026-01-05T20:01:12.896+0000] {dag.py:3823} INFO - Setting next_dagrun for diabetes_ml_pipeline to 2026-01-05 02:00:00+00:00, run_after=2026-01-06 02:00:00+00:00
[2026-01-05T20:01:12.925+0000] {processor.py:183} INFO - Processing /opt/airflow/dags/diabetes_ml_pipeline.py took 0.622 seconds
[2026-01-05T20:01:43.212+0000] {processor.py:161} INFO - Started process (PID=524) to work on /opt/airflow/dags/diabetes_ml_pipeline.py
[2026-01-05T20:01:43.214+0000] {processor.py:830} INFO - Processing file /opt/airflow/dags/diabetes_ml_pipeline.py for tasks to queue
[2026-01-05T20:01:43.215+0000] {logging_mixin.py:188} INFO - [2026-01-05T20:01:43.215+0000] {dagbag.py:538} INFO - Filling up the DagBag from /opt/airflow/dags/diabetes_ml_pipeline.py
[2026-01-05T20:01:43.679+0000] {logging_mixin.py:188} WARNING - /home/airflow/.local/lib/python3.11/site-packages/airflow/models/baseoperator.py:437 RemovedInAirflow3Warning: provide_context is deprecated as of 2.0 and is no longer required
[2026-01-05T20:01:43.683+0000] {processor.py:840} INFO - DAG(s) 'diabetes_ml_pipeline' retrieved from /opt/airflow/dags/diabetes_ml_pipeline.py
[2026-01-05T20:01:43.711+0000] {logging_mixin.py:188} INFO - [2026-01-05T20:01:43.711+0000] {dag.py:3036} INFO - Sync 1 DAGs
[2026-01-05T20:01:43.734+0000] {logging_mixin.py:188} INFO - [2026-01-05T20:01:43.734+0000] {dag.py:3823} INFO - Setting next_dagrun for diabetes_ml_pipeline to 2026-01-05 02:00:00+00:00, run_after=2026-01-06 02:00:00+00:00
[2026-01-05T20:01:43.776+0000] {processor.py:183} INFO - Processing /opt/airflow/dags/diabetes_ml_pipeline.py took 0.567 seconds
[2026-01-05T20:02:13.944+0000] {processor.py:161} INFO - Started process (PID=536) to work on /opt/airflow/dags/diabetes_ml_pipeline.py
[2026-01-05T20:02:13.946+0000] {processor.py:830} INFO - Processing file /opt/airflow/dags/diabetes_ml_pipeline.py for tasks to queue
[2026-01-05T20:02:13.947+0000] {logging_mixin.py:188} INFO - [2026-01-05T20:02:13.947+0000] {dagbag.py:538} INFO - Filling up the DagBag from /opt/airflow/dags/diabetes_ml_pipeline.py
[2026-01-05T20:02:14.445+0000] {logging_mixin.py:188} WARNING - /home/airflow/.local/lib/python3.11/site-packages/airflow/models/baseoperator.py:437 RemovedInAirflow3Warning: provide_context is deprecated as of 2.0 and is no longer required
[2026-01-05T20:02:14.451+0000] {processor.py:840} INFO - DAG(s) 'diabetes_ml_pipeline' retrieved from /opt/airflow/dags/diabetes_ml_pipeline.py
[2026-01-05T20:02:14.486+0000] {logging_mixin.py:188} INFO - [2026-01-05T20:02:14.485+0000] {dag.py:3036} INFO - Sync 1 DAGs
[2026-01-05T20:02:14.510+0000] {logging_mixin.py:188} INFO - [2026-01-05T20:02:14.510+0000] {dag.py:3823} INFO - Setting next_dagrun for diabetes_ml_pipeline to 2026-01-05 02:00:00+00:00, run_after=2026-01-06 02:00:00+00:00
[2026-01-05T20:02:14.541+0000] {processor.py:183} INFO - Processing /opt/airflow/dags/diabetes_ml_pipeline.py took 0.601 seconds
[2026-01-05T20:02:44.805+0000] {processor.py:161} INFO - Started process (PID=548) to work on /opt/airflow/dags/diabetes_ml_pipeline.py
[2026-01-05T20:02:44.807+0000] {processor.py:830} INFO - Processing file /opt/airflow/dags/diabetes_ml_pipeline.py for tasks to queue
[2026-01-05T20:02:44.808+0000] {logging_mixin.py:188} INFO - [2026-01-05T20:02:44.807+0000] {dagbag.py:538} INFO - Filling up the DagBag from /opt/airflow/dags/diabetes_ml_pipeline.py
[2026-01-05T20:02:45.372+0000] {logging_mixin.py:188} WARNING - /home/airflow/.local/lib/python3.11/site-packages/airflow/models/baseoperator.py:437 RemovedInAirflow3Warning: provide_context is deprecated as of 2.0 and is no longer required
[2026-01-05T20:02:45.382+0000] {processor.py:840} INFO - DAG(s) 'diabetes_ml_pipeline' retrieved from /opt/airflow/dags/diabetes_ml_pipeline.py
[2026-01-05T20:02:45.428+0000] {logging_mixin.py:188} INFO - [2026-01-05T20:02:45.428+0000] {dag.py:3036} INFO - Sync 1 DAGs
[2026-01-05T20:02:45.458+0000] {logging_mixin.py:188} INFO - [2026-01-05T20:02:45.457+0000] {dag.py:3823} INFO - Setting next_dagrun for diabetes_ml_pipeline to 2026-01-05 02:00:00+00:00, run_after=2026-01-06 02:00:00+00:00
[2026-01-05T20:02:45.486+0000] {processor.py:183} INFO - Processing /opt/airflow/dags/diabetes_ml_pipeline.py took 0.685 seconds
[2026-01-05T20:03:15.821+0000] {processor.py:161} INFO - Started process (PID=560) to work on /opt/airflow/dags/diabetes_ml_pipeline.py
[2026-01-05T20:03:15.824+0000] {processor.py:830} INFO - Processing file /opt/airflow/dags/diabetes_ml_pipeline.py for tasks to queue
[2026-01-05T20:03:15.828+0000] {logging_mixin.py:188} INFO - [2026-01-05T20:03:15.826+0000] {dagbag.py:538} INFO - Filling up the DagBag from /opt/airflow/dags/diabetes_ml_pipeline.py
[2026-01-05T20:03:16.395+0000] {logging_mixin.py:188} WARNING - /home/airflow/.local/lib/python3.11/site-packages/airflow/models/baseoperator.py:437 RemovedInAirflow3Warning: provide_context is deprecated as of 2.0 and is no longer required
[2026-01-05T20:03:16.404+0000] {processor.py:840} INFO - DAG(s) 'diabetes_ml_pipeline' retrieved from /opt/airflow/dags/diabetes_ml_pipeline.py
[2026-01-05T20:03:16.459+0000] {logging_mixin.py:188} INFO - [2026-01-05T20:03:16.459+0000] {dag.py:3036} INFO - Sync 1 DAGs
[2026-01-05T20:03:16.486+0000] {logging_mixin.py:188} INFO - [2026-01-05T20:03:16.485+0000] {dag.py:3823} INFO - Setting next_dagrun for diabetes_ml_pipeline to 2026-01-05 02:00:00+00:00, run_after=2026-01-06 02:00:00+00:00
[2026-01-05T20:03:16.519+0000] {processor.py:183} INFO - Processing /opt/airflow/dags/diabetes_ml_pipeline.py took 0.712 seconds
[2026-01-05T20:03:47.168+0000] {processor.py:161} INFO - Started process (PID=572) to work on /opt/airflow/dags/diabetes_ml_pipeline.py
[2026-01-05T20:03:47.170+0000] {processor.py:830} INFO - Processing file /opt/airflow/dags/diabetes_ml_pipeline.py for tasks to queue
[2026-01-05T20:03:47.172+0000] {logging_mixin.py:188} INFO - [2026-01-05T20:03:47.171+0000] {dagbag.py:538} INFO - Filling up the DagBag from /opt/airflow/dags/diabetes_ml_pipeline.py
[2026-01-05T20:03:47.689+0000] {logging_mixin.py:188} WARNING - /home/airflow/.local/lib/python3.11/site-packages/airflow/models/baseoperator.py:437 RemovedInAirflow3Warning: provide_context is deprecated as of 2.0 and is no longer required
[2026-01-05T20:03:47.694+0000] {processor.py:840} INFO - DAG(s) 'diabetes_ml_pipeline' retrieved from /opt/airflow/dags/diabetes_ml_pipeline.py
[2026-01-05T20:03:47.726+0000] {logging_mixin.py:188} INFO - [2026-01-05T20:03:47.725+0000] {dag.py:3036} INFO - Sync 1 DAGs
[2026-01-05T20:03:47.747+0000] {logging_mixin.py:188} INFO - [2026-01-05T20:03:47.747+0000] {dag.py:3823} INFO - Setting next_dagrun for diabetes_ml_pipeline to 2026-01-05 02:00:00+00:00, run_after=2026-01-06 02:00:00+00:00
[2026-01-05T20:03:47.771+0000] {processor.py:183} INFO - Processing /opt/airflow/dags/diabetes_ml_pipeline.py took 0.608 seconds
[2026-01-05T20:04:17.878+0000] {processor.py:161} INFO - Started process (PID=584) to work on /opt/airflow/dags/diabetes_ml_pipeline.py
[2026-01-05T20:04:17.880+0000] {processor.py:830} INFO - Processing file /opt/airflow/dags/diabetes_ml_pipeline.py for tasks to queue
[2026-01-05T20:04:17.882+0000] {logging_mixin.py:188} INFO - [2026-01-05T20:04:17.881+0000] {dagbag.py:538} INFO - Filling up the DagBag from /opt/airflow/dags/diabetes_ml_pipeline.py
[2026-01-05T20:04:18.358+0000] {logging_mixin.py:188} WARNING - /home/airflow/.local/lib/python3.11/site-packages/airflow/models/baseoperator.py:437 RemovedInAirflow3Warning: provide_context is deprecated as of 2.0 and is no longer required
[2026-01-05T20:04:18.364+0000] {processor.py:840} INFO - DAG(s) 'diabetes_ml_pipeline' retrieved from /opt/airflow/dags/diabetes_ml_pipeline.py
[2026-01-05T20:04:18.394+0000] {logging_mixin.py:188} INFO - [2026-01-05T20:04:18.393+0000] {dag.py:3036} INFO - Sync 1 DAGs
[2026-01-05T20:04:18.413+0000] {logging_mixin.py:188} INFO - [2026-01-05T20:04:18.413+0000] {dag.py:3823} INFO - Setting next_dagrun for diabetes_ml_pipeline to 2026-01-05 02:00:00+00:00, run_after=2026-01-06 02:00:00+00:00
[2026-01-05T20:04:18.438+0000] {processor.py:183} INFO - Processing /opt/airflow/dags/diabetes_ml_pipeline.py took 0.564 seconds
[2026-01-05T20:04:48.939+0000] {processor.py:161} INFO - Started process (PID=596) to work on /opt/airflow/dags/diabetes_ml_pipeline.py
[2026-01-05T20:04:48.948+0000] {processor.py:830} INFO - Processing file /opt/airflow/dags/diabetes_ml_pipeline.py for tasks to queue
[2026-01-05T20:04:48.955+0000] {logging_mixin.py:188} INFO - [2026-01-05T20:04:48.954+0000] {dagbag.py:538} INFO - Filling up the DagBag from /opt/airflow/dags/diabetes_ml_pipeline.py
[2026-01-05T20:04:49.431+0000] {logging_mixin.py:188} WARNING - /home/airflow/.local/lib/python3.11/site-packages/airflow/models/baseoperator.py:437 RemovedInAirflow3Warning: provide_context is deprecated as of 2.0 and is no longer required
[2026-01-05T20:04:49.436+0000] {processor.py:840} INFO - DAG(s) 'diabetes_ml_pipeline' retrieved from /opt/airflow/dags/diabetes_ml_pipeline.py
[2026-01-05T20:04:49.466+0000] {logging_mixin.py:188} INFO - [2026-01-05T20:04:49.466+0000] {dag.py:3036} INFO - Sync 1 DAGs
[2026-01-05T20:04:49.486+0000] {logging_mixin.py:188} INFO - [2026-01-05T20:04:49.485+0000] {dag.py:3823} INFO - Setting next_dagrun for diabetes_ml_pipeline to 2026-01-05 02:00:00+00:00, run_after=2026-01-06 02:00:00+00:00
[2026-01-05T20:04:49.509+0000] {processor.py:183} INFO - Processing /opt/airflow/dags/diabetes_ml_pipeline.py took 0.593 seconds
[2026-01-05T20:05:20.059+0000] {processor.py:161} INFO - Started process (PID=608) to work on /opt/airflow/dags/diabetes_ml_pipeline.py
[2026-01-05T20:05:20.063+0000] {processor.py:830} INFO - Processing file /opt/airflow/dags/diabetes_ml_pipeline.py for tasks to queue
[2026-01-05T20:05:20.066+0000] {logging_mixin.py:188} INFO - [2026-01-05T20:05:20.065+0000] {dagbag.py:538} INFO - Filling up the DagBag from /opt/airflow/dags/diabetes_ml_pipeline.py
[2026-01-05T20:05:20.631+0000] {logging_mixin.py:188} WARNING - /home/airflow/.local/lib/python3.11/site-packages/airflow/models/baseoperator.py:437 RemovedInAirflow3Warning: provide_context is deprecated as of 2.0 and is no longer required
[2026-01-05T20:05:20.636+0000] {processor.py:840} INFO - DAG(s) 'diabetes_ml_pipeline' retrieved from /opt/airflow/dags/diabetes_ml_pipeline.py
[2026-01-05T20:05:20.669+0000] {logging_mixin.py:188} INFO - [2026-01-05T20:05:20.668+0000] {dag.py:3036} INFO - Sync 1 DAGs
[2026-01-05T20:05:20.689+0000] {logging_mixin.py:188} INFO - [2026-01-05T20:05:20.689+0000] {dag.py:3823} INFO - Setting next_dagrun for diabetes_ml_pipeline to 2026-01-05 02:00:00+00:00, run_after=2026-01-06 02:00:00+00:00
[2026-01-05T20:05:20.711+0000] {processor.py:183} INFO - Processing /opt/airflow/dags/diabetes_ml_pipeline.py took 0.655 seconds
[2026-01-05T20:05:50.925+0000] {processor.py:161} INFO - Started process (PID=620) to work on /opt/airflow/dags/diabetes_ml_pipeline.py
[2026-01-05T20:05:50.930+0000] {processor.py:830} INFO - Processing file /opt/airflow/dags/diabetes_ml_pipeline.py for tasks to queue
[2026-01-05T20:05:50.935+0000] {logging_mixin.py:188} INFO - [2026-01-05T20:05:50.932+0000] {dagbag.py:538} INFO - Filling up the DagBag from /opt/airflow/dags/diabetes_ml_pipeline.py
[2026-01-05T20:05:51.494+0000] {logging_mixin.py:188} WARNING - /home/airflow/.local/lib/python3.11/site-packages/airflow/models/baseoperator.py:437 RemovedInAirflow3Warning: provide_context is deprecated as of 2.0 and is no longer required
[2026-01-05T20:05:51.499+0000] {processor.py:840} INFO - DAG(s) 'diabetes_ml_pipeline' retrieved from /opt/airflow/dags/diabetes_ml_pipeline.py
[2026-01-05T20:05:51.541+0000] {logging_mixin.py:188} INFO - [2026-01-05T20:05:51.540+0000] {dag.py:3036} INFO - Sync 1 DAGs
[2026-01-05T20:05:51.565+0000] {logging_mixin.py:188} INFO - [2026-01-05T20:05:51.565+0000] {dag.py:3823} INFO - Setting next_dagrun for diabetes_ml_pipeline to 2026-01-05 02:00:00+00:00, run_after=2026-01-06 02:00:00+00:00
[2026-01-05T20:05:51.593+0000] {processor.py:183} INFO - Processing /opt/airflow/dags/diabetes_ml_pipeline.py took 0.684 seconds
[2026-01-05T20:06:21.873+0000] {processor.py:161} INFO - Started process (PID=632) to work on /opt/airflow/dags/diabetes_ml_pipeline.py
[2026-01-05T20:06:21.874+0000] {processor.py:830} INFO - Processing file /opt/airflow/dags/diabetes_ml_pipeline.py for tasks to queue
[2026-01-05T20:06:21.876+0000] {logging_mixin.py:188} INFO - [2026-01-05T20:06:21.875+0000] {dagbag.py:538} INFO - Filling up the DagBag from /opt/airflow/dags/diabetes_ml_pipeline.py
[2026-01-05T20:06:22.417+0000] {logging_mixin.py:188} WARNING - /home/airflow/.local/lib/python3.11/site-packages/airflow/models/baseoperator.py:437 RemovedInAirflow3Warning: provide_context is deprecated as of 2.0 and is no longer required
[2026-01-05T20:06:22.425+0000] {processor.py:840} INFO - DAG(s) 'diabetes_ml_pipeline' retrieved from /opt/airflow/dags/diabetes_ml_pipeline.py
[2026-01-05T20:06:22.458+0000] {logging_mixin.py:188} INFO - [2026-01-05T20:06:22.458+0000] {dag.py:3036} INFO - Sync 1 DAGs
[2026-01-05T20:06:22.478+0000] {logging_mixin.py:188} INFO - [2026-01-05T20:06:22.478+0000] {dag.py:3823} INFO - Setting next_dagrun for diabetes_ml_pipeline to 2026-01-05 02:00:00+00:00, run_after=2026-01-06 02:00:00+00:00
[2026-01-05T20:06:22.504+0000] {processor.py:183} INFO - Processing /opt/airflow/dags/diabetes_ml_pipeline.py took 0.635 seconds
[2026-01-05T20:06:52.750+0000] {processor.py:161} INFO - Started process (PID=644) to work on /opt/airflow/dags/diabetes_ml_pipeline.py
[2026-01-05T20:06:52.754+0000] {processor.py:830} INFO - Processing file /opt/airflow/dags/diabetes_ml_pipeline.py for tasks to queue
[2026-01-05T20:06:52.760+0000] {logging_mixin.py:188} INFO - [2026-01-05T20:06:52.757+0000] {dagbag.py:538} INFO - Filling up the DagBag from /opt/airflow/dags/diabetes_ml_pipeline.py
[2026-01-05T20:06:53.309+0000] {logging_mixin.py:188} WARNING - /home/airflow/.local/lib/python3.11/site-packages/airflow/models/baseoperator.py:437 RemovedInAirflow3Warning: provide_context is deprecated as of 2.0 and is no longer required
[2026-01-05T20:06:53.316+0000] {processor.py:840} INFO - DAG(s) 'diabetes_ml_pipeline' retrieved from /opt/airflow/dags/diabetes_ml_pipeline.py
[2026-01-05T20:06:53.343+0000] {logging_mixin.py:188} INFO - [2026-01-05T20:06:53.343+0000] {dag.py:3036} INFO - Sync 1 DAGs
[2026-01-05T20:06:53.368+0000] {logging_mixin.py:188} INFO - [2026-01-05T20:06:53.367+0000] {dag.py:3823} INFO - Setting next_dagrun for diabetes_ml_pipeline to 2026-01-05 02:00:00+00:00, run_after=2026-01-06 02:00:00+00:00
[2026-01-05T20:06:53.392+0000] {processor.py:183} INFO - Processing /opt/airflow/dags/diabetes_ml_pipeline.py took 0.657 seconds
[2026-01-05T20:07:23.586+0000] {processor.py:161} INFO - Started process (PID=656) to work on /opt/airflow/dags/diabetes_ml_pipeline.py
[2026-01-05T20:07:23.587+0000] {processor.py:830} INFO - Processing file /opt/airflow/dags/diabetes_ml_pipeline.py for tasks to queue
[2026-01-05T20:07:23.588+0000] {logging_mixin.py:188} INFO - [2026-01-05T20:07:23.588+0000] {dagbag.py:538} INFO - Filling up the DagBag from /opt/airflow/dags/diabetes_ml_pipeline.py
[2026-01-05T20:07:24.310+0000] {logging_mixin.py:188} WARNING - /home/airflow/.local/lib/python3.11/site-packages/airflow/models/baseoperator.py:437 RemovedInAirflow3Warning: provide_context is deprecated as of 2.0 and is no longer required
[2026-01-05T20:07:24.316+0000] {processor.py:840} INFO - DAG(s) 'diabetes_ml_pipeline' retrieved from /opt/airflow/dags/diabetes_ml_pipeline.py
[2026-01-05T20:07:24.357+0000] {logging_mixin.py:188} INFO - [2026-01-05T20:07:24.356+0000] {dag.py:3036} INFO - Sync 1 DAGs
[2026-01-05T20:07:24.380+0000] {logging_mixin.py:188} INFO - [2026-01-05T20:07:24.380+0000] {dag.py:3823} INFO - Setting next_dagrun for diabetes_ml_pipeline to 2026-01-05 02:00:00+00:00, run_after=2026-01-06 02:00:00+00:00
[2026-01-05T20:07:24.412+0000] {processor.py:183} INFO - Processing /opt/airflow/dags/diabetes_ml_pipeline.py took 0.829 seconds
[2026-01-05T20:07:54.636+0000] {processor.py:161} INFO - Started process (PID=662) to work on /opt/airflow/dags/diabetes_ml_pipeline.py
[2026-01-05T20:07:54.658+0000] {processor.py:830} INFO - Processing file /opt/airflow/dags/diabetes_ml_pipeline.py for tasks to queue
[2026-01-05T20:07:54.668+0000] {logging_mixin.py:188} INFO - [2026-01-05T20:07:54.666+0000] {dagbag.py:538} INFO - Filling up the DagBag from /opt/airflow/dags/diabetes_ml_pipeline.py
[2026-01-05T20:07:55.072+0000] {logging_mixin.py:188} WARNING - /home/airflow/.local/lib/python3.11/site-packages/airflow/models/baseoperator.py:437 RemovedInAirflow3Warning: provide_context is deprecated as of 2.0 and is no longer required
[2026-01-05T20:07:55.080+0000] {processor.py:840} INFO - DAG(s) 'diabetes_ml_pipeline' retrieved from /opt/airflow/dags/diabetes_ml_pipeline.py
[2026-01-05T20:07:55.116+0000] {logging_mixin.py:188} INFO - [2026-01-05T20:07:55.115+0000] {dag.py:3036} INFO - Sync 1 DAGs
[2026-01-05T20:07:55.139+0000] {logging_mixin.py:188} INFO - [2026-01-05T20:07:55.138+0000] {dag.py:3823} INFO - Setting next_dagrun for diabetes_ml_pipeline to 2026-01-05 02:00:00+00:00, run_after=2026-01-06 02:00:00+00:00
[2026-01-05T20:07:55.160+0000] {processor.py:183} INFO - Processing /opt/airflow/dags/diabetes_ml_pipeline.py took 0.548 seconds
[2026-01-05T20:08:25.630+0000] {processor.py:161} INFO - Started process (PID=674) to work on /opt/airflow/dags/diabetes_ml_pipeline.py
[2026-01-05T20:08:25.631+0000] {processor.py:830} INFO - Processing file /opt/airflow/dags/diabetes_ml_pipeline.py for tasks to queue
[2026-01-05T20:08:25.633+0000] {logging_mixin.py:188} INFO - [2026-01-05T20:08:25.632+0000] {dagbag.py:538} INFO - Filling up the DagBag from /opt/airflow/dags/diabetes_ml_pipeline.py
[2026-01-05T20:08:25.976+0000] {logging_mixin.py:188} WARNING - /home/airflow/.local/lib/python3.11/site-packages/airflow/models/baseoperator.py:437 RemovedInAirflow3Warning: provide_context is deprecated as of 2.0 and is no longer required
[2026-01-05T20:08:25.982+0000] {processor.py:840} INFO - DAG(s) 'diabetes_ml_pipeline' retrieved from /opt/airflow/dags/diabetes_ml_pipeline.py
[2026-01-05T20:08:26.021+0000] {logging_mixin.py:188} INFO - [2026-01-05T20:08:26.020+0000] {dag.py:3036} INFO - Sync 1 DAGs
[2026-01-05T20:08:26.061+0000] {logging_mixin.py:188} INFO - [2026-01-05T20:08:26.060+0000] {dag.py:3823} INFO - Setting next_dagrun for diabetes_ml_pipeline to 2026-01-05 02:00:00+00:00, run_after=2026-01-06 02:00:00+00:00
[2026-01-05T20:08:26.086+0000] {processor.py:183} INFO - Processing /opt/airflow/dags/diabetes_ml_pipeline.py took 0.460 seconds
[2026-01-05T20:08:56.566+0000] {processor.py:161} INFO - Started process (PID=686) to work on /opt/airflow/dags/diabetes_ml_pipeline.py
[2026-01-05T20:08:56.571+0000] {processor.py:830} INFO - Processing file /opt/airflow/dags/diabetes_ml_pipeline.py for tasks to queue
[2026-01-05T20:08:56.576+0000] {logging_mixin.py:188} INFO - [2026-01-05T20:08:56.574+0000] {dagbag.py:538} INFO - Filling up the DagBag from /opt/airflow/dags/diabetes_ml_pipeline.py
[2026-01-05T20:08:56.967+0000] {logging_mixin.py:188} WARNING - /home/airflow/.local/lib/python3.11/site-packages/airflow/models/baseoperator.py:437 RemovedInAirflow3Warning: provide_context is deprecated as of 2.0 and is no longer required
[2026-01-05T20:08:56.979+0000] {processor.py:840} INFO - DAG(s) 'diabetes_ml_pipeline' retrieved from /opt/airflow/dags/diabetes_ml_pipeline.py
[2026-01-05T20:08:57.026+0000] {logging_mixin.py:188} INFO - [2026-01-05T20:08:57.025+0000] {dag.py:3036} INFO - Sync 1 DAGs
[2026-01-05T20:08:57.051+0000] {logging_mixin.py:188} INFO - [2026-01-05T20:08:57.051+0000] {dag.py:3823} INFO - Setting next_dagrun for diabetes_ml_pipeline to 2026-01-05 02:00:00+00:00, run_after=2026-01-06 02:00:00+00:00
[2026-01-05T20:08:57.077+0000] {processor.py:183} INFO - Processing /opt/airflow/dags/diabetes_ml_pipeline.py took 0.525 seconds
[2026-01-05T20:09:27.668+0000] {processor.py:161} INFO - Started process (PID=698) to work on /opt/airflow/dags/diabetes_ml_pipeline.py
[2026-01-05T20:09:27.671+0000] {processor.py:830} INFO - Processing file /opt/airflow/dags/diabetes_ml_pipeline.py for tasks to queue
[2026-01-05T20:09:27.673+0000] {logging_mixin.py:188} INFO - [2026-01-05T20:09:27.672+0000] {dagbag.py:538} INFO - Filling up the DagBag from /opt/airflow/dags/diabetes_ml_pipeline.py
[2026-01-05T20:09:28.120+0000] {logging_mixin.py:188} WARNING - /home/airflow/.local/lib/python3.11/site-packages/airflow/models/baseoperator.py:437 RemovedInAirflow3Warning: provide_context is deprecated as of 2.0 and is no longer required
[2026-01-05T20:09:28.126+0000] {processor.py:840} INFO - DAG(s) 'diabetes_ml_pipeline' retrieved from /opt/airflow/dags/diabetes_ml_pipeline.py
[2026-01-05T20:09:28.165+0000] {logging_mixin.py:188} INFO - [2026-01-05T20:09:28.164+0000] {dag.py:3036} INFO - Sync 1 DAGs
[2026-01-05T20:09:28.208+0000] {logging_mixin.py:188} INFO - [2026-01-05T20:09:28.207+0000] {dag.py:3823} INFO - Setting next_dagrun for diabetes_ml_pipeline to 2026-01-05 02:00:00+00:00, run_after=2026-01-06 02:00:00+00:00
[2026-01-05T20:09:28.243+0000] {processor.py:183} INFO - Processing /opt/airflow/dags/diabetes_ml_pipeline.py took 0.582 seconds
[2026-01-05T20:09:59.309+0000] {processor.py:161} INFO - Started process (PID=710) to work on /opt/airflow/dags/diabetes_ml_pipeline.py
[2026-01-05T20:09:59.311+0000] {processor.py:830} INFO - Processing file /opt/airflow/dags/diabetes_ml_pipeline.py for tasks to queue
[2026-01-05T20:09:59.313+0000] {logging_mixin.py:188} INFO - [2026-01-05T20:09:59.313+0000] {dagbag.py:538} INFO - Filling up the DagBag from /opt/airflow/dags/diabetes_ml_pipeline.py
[2026-01-05T20:09:59.766+0000] {logging_mixin.py:188} WARNING - /home/airflow/.local/lib/python3.11/site-packages/airflow/models/baseoperator.py:437 RemovedInAirflow3Warning: provide_context is deprecated as of 2.0 and is no longer required
[2026-01-05T20:09:59.773+0000] {processor.py:840} INFO - DAG(s) 'diabetes_ml_pipeline' retrieved from /opt/airflow/dags/diabetes_ml_pipeline.py
[2026-01-05T20:09:59.835+0000] {logging_mixin.py:188} INFO - [2026-01-05T20:09:59.834+0000] {dag.py:3036} INFO - Sync 1 DAGs
[2026-01-05T20:09:59.864+0000] {logging_mixin.py:188} INFO - [2026-01-05T20:09:59.864+0000] {dag.py:3823} INFO - Setting next_dagrun for diabetes_ml_pipeline to 2026-01-05 02:00:00+00:00, run_after=2026-01-06 02:00:00+00:00
[2026-01-05T20:09:59.890+0000] {processor.py:183} INFO - Processing /opt/airflow/dags/diabetes_ml_pipeline.py took 0.588 seconds
[2026-01-05T20:10:30.466+0000] {processor.py:161} INFO - Started process (PID=722) to work on /opt/airflow/dags/diabetes_ml_pipeline.py
[2026-01-05T20:10:30.473+0000] {processor.py:830} INFO - Processing file /opt/airflow/dags/diabetes_ml_pipeline.py for tasks to queue
[2026-01-05T20:10:30.479+0000] {logging_mixin.py:188} INFO - [2026-01-05T20:10:30.475+0000] {dagbag.py:538} INFO - Filling up the DagBag from /opt/airflow/dags/diabetes_ml_pipeline.py
[2026-01-05T20:10:30.884+0000] {logging_mixin.py:188} WARNING - /home/airflow/.local/lib/python3.11/site-packages/airflow/models/baseoperator.py:437 RemovedInAirflow3Warning: provide_context is deprecated as of 2.0 and is no longer required
[2026-01-05T20:10:30.890+0000] {processor.py:840} INFO - DAG(s) 'diabetes_ml_pipeline' retrieved from /opt/airflow/dags/diabetes_ml_pipeline.py
[2026-01-05T20:10:30.933+0000] {logging_mixin.py:188} INFO - [2026-01-05T20:10:30.933+0000] {dag.py:3036} INFO - Sync 1 DAGs
[2026-01-05T20:10:30.988+0000] {logging_mixin.py:188} INFO - [2026-01-05T20:10:30.987+0000] {dag.py:3823} INFO - Setting next_dagrun for diabetes_ml_pipeline to 2026-01-05 02:00:00+00:00, run_after=2026-01-06 02:00:00+00:00
[2026-01-05T20:10:31.018+0000] {processor.py:183} INFO - Processing /opt/airflow/dags/diabetes_ml_pipeline.py took 0.574 seconds
[2026-01-05T20:11:01.187+0000] {processor.py:161} INFO - Started process (PID=734) to work on /opt/airflow/dags/diabetes_ml_pipeline.py
[2026-01-05T20:11:01.189+0000] {processor.py:830} INFO - Processing file /opt/airflow/dags/diabetes_ml_pipeline.py for tasks to queue
[2026-01-05T20:11:01.192+0000] {logging_mixin.py:188} INFO - [2026-01-05T20:11:01.191+0000] {dagbag.py:538} INFO - Filling up the DagBag from /opt/airflow/dags/diabetes_ml_pipeline.py
[2026-01-05T20:11:01.619+0000] {logging_mixin.py:188} WARNING - /home/airflow/.local/lib/python3.11/site-packages/airflow/models/baseoperator.py:437 RemovedInAirflow3Warning: provide_context is deprecated as of 2.0 and is no longer required
[2026-01-05T20:11:01.625+0000] {processor.py:840} INFO - DAG(s) 'diabetes_ml_pipeline' retrieved from /opt/airflow/dags/diabetes_ml_pipeline.py
[2026-01-05T20:11:01.662+0000] {logging_mixin.py:188} INFO - [2026-01-05T20:11:01.662+0000] {dag.py:3036} INFO - Sync 1 DAGs
[2026-01-05T20:11:01.689+0000] {logging_mixin.py:188} INFO - [2026-01-05T20:11:01.689+0000] {dag.py:3823} INFO - Setting next_dagrun for diabetes_ml_pipeline to 2026-01-05 02:00:00+00:00, run_after=2026-01-06 02:00:00+00:00
[2026-01-05T20:11:01.720+0000] {processor.py:183} INFO - Processing /opt/airflow/dags/diabetes_ml_pipeline.py took 0.539 seconds
[2026-01-05T20:11:32.020+0000] {processor.py:161} INFO - Started process (PID=746) to work on /opt/airflow/dags/diabetes_ml_pipeline.py
[2026-01-05T20:11:32.023+0000] {processor.py:830} INFO - Processing file /opt/airflow/dags/diabetes_ml_pipeline.py for tasks to queue
[2026-01-05T20:11:32.025+0000] {logging_mixin.py:188} INFO - [2026-01-05T20:11:32.024+0000] {dagbag.py:538} INFO - Filling up the DagBag from /opt/airflow/dags/diabetes_ml_pipeline.py
[2026-01-05T20:11:32.472+0000] {logging_mixin.py:188} WARNING - /home/airflow/.local/lib/python3.11/site-packages/airflow/models/baseoperator.py:437 RemovedInAirflow3Warning: provide_context is deprecated as of 2.0 and is no longer required
[2026-01-05T20:11:32.478+0000] {processor.py:840} INFO - DAG(s) 'diabetes_ml_pipeline' retrieved from /opt/airflow/dags/diabetes_ml_pipeline.py
[2026-01-05T20:11:32.516+0000] {logging_mixin.py:188} INFO - [2026-01-05T20:11:32.516+0000] {dag.py:3036} INFO - Sync 1 DAGs
[2026-01-05T20:11:32.539+0000] {logging_mixin.py:188} INFO - [2026-01-05T20:11:32.538+0000] {dag.py:3823} INFO - Setting next_dagrun for diabetes_ml_pipeline to 2026-01-05 02:00:00+00:00, run_after=2026-01-06 02:00:00+00:00
[2026-01-05T20:11:32.563+0000] {processor.py:183} INFO - Processing /opt/airflow/dags/diabetes_ml_pipeline.py took 0.548 seconds
[2026-01-05T20:12:02.832+0000] {processor.py:161} INFO - Started process (PID=758) to work on /opt/airflow/dags/diabetes_ml_pipeline.py
[2026-01-05T20:12:02.834+0000] {processor.py:830} INFO - Processing file /opt/airflow/dags/diabetes_ml_pipeline.py for tasks to queue
[2026-01-05T20:12:02.835+0000] {logging_mixin.py:188} INFO - [2026-01-05T20:12:02.835+0000] {dagbag.py:538} INFO - Filling up the DagBag from /opt/airflow/dags/diabetes_ml_pipeline.py
[2026-01-05T20:12:03.250+0000] {logging_mixin.py:188} WARNING - /home/airflow/.local/lib/python3.11/site-packages/airflow/models/baseoperator.py:437 RemovedInAirflow3Warning: provide_context is deprecated as of 2.0 and is no longer required
[2026-01-05T20:12:03.256+0000] {processor.py:840} INFO - DAG(s) 'diabetes_ml_pipeline' retrieved from /opt/airflow/dags/diabetes_ml_pipeline.py
[2026-01-05T20:12:03.293+0000] {logging_mixin.py:188} INFO - [2026-01-05T20:12:03.292+0000] {dag.py:3036} INFO - Sync 1 DAGs
[2026-01-05T20:12:03.319+0000] {logging_mixin.py:188} INFO - [2026-01-05T20:12:03.318+0000] {dag.py:3823} INFO - Setting next_dagrun for diabetes_ml_pipeline to 2026-01-05 02:00:00+00:00, run_after=2026-01-06 02:00:00+00:00
[2026-01-05T20:12:03.348+0000] {processor.py:183} INFO - Processing /opt/airflow/dags/diabetes_ml_pipeline.py took 0.523 seconds
[2026-01-05T20:12:33.821+0000] {processor.py:161} INFO - Started process (PID=770) to work on /opt/airflow/dags/diabetes_ml_pipeline.py
[2026-01-05T20:12:33.825+0000] {processor.py:830} INFO - Processing file /opt/airflow/dags/diabetes_ml_pipeline.py for tasks to queue
[2026-01-05T20:12:33.831+0000] {logging_mixin.py:188} INFO - [2026-01-05T20:12:33.829+0000] {dagbag.py:538} INFO - Filling up the DagBag from /opt/airflow/dags/diabetes_ml_pipeline.py
[2026-01-05T20:12:34.203+0000] {logging_mixin.py:188} WARNING - /home/airflow/.local/lib/python3.11/site-packages/airflow/models/baseoperator.py:437 RemovedInAirflow3Warning: provide_context is deprecated as of 2.0 and is no longer required
[2026-01-05T20:12:34.210+0000] {processor.py:840} INFO - DAG(s) 'diabetes_ml_pipeline' retrieved from /opt/airflow/dags/diabetes_ml_pipeline.py
[2026-01-05T20:12:34.255+0000] {logging_mixin.py:188} INFO - [2026-01-05T20:12:34.255+0000] {dag.py:3036} INFO - Sync 1 DAGs
[2026-01-05T20:12:34.297+0000] {logging_mixin.py:188} INFO - [2026-01-05T20:12:34.297+0000] {dag.py:3823} INFO - Setting next_dagrun for diabetes_ml_pipeline to 2026-01-05 02:00:00+00:00, run_after=2026-01-06 02:00:00+00:00
[2026-01-05T20:12:34.328+0000] {processor.py:183} INFO - Processing /opt/airflow/dags/diabetes_ml_pipeline.py took 0.514 seconds
[2026-01-05T20:13:04.936+0000] {processor.py:161} INFO - Started process (PID=782) to work on /opt/airflow/dags/diabetes_ml_pipeline.py
[2026-01-05T20:13:04.937+0000] {processor.py:830} INFO - Processing file /opt/airflow/dags/diabetes_ml_pipeline.py for tasks to queue
[2026-01-05T20:13:04.939+0000] {logging_mixin.py:188} INFO - [2026-01-05T20:13:04.938+0000] {dagbag.py:538} INFO - Filling up the DagBag from /opt/airflow/dags/diabetes_ml_pipeline.py
[2026-01-05T20:13:05.520+0000] {logging_mixin.py:188} WARNING - /home/airflow/.local/lib/python3.11/site-packages/airflow/models/baseoperator.py:437 RemovedInAirflow3Warning: provide_context is deprecated as of 2.0 and is no longer required
[2026-01-05T20:13:05.526+0000] {processor.py:840} INFO - DAG(s) 'diabetes_ml_pipeline' retrieved from /opt/airflow/dags/diabetes_ml_pipeline.py
[2026-01-05T20:13:05.565+0000] {logging_mixin.py:188} INFO - [2026-01-05T20:13:05.565+0000] {dag.py:3036} INFO - Sync 1 DAGs
[2026-01-05T20:13:05.594+0000] {logging_mixin.py:188} INFO - [2026-01-05T20:13:05.593+0000] {dag.py:3823} INFO - Setting next_dagrun for diabetes_ml_pipeline to 2026-01-05 02:00:00+00:00, run_after=2026-01-06 02:00:00+00:00
[2026-01-05T20:13:05.620+0000] {processor.py:183} INFO - Processing /opt/airflow/dags/diabetes_ml_pipeline.py took 0.689 seconds
[2026-01-05T20:13:35.799+0000] {processor.py:161} INFO - Started process (PID=794) to work on /opt/airflow/dags/diabetes_ml_pipeline.py
[2026-01-05T20:13:35.802+0000] {processor.py:830} INFO - Processing file /opt/airflow/dags/diabetes_ml_pipeline.py for tasks to queue
[2026-01-05T20:13:35.805+0000] {logging_mixin.py:188} INFO - [2026-01-05T20:13:35.804+0000] {dagbag.py:538} INFO - Filling up the DagBag from /opt/airflow/dags/diabetes_ml_pipeline.py
[2026-01-05T20:13:36.175+0000] {logging_mixin.py:188} WARNING - /home/airflow/.local/lib/python3.11/site-packages/airflow/models/baseoperator.py:437 RemovedInAirflow3Warning: provide_context is deprecated as of 2.0 and is no longer required
[2026-01-05T20:13:36.182+0000] {processor.py:840} INFO - DAG(s) 'diabetes_ml_pipeline' retrieved from /opt/airflow/dags/diabetes_ml_pipeline.py
[2026-01-05T20:13:36.219+0000] {logging_mixin.py:188} INFO - [2026-01-05T20:13:36.218+0000] {dag.py:3036} INFO - Sync 1 DAGs
[2026-01-05T20:13:36.244+0000] {logging_mixin.py:188} INFO - [2026-01-05T20:13:36.244+0000] {dag.py:3823} INFO - Setting next_dagrun for diabetes_ml_pipeline to 2026-01-05 02:00:00+00:00, run_after=2026-01-06 02:00:00+00:00
[2026-01-05T20:13:36.272+0000] {processor.py:183} INFO - Processing /opt/airflow/dags/diabetes_ml_pipeline.py took 0.480 seconds
[2026-01-05T20:14:06.657+0000] {processor.py:161} INFO - Started process (PID=806) to work on /opt/airflow/dags/diabetes_ml_pipeline.py
[2026-01-05T20:14:06.687+0000] {processor.py:830} INFO - Processing file /opt/airflow/dags/diabetes_ml_pipeline.py for tasks to queue
[2026-01-05T20:14:06.689+0000] {logging_mixin.py:188} INFO - [2026-01-05T20:14:06.689+0000] {dagbag.py:538} INFO - Filling up the DagBag from /opt/airflow/dags/diabetes_ml_pipeline.py
[2026-01-05T20:14:07.419+0000] {logging_mixin.py:188} WARNING - /home/airflow/.local/lib/python3.11/site-packages/airflow/models/baseoperator.py:437 RemovedInAirflow3Warning: provide_context is deprecated as of 2.0 and is no longer required
[2026-01-05T20:14:07.433+0000] {processor.py:840} INFO - DAG(s) 'diabetes_ml_pipeline' retrieved from /opt/airflow/dags/diabetes_ml_pipeline.py
[2026-01-05T20:14:07.490+0000] {logging_mixin.py:188} INFO - [2026-01-05T20:14:07.489+0000] {dag.py:3036} INFO - Sync 1 DAGs
[2026-01-05T20:14:07.529+0000] {logging_mixin.py:188} INFO - [2026-01-05T20:14:07.529+0000] {dag.py:3823} INFO - Setting next_dagrun for diabetes_ml_pipeline to 2026-01-05 02:00:00+00:00, run_after=2026-01-06 02:00:00+00:00
[2026-01-05T20:14:07.561+0000] {processor.py:183} INFO - Processing /opt/airflow/dags/diabetes_ml_pipeline.py took 1.117 seconds
[2026-01-05T20:14:37.922+0000] {processor.py:161} INFO - Started process (PID=818) to work on /opt/airflow/dags/diabetes_ml_pipeline.py
[2026-01-05T20:14:37.925+0000] {processor.py:830} INFO - Processing file /opt/airflow/dags/diabetes_ml_pipeline.py for tasks to queue
[2026-01-05T20:14:37.927+0000] {logging_mixin.py:188} INFO - [2026-01-05T20:14:37.927+0000] {dagbag.py:538} INFO - Filling up the DagBag from /opt/airflow/dags/diabetes_ml_pipeline.py
[2026-01-05T20:14:38.369+0000] {logging_mixin.py:188} WARNING - /home/airflow/.local/lib/python3.11/site-packages/airflow/models/baseoperator.py:437 RemovedInAirflow3Warning: provide_context is deprecated as of 2.0 and is no longer required
[2026-01-05T20:14:38.375+0000] {processor.py:840} INFO - DAG(s) 'diabetes_ml_pipeline' retrieved from /opt/airflow/dags/diabetes_ml_pipeline.py
[2026-01-05T20:14:38.407+0000] {logging_mixin.py:188} INFO - [2026-01-05T20:14:38.406+0000] {dag.py:3036} INFO - Sync 1 DAGs
[2026-01-05T20:14:38.446+0000] {logging_mixin.py:188} INFO - [2026-01-05T20:14:38.446+0000] {dag.py:3823} INFO - Setting next_dagrun for diabetes_ml_pipeline to 2026-01-05 02:00:00+00:00, run_after=2026-01-06 02:00:00+00:00
[2026-01-05T20:14:38.479+0000] {processor.py:183} INFO - Processing /opt/airflow/dags/diabetes_ml_pipeline.py took 0.568 seconds
[2026-01-05T20:15:08.636+0000] {processor.py:161} INFO - Started process (PID=830) to work on /opt/airflow/dags/diabetes_ml_pipeline.py
[2026-01-05T20:15:08.638+0000] {processor.py:830} INFO - Processing file /opt/airflow/dags/diabetes_ml_pipeline.py for tasks to queue
[2026-01-05T20:15:08.640+0000] {logging_mixin.py:188} INFO - [2026-01-05T20:15:08.639+0000] {dagbag.py:538} INFO - Filling up the DagBag from /opt/airflow/dags/diabetes_ml_pipeline.py
[2026-01-05T20:15:09.006+0000] {logging_mixin.py:188} WARNING - /home/airflow/.local/lib/python3.11/site-packages/airflow/models/baseoperator.py:437 RemovedInAirflow3Warning: provide_context is deprecated as of 2.0 and is no longer required
[2026-01-05T20:15:09.012+0000] {processor.py:840} INFO - DAG(s) 'diabetes_ml_pipeline' retrieved from /opt/airflow/dags/diabetes_ml_pipeline.py
[2026-01-05T20:15:09.049+0000] {logging_mixin.py:188} INFO - [2026-01-05T20:15:09.049+0000] {dag.py:3036} INFO - Sync 1 DAGs
[2026-01-05T20:15:09.071+0000] {logging_mixin.py:188} INFO - [2026-01-05T20:15:09.071+0000] {dag.py:3823} INFO - Setting next_dagrun for diabetes_ml_pipeline to 2026-01-05 02:00:00+00:00, run_after=2026-01-06 02:00:00+00:00
[2026-01-05T20:15:09.093+0000] {processor.py:183} INFO - Processing /opt/airflow/dags/diabetes_ml_pipeline.py took 0.461 seconds
[2026-01-05T20:15:39.472+0000] {processor.py:161} INFO - Started process (PID=870) to work on /opt/airflow/dags/diabetes_ml_pipeline.py
[2026-01-05T20:15:39.474+0000] {processor.py:830} INFO - Processing file /opt/airflow/dags/diabetes_ml_pipeline.py for tasks to queue
[2026-01-05T20:15:39.475+0000] {logging_mixin.py:188} INFO - [2026-01-05T20:15:39.475+0000] {dagbag.py:538} INFO - Filling up the DagBag from /opt/airflow/dags/diabetes_ml_pipeline.py
[2026-01-05T20:15:39.795+0000] {logging_mixin.py:188} WARNING - /home/airflow/.local/lib/python3.11/site-packages/airflow/models/baseoperator.py:437 RemovedInAirflow3Warning: provide_context is deprecated as of 2.0 and is no longer required
[2026-01-05T20:15:39.800+0000] {processor.py:840} INFO - DAG(s) 'diabetes_ml_pipeline' retrieved from /opt/airflow/dags/diabetes_ml_pipeline.py
[2026-01-05T20:15:39.831+0000] {logging_mixin.py:188} INFO - [2026-01-05T20:15:39.830+0000] {dag.py:3036} INFO - Sync 1 DAGs
[2026-01-05T20:15:39.852+0000] {logging_mixin.py:188} INFO - [2026-01-05T20:15:39.852+0000] {dag.py:3823} INFO - Setting next_dagrun for diabetes_ml_pipeline to 2026-01-05 02:00:00+00:00, run_after=2026-01-06 02:00:00+00:00
[2026-01-05T20:15:39.889+0000] {processor.py:183} INFO - Processing /opt/airflow/dags/diabetes_ml_pipeline.py took 0.420 seconds
[2026-01-05T20:16:10.025+0000] {processor.py:161} INFO - Started process (PID=884) to work on /opt/airflow/dags/diabetes_ml_pipeline.py
[2026-01-05T20:16:10.027+0000] {processor.py:830} INFO - Processing file /opt/airflow/dags/diabetes_ml_pipeline.py for tasks to queue
[2026-01-05T20:16:10.028+0000] {logging_mixin.py:188} INFO - [2026-01-05T20:16:10.028+0000] {dagbag.py:538} INFO - Filling up the DagBag from /opt/airflow/dags/diabetes_ml_pipeline.py
[2026-01-05T20:16:10.332+0000] {logging_mixin.py:188} WARNING - /home/airflow/.local/lib/python3.11/site-packages/airflow/models/baseoperator.py:437 RemovedInAirflow3Warning: provide_context is deprecated as of 2.0 and is no longer required
[2026-01-05T20:16:10.337+0000] {processor.py:840} INFO - DAG(s) 'diabetes_ml_pipeline' retrieved from /opt/airflow/dags/diabetes_ml_pipeline.py
[2026-01-05T20:16:10.372+0000] {logging_mixin.py:188} INFO - [2026-01-05T20:16:10.372+0000] {dag.py:3036} INFO - Sync 1 DAGs
[2026-01-05T20:16:10.399+0000] {logging_mixin.py:188} INFO - [2026-01-05T20:16:10.399+0000] {dag.py:3823} INFO - Setting next_dagrun for diabetes_ml_pipeline to 2026-01-05 02:00:00+00:00, run_after=2026-01-06 02:00:00+00:00
[2026-01-05T20:16:10.428+0000] {processor.py:183} INFO - Processing /opt/airflow/dags/diabetes_ml_pipeline.py took 0.412 seconds
[2026-01-05T20:16:40.931+0000] {processor.py:161} INFO - Started process (PID=896) to work on /opt/airflow/dags/diabetes_ml_pipeline.py
[2026-01-05T20:16:40.933+0000] {processor.py:830} INFO - Processing file /opt/airflow/dags/diabetes_ml_pipeline.py for tasks to queue
[2026-01-05T20:16:40.935+0000] {logging_mixin.py:188} INFO - [2026-01-05T20:16:40.934+0000] {dagbag.py:538} INFO - Filling up the DagBag from /opt/airflow/dags/diabetes_ml_pipeline.py
[2026-01-05T20:16:41.342+0000] {logging_mixin.py:188} WARNING - /home/airflow/.local/lib/python3.11/site-packages/airflow/models/baseoperator.py:437 RemovedInAirflow3Warning: provide_context is deprecated as of 2.0 and is no longer required
[2026-01-05T20:16:41.348+0000] {processor.py:840} INFO - DAG(s) 'diabetes_ml_pipeline' retrieved from /opt/airflow/dags/diabetes_ml_pipeline.py
[2026-01-05T20:16:41.380+0000] {logging_mixin.py:188} INFO - [2026-01-05T20:16:41.380+0000] {dag.py:3036} INFO - Sync 1 DAGs
[2026-01-05T20:16:41.402+0000] {logging_mixin.py:188} INFO - [2026-01-05T20:16:41.402+0000] {dag.py:3823} INFO - Setting next_dagrun for diabetes_ml_pipeline to 2026-01-05 02:00:00+00:00, run_after=2026-01-06 02:00:00+00:00
[2026-01-05T20:16:41.427+0000] {processor.py:183} INFO - Processing /opt/airflow/dags/diabetes_ml_pipeline.py took 0.502 seconds
[2026-01-05T20:17:12.068+0000] {processor.py:161} INFO - Started process (PID=909) to work on /opt/airflow/dags/diabetes_ml_pipeline.py
[2026-01-05T20:17:12.070+0000] {processor.py:830} INFO - Processing file /opt/airflow/dags/diabetes_ml_pipeline.py for tasks to queue
[2026-01-05T20:17:12.072+0000] {logging_mixin.py:188} INFO - [2026-01-05T20:17:12.071+0000] {dagbag.py:538} INFO - Filling up the DagBag from /opt/airflow/dags/diabetes_ml_pipeline.py
[2026-01-05T20:17:12.457+0000] {logging_mixin.py:188} WARNING - /home/airflow/.local/lib/python3.11/site-packages/airflow/models/baseoperator.py:437 RemovedInAirflow3Warning: provide_context is deprecated as of 2.0 and is no longer required
[2026-01-05T20:17:12.466+0000] {processor.py:840} INFO - DAG(s) 'diabetes_ml_pipeline' retrieved from /opt/airflow/dags/diabetes_ml_pipeline.py
[2026-01-05T20:17:12.507+0000] {logging_mixin.py:188} INFO - [2026-01-05T20:17:12.507+0000] {dag.py:3036} INFO - Sync 1 DAGs
[2026-01-05T20:17:12.534+0000] {logging_mixin.py:188} INFO - [2026-01-05T20:17:12.534+0000] {dag.py:3823} INFO - Setting next_dagrun for diabetes_ml_pipeline to 2026-01-05 02:00:00+00:00, run_after=2026-01-06 02:00:00+00:00
[2026-01-05T20:17:12.563+0000] {processor.py:183} INFO - Processing /opt/airflow/dags/diabetes_ml_pipeline.py took 0.499 seconds
[2026-01-05T20:17:43.012+0000] {processor.py:161} INFO - Started process (PID=923) to work on /opt/airflow/dags/diabetes_ml_pipeline.py
[2026-01-05T20:17:43.013+0000] {processor.py:830} INFO - Processing file /opt/airflow/dags/diabetes_ml_pipeline.py for tasks to queue
[2026-01-05T20:17:43.014+0000] {logging_mixin.py:188} INFO - [2026-01-05T20:17:43.014+0000] {dagbag.py:538} INFO - Filling up the DagBag from /opt/airflow/dags/diabetes_ml_pipeline.py
[2026-01-05T20:17:43.329+0000] {logging_mixin.py:188} WARNING - /home/airflow/.local/lib/python3.11/site-packages/airflow/models/baseoperator.py:437 RemovedInAirflow3Warning: provide_context is deprecated as of 2.0 and is no longer required
[2026-01-05T20:17:43.334+0000] {processor.py:840} INFO - DAG(s) 'diabetes_ml_pipeline' retrieved from /opt/airflow/dags/diabetes_ml_pipeline.py
[2026-01-05T20:17:43.375+0000] {logging_mixin.py:188} INFO - [2026-01-05T20:17:43.375+0000] {dag.py:3036} INFO - Sync 1 DAGs
[2026-01-05T20:17:43.404+0000] {logging_mixin.py:188} INFO - [2026-01-05T20:17:43.403+0000] {dag.py:3823} INFO - Setting next_dagrun for diabetes_ml_pipeline to 2026-01-05 02:00:00+00:00, run_after=2026-01-06 02:00:00+00:00
[2026-01-05T20:17:43.432+0000] {processor.py:183} INFO - Processing /opt/airflow/dags/diabetes_ml_pipeline.py took 0.424 seconds
[2026-01-05T20:18:13.792+0000] {processor.py:161} INFO - Started process (PID=929) to work on /opt/airflow/dags/diabetes_ml_pipeline.py
[2026-01-05T20:18:13.793+0000] {processor.py:830} INFO - Processing file /opt/airflow/dags/diabetes_ml_pipeline.py for tasks to queue
[2026-01-05T20:18:13.795+0000] {logging_mixin.py:188} INFO - [2026-01-05T20:18:13.794+0000] {dagbag.py:538} INFO - Filling up the DagBag from /opt/airflow/dags/diabetes_ml_pipeline.py
[2026-01-05T20:18:14.125+0000] {logging_mixin.py:188} WARNING - /home/airflow/.local/lib/python3.11/site-packages/airflow/models/baseoperator.py:437 RemovedInAirflow3Warning: provide_context is deprecated as of 2.0 and is no longer required
[2026-01-05T20:18:14.133+0000] {processor.py:840} INFO - DAG(s) 'diabetes_ml_pipeline' retrieved from /opt/airflow/dags/diabetes_ml_pipeline.py
[2026-01-05T20:18:14.172+0000] {logging_mixin.py:188} INFO - [2026-01-05T20:18:14.172+0000] {dag.py:3036} INFO - Sync 1 DAGs
[2026-01-05T20:18:14.196+0000] {logging_mixin.py:188} INFO - [2026-01-05T20:18:14.196+0000] {dag.py:3823} INFO - Setting next_dagrun for diabetes_ml_pipeline to 2026-01-05 02:00:00+00:00, run_after=2026-01-06 02:00:00+00:00
[2026-01-05T20:18:14.230+0000] {processor.py:183} INFO - Processing /opt/airflow/dags/diabetes_ml_pipeline.py took 0.442 seconds
[2026-01-05T20:18:44.630+0000] {processor.py:161} INFO - Started process (PID=942) to work on /opt/airflow/dags/diabetes_ml_pipeline.py
[2026-01-05T20:18:44.633+0000] {processor.py:830} INFO - Processing file /opt/airflow/dags/diabetes_ml_pipeline.py for tasks to queue
[2026-01-05T20:18:44.640+0000] {logging_mixin.py:188} INFO - [2026-01-05T20:18:44.638+0000] {dagbag.py:538} INFO - Filling up the DagBag from /opt/airflow/dags/diabetes_ml_pipeline.py
[2026-01-05T20:18:44.954+0000] {logging_mixin.py:188} WARNING - /home/airflow/.local/lib/python3.11/site-packages/airflow/models/baseoperator.py:437 RemovedInAirflow3Warning: provide_context is deprecated as of 2.0 and is no longer required
[2026-01-05T20:18:44.959+0000] {processor.py:840} INFO - DAG(s) 'diabetes_ml_pipeline' retrieved from /opt/airflow/dags/diabetes_ml_pipeline.py
[2026-01-05T20:18:44.991+0000] {logging_mixin.py:188} INFO - [2026-01-05T20:18:44.990+0000] {dag.py:3036} INFO - Sync 1 DAGs
[2026-01-05T20:18:45.011+0000] {logging_mixin.py:188} INFO - [2026-01-05T20:18:45.010+0000] {dag.py:3823} INFO - Setting next_dagrun for diabetes_ml_pipeline to 2026-01-05 02:00:00+00:00, run_after=2026-01-06 02:00:00+00:00
[2026-01-05T20:18:45.032+0000] {processor.py:183} INFO - Processing /opt/airflow/dags/diabetes_ml_pipeline.py took 0.410 seconds
[2026-01-05T20:19:15.373+0000] {processor.py:161} INFO - Started process (PID=954) to work on /opt/airflow/dags/diabetes_ml_pipeline.py
[2026-01-05T20:19:15.378+0000] {processor.py:830} INFO - Processing file /opt/airflow/dags/diabetes_ml_pipeline.py for tasks to queue
[2026-01-05T20:19:15.382+0000] {logging_mixin.py:188} INFO - [2026-01-05T20:19:15.382+0000] {dagbag.py:538} INFO - Filling up the DagBag from /opt/airflow/dags/diabetes_ml_pipeline.py
[2026-01-05T20:19:15.797+0000] {logging_mixin.py:188} WARNING - /home/airflow/.local/lib/python3.11/site-packages/airflow/models/baseoperator.py:437 RemovedInAirflow3Warning: provide_context is deprecated as of 2.0 and is no longer required
[2026-01-05T20:19:15.803+0000] {processor.py:840} INFO - DAG(s) 'diabetes_ml_pipeline' retrieved from /opt/airflow/dags/diabetes_ml_pipeline.py
[2026-01-05T20:19:15.836+0000] {logging_mixin.py:188} INFO - [2026-01-05T20:19:15.835+0000] {dag.py:3036} INFO - Sync 1 DAGs
[2026-01-05T20:19:15.862+0000] {logging_mixin.py:188} INFO - [2026-01-05T20:19:15.862+0000] {dag.py:3823} INFO - Setting next_dagrun for diabetes_ml_pipeline to 2026-01-05 02:00:00+00:00, run_after=2026-01-06 02:00:00+00:00
[2026-01-05T20:19:15.885+0000] {processor.py:183} INFO - Processing /opt/airflow/dags/diabetes_ml_pipeline.py took 0.518 seconds
[2026-01-05T20:19:46.167+0000] {processor.py:161} INFO - Started process (PID=966) to work on /opt/airflow/dags/diabetes_ml_pipeline.py
[2026-01-05T20:19:46.169+0000] {processor.py:830} INFO - Processing file /opt/airflow/dags/diabetes_ml_pipeline.py for tasks to queue
[2026-01-05T20:19:46.170+0000] {logging_mixin.py:188} INFO - [2026-01-05T20:19:46.170+0000] {dagbag.py:538} INFO - Filling up the DagBag from /opt/airflow/dags/diabetes_ml_pipeline.py
[2026-01-05T20:19:46.490+0000] {logging_mixin.py:188} WARNING - /home/airflow/.local/lib/python3.11/site-packages/airflow/models/baseoperator.py:437 RemovedInAirflow3Warning: provide_context is deprecated as of 2.0 and is no longer required
[2026-01-05T20:19:46.499+0000] {processor.py:840} INFO - DAG(s) 'diabetes_ml_pipeline' retrieved from /opt/airflow/dags/diabetes_ml_pipeline.py
[2026-01-05T20:19:46.533+0000] {logging_mixin.py:188} INFO - [2026-01-05T20:19:46.533+0000] {dag.py:3036} INFO - Sync 1 DAGs
[2026-01-05T20:19:46.555+0000] {logging_mixin.py:188} INFO - [2026-01-05T20:19:46.555+0000] {dag.py:3823} INFO - Setting next_dagrun for diabetes_ml_pipeline to 2026-01-05 02:00:00+00:00, run_after=2026-01-06 02:00:00+00:00
[2026-01-05T20:19:46.580+0000] {processor.py:183} INFO - Processing /opt/airflow/dags/diabetes_ml_pipeline.py took 0.425 seconds
[2026-01-05T20:20:17.035+0000] {processor.py:161} INFO - Started process (PID=981) to work on /opt/airflow/dags/diabetes_ml_pipeline.py
[2026-01-05T20:20:17.037+0000] {processor.py:830} INFO - Processing file /opt/airflow/dags/diabetes_ml_pipeline.py for tasks to queue
[2026-01-05T20:20:17.039+0000] {logging_mixin.py:188} INFO - [2026-01-05T20:20:17.038+0000] {dagbag.py:538} INFO - Filling up the DagBag from /opt/airflow/dags/diabetes_ml_pipeline.py
[2026-01-05T20:20:17.370+0000] {logging_mixin.py:188} WARNING - /home/airflow/.local/lib/python3.11/site-packages/airflow/models/baseoperator.py:437 RemovedInAirflow3Warning: provide_context is deprecated as of 2.0 and is no longer required
[2026-01-05T20:20:17.376+0000] {processor.py:840} INFO - DAG(s) 'diabetes_ml_pipeline' retrieved from /opt/airflow/dags/diabetes_ml_pipeline.py
[2026-01-05T20:20:17.410+0000] {logging_mixin.py:188} INFO - [2026-01-05T20:20:17.409+0000] {dag.py:3036} INFO - Sync 1 DAGs
[2026-01-05T20:20:17.435+0000] {logging_mixin.py:188} INFO - [2026-01-05T20:20:17.435+0000] {dag.py:3823} INFO - Setting next_dagrun for diabetes_ml_pipeline to 2026-01-05 02:00:00+00:00, run_after=2026-01-06 02:00:00+00:00
[2026-01-05T20:20:17.461+0000] {processor.py:183} INFO - Processing /opt/airflow/dags/diabetes_ml_pipeline.py took 0.434 seconds
[2026-01-05T20:20:47.987+0000] {processor.py:161} INFO - Started process (PID=993) to work on /opt/airflow/dags/diabetes_ml_pipeline.py
[2026-01-05T20:20:47.991+0000] {processor.py:830} INFO - Processing file /opt/airflow/dags/diabetes_ml_pipeline.py for tasks to queue
[2026-01-05T20:20:47.996+0000] {logging_mixin.py:188} INFO - [2026-01-05T20:20:47.994+0000] {dagbag.py:538} INFO - Filling up the DagBag from /opt/airflow/dags/diabetes_ml_pipeline.py
[2026-01-05T20:20:48.391+0000] {logging_mixin.py:188} WARNING - /home/airflow/.local/lib/python3.11/site-packages/airflow/models/baseoperator.py:437 RemovedInAirflow3Warning: provide_context is deprecated as of 2.0 and is no longer required
[2026-01-05T20:20:48.397+0000] {processor.py:840} INFO - DAG(s) 'diabetes_ml_pipeline' retrieved from /opt/airflow/dags/diabetes_ml_pipeline.py
[2026-01-05T20:20:48.434+0000] {logging_mixin.py:188} INFO - [2026-01-05T20:20:48.433+0000] {dag.py:3036} INFO - Sync 1 DAGs
[2026-01-05T20:20:48.459+0000] {logging_mixin.py:188} INFO - [2026-01-05T20:20:48.459+0000] {dag.py:3823} INFO - Setting next_dagrun for diabetes_ml_pipeline to 2026-01-05 02:00:00+00:00, run_after=2026-01-06 02:00:00+00:00
[2026-01-05T20:20:48.485+0000] {processor.py:183} INFO - Processing /opt/airflow/dags/diabetes_ml_pipeline.py took 0.524 seconds
[2026-01-05T20:21:18.992+0000] {processor.py:161} INFO - Started process (PID=1006) to work on /opt/airflow/dags/diabetes_ml_pipeline.py
[2026-01-05T20:21:18.994+0000] {processor.py:830} INFO - Processing file /opt/airflow/dags/diabetes_ml_pipeline.py for tasks to queue
[2026-01-05T20:21:18.995+0000] {logging_mixin.py:188} INFO - [2026-01-05T20:21:18.995+0000] {dagbag.py:538} INFO - Filling up the DagBag from /opt/airflow/dags/diabetes_ml_pipeline.py
[2026-01-05T20:21:19.374+0000] {logging_mixin.py:188} WARNING - /home/airflow/.local/lib/python3.11/site-packages/airflow/models/baseoperator.py:437 RemovedInAirflow3Warning: provide_context is deprecated as of 2.0 and is no longer required
[2026-01-05T20:21:19.380+0000] {processor.py:840} INFO - DAG(s) 'diabetes_ml_pipeline' retrieved from /opt/airflow/dags/diabetes_ml_pipeline.py
[2026-01-05T20:21:19.416+0000] {logging_mixin.py:188} INFO - [2026-01-05T20:21:19.415+0000] {dag.py:3036} INFO - Sync 1 DAGs
[2026-01-05T20:21:19.442+0000] {logging_mixin.py:188} INFO - [2026-01-05T20:21:19.442+0000] {dag.py:3823} INFO - Setting next_dagrun for diabetes_ml_pipeline to 2026-01-05 02:00:00+00:00, run_after=2026-01-06 02:00:00+00:00
[2026-01-05T20:21:19.470+0000] {processor.py:183} INFO - Processing /opt/airflow/dags/diabetes_ml_pipeline.py took 0.482 seconds
[2026-01-05T20:21:49.950+0000] {processor.py:161} INFO - Started process (PID=1021) to work on /opt/airflow/dags/diabetes_ml_pipeline.py
[2026-01-05T20:21:49.953+0000] {processor.py:830} INFO - Processing file /opt/airflow/dags/diabetes_ml_pipeline.py for tasks to queue
[2026-01-05T20:21:49.956+0000] {logging_mixin.py:188} INFO - [2026-01-05T20:21:49.954+0000] {dagbag.py:538} INFO - Filling up the DagBag from /opt/airflow/dags/diabetes_ml_pipeline.py
[2026-01-05T20:21:50.319+0000] {logging_mixin.py:188} WARNING - /home/airflow/.local/lib/python3.11/site-packages/airflow/models/baseoperator.py:437 RemovedInAirflow3Warning: provide_context is deprecated as of 2.0 and is no longer required
[2026-01-05T20:21:50.324+0000] {processor.py:840} INFO - DAG(s) 'diabetes_ml_pipeline' retrieved from /opt/airflow/dags/diabetes_ml_pipeline.py
[2026-01-05T20:21:50.360+0000] {logging_mixin.py:188} INFO - [2026-01-05T20:21:50.359+0000] {dag.py:3036} INFO - Sync 1 DAGs
[2026-01-05T20:21:50.381+0000] {logging_mixin.py:188} INFO - [2026-01-05T20:21:50.381+0000] {dag.py:3823} INFO - Setting next_dagrun for diabetes_ml_pipeline to 2026-01-05 02:00:00+00:00, run_after=2026-01-06 02:00:00+00:00
[2026-01-05T20:21:50.409+0000] {processor.py:183} INFO - Processing /opt/airflow/dags/diabetes_ml_pipeline.py took 0.468 seconds
[2026-01-05T20:22:20.976+0000] {processor.py:161} INFO - Started process (PID=1037) to work on /opt/airflow/dags/diabetes_ml_pipeline.py
[2026-01-05T20:22:20.979+0000] {processor.py:830} INFO - Processing file /opt/airflow/dags/diabetes_ml_pipeline.py for tasks to queue
[2026-01-05T20:22:20.985+0000] {logging_mixin.py:188} INFO - [2026-01-05T20:22:20.984+0000] {dagbag.py:538} INFO - Filling up the DagBag from /opt/airflow/dags/diabetes_ml_pipeline.py
[2026-01-05T20:22:21.332+0000] {logging_mixin.py:188} WARNING - /home/airflow/.local/lib/python3.11/site-packages/airflow/models/baseoperator.py:437 RemovedInAirflow3Warning: provide_context is deprecated as of 2.0 and is no longer required
[2026-01-05T20:22:21.340+0000] {processor.py:840} INFO - DAG(s) 'diabetes_ml_pipeline' retrieved from /opt/airflow/dags/diabetes_ml_pipeline.py
[2026-01-05T20:22:21.385+0000] {logging_mixin.py:188} INFO - [2026-01-05T20:22:21.384+0000] {dag.py:3036} INFO - Sync 1 DAGs
[2026-01-05T20:22:21.409+0000] {logging_mixin.py:188} INFO - [2026-01-05T20:22:21.409+0000] {dag.py:3823} INFO - Setting next_dagrun for diabetes_ml_pipeline to 2026-01-05 02:00:00+00:00, run_after=2026-01-06 02:00:00+00:00
[2026-01-05T20:22:21.434+0000] {processor.py:183} INFO - Processing /opt/airflow/dags/diabetes_ml_pipeline.py took 0.473 seconds
[2026-01-05T20:22:51.858+0000] {processor.py:161} INFO - Started process (PID=1053) to work on /opt/airflow/dags/diabetes_ml_pipeline.py
[2026-01-05T20:22:51.859+0000] {processor.py:830} INFO - Processing file /opt/airflow/dags/diabetes_ml_pipeline.py for tasks to queue
[2026-01-05T20:22:51.861+0000] {logging_mixin.py:188} INFO - [2026-01-05T20:22:51.860+0000] {dagbag.py:538} INFO - Filling up the DagBag from /opt/airflow/dags/diabetes_ml_pipeline.py
[2026-01-05T20:22:52.231+0000] {logging_mixin.py:188} WARNING - /home/airflow/.local/lib/python3.11/site-packages/airflow/models/baseoperator.py:437 RemovedInAirflow3Warning: provide_context is deprecated as of 2.0 and is no longer required
[2026-01-05T20:22:52.237+0000] {processor.py:840} INFO - DAG(s) 'diabetes_ml_pipeline' retrieved from /opt/airflow/dags/diabetes_ml_pipeline.py
[2026-01-05T20:22:52.272+0000] {logging_mixin.py:188} INFO - [2026-01-05T20:22:52.272+0000] {dag.py:3036} INFO - Sync 1 DAGs
[2026-01-05T20:22:52.294+0000] {logging_mixin.py:188} INFO - [2026-01-05T20:22:52.294+0000] {dag.py:3823} INFO - Setting next_dagrun for diabetes_ml_pipeline to 2026-01-05 02:00:00+00:00, run_after=2026-01-06 02:00:00+00:00
[2026-01-05T20:22:52.317+0000] {processor.py:183} INFO - Processing /opt/airflow/dags/diabetes_ml_pipeline.py took 0.465 seconds
[2026-01-05T20:23:22.922+0000] {processor.py:161} INFO - Started process (PID=1070) to work on /opt/airflow/dags/diabetes_ml_pipeline.py
[2026-01-05T20:23:22.928+0000] {processor.py:830} INFO - Processing file /opt/airflow/dags/diabetes_ml_pipeline.py for tasks to queue
[2026-01-05T20:23:22.931+0000] {logging_mixin.py:188} INFO - [2026-01-05T20:23:22.930+0000] {dagbag.py:538} INFO - Filling up the DagBag from /opt/airflow/dags/diabetes_ml_pipeline.py
[2026-01-05T20:23:23.237+0000] {logging_mixin.py:188} WARNING - /home/airflow/.local/lib/python3.11/site-packages/airflow/models/baseoperator.py:437 RemovedInAirflow3Warning: provide_context is deprecated as of 2.0 and is no longer required
[2026-01-05T20:23:23.242+0000] {processor.py:840} INFO - DAG(s) 'diabetes_ml_pipeline' retrieved from /opt/airflow/dags/diabetes_ml_pipeline.py
[2026-01-05T20:23:23.275+0000] {logging_mixin.py:188} INFO - [2026-01-05T20:23:23.275+0000] {dag.py:3036} INFO - Sync 1 DAGs
[2026-01-05T20:23:23.303+0000] {logging_mixin.py:188} INFO - [2026-01-05T20:23:23.302+0000] {dag.py:3823} INFO - Setting next_dagrun for diabetes_ml_pipeline to 2026-01-05 02:00:00+00:00, run_after=2026-01-06 02:00:00+00:00
[2026-01-05T20:23:23.340+0000] {processor.py:183} INFO - Processing /opt/airflow/dags/diabetes_ml_pipeline.py took 0.440 seconds
[2026-01-05T20:23:53.805+0000] {processor.py:161} INFO - Started process (PID=1086) to work on /opt/airflow/dags/diabetes_ml_pipeline.py
[2026-01-05T20:23:53.807+0000] {processor.py:830} INFO - Processing file /opt/airflow/dags/diabetes_ml_pipeline.py for tasks to queue
[2026-01-05T20:23:53.808+0000] {logging_mixin.py:188} INFO - [2026-01-05T20:23:53.808+0000] {dagbag.py:538} INFO - Filling up the DagBag from /opt/airflow/dags/diabetes_ml_pipeline.py
[2026-01-05T20:23:54.164+0000] {logging_mixin.py:188} WARNING - /home/airflow/.local/lib/python3.11/site-packages/airflow/models/baseoperator.py:437 RemovedInAirflow3Warning: provide_context is deprecated as of 2.0 and is no longer required
[2026-01-05T20:23:54.173+0000] {processor.py:840} INFO - DAG(s) 'diabetes_ml_pipeline' retrieved from /opt/airflow/dags/diabetes_ml_pipeline.py
[2026-01-05T20:23:54.233+0000] {logging_mixin.py:188} INFO - [2026-01-05T20:23:54.233+0000] {dag.py:3036} INFO - Sync 1 DAGs
[2026-01-05T20:23:54.260+0000] {logging_mixin.py:188} INFO - [2026-01-05T20:23:54.260+0000] {dag.py:3823} INFO - Setting next_dagrun for diabetes_ml_pipeline to 2026-01-05 02:00:00+00:00, run_after=2026-01-06 02:00:00+00:00
[2026-01-05T20:23:54.284+0000] {processor.py:183} INFO - Processing /opt/airflow/dags/diabetes_ml_pipeline.py took 0.484 seconds
[2026-01-05T20:24:24.430+0000] {processor.py:161} INFO - Started process (PID=1100) to work on /opt/airflow/dags/diabetes_ml_pipeline.py
[2026-01-05T20:24:24.432+0000] {processor.py:830} INFO - Processing file /opt/airflow/dags/diabetes_ml_pipeline.py for tasks to queue
[2026-01-05T20:24:24.434+0000] {logging_mixin.py:188} INFO - [2026-01-05T20:24:24.434+0000] {dagbag.py:538} INFO - Filling up the DagBag from /opt/airflow/dags/diabetes_ml_pipeline.py
[2026-01-05T20:24:24.739+0000] {logging_mixin.py:188} WARNING - /home/airflow/.local/lib/python3.11/site-packages/airflow/models/baseoperator.py:437 RemovedInAirflow3Warning: provide_context is deprecated as of 2.0 and is no longer required
[2026-01-05T20:24:24.745+0000] {processor.py:840} INFO - DAG(s) 'diabetes_ml_pipeline' retrieved from /opt/airflow/dags/diabetes_ml_pipeline.py
[2026-01-05T20:24:24.789+0000] {logging_mixin.py:188} INFO - [2026-01-05T20:24:24.788+0000] {dag.py:3036} INFO - Sync 1 DAGs
[2026-01-05T20:24:24.814+0000] {logging_mixin.py:188} INFO - [2026-01-05T20:24:24.814+0000] {dag.py:3823} INFO - Setting next_dagrun for diabetes_ml_pipeline to 2026-01-05 02:00:00+00:00, run_after=2026-01-06 02:00:00+00:00
[2026-01-05T20:24:24.840+0000] {processor.py:183} INFO - Processing /opt/airflow/dags/diabetes_ml_pipeline.py took 0.415 seconds
[2026-01-05T20:24:55.481+0000] {processor.py:161} INFO - Started process (PID=1116) to work on /opt/airflow/dags/diabetes_ml_pipeline.py
[2026-01-05T20:24:55.484+0000] {processor.py:830} INFO - Processing file /opt/airflow/dags/diabetes_ml_pipeline.py for tasks to queue
[2026-01-05T20:24:55.498+0000] {logging_mixin.py:188} INFO - [2026-01-05T20:24:55.485+0000] {dagbag.py:538} INFO - Filling up the DagBag from /opt/airflow/dags/diabetes_ml_pipeline.py
[2026-01-05T20:24:56.212+0000] {logging_mixin.py:188} WARNING - /home/airflow/.local/lib/python3.11/site-packages/airflow/models/baseoperator.py:437 RemovedInAirflow3Warning: provide_context is deprecated as of 2.0 and is no longer required
[2026-01-05T20:24:56.225+0000] {processor.py:840} INFO - DAG(s) 'diabetes_ml_pipeline' retrieved from /opt/airflow/dags/diabetes_ml_pipeline.py
[2026-01-05T20:24:56.277+0000] {logging_mixin.py:188} INFO - [2026-01-05T20:24:56.276+0000] {dag.py:3036} INFO - Sync 1 DAGs
[2026-01-05T20:24:56.333+0000] {logging_mixin.py:188} INFO - [2026-01-05T20:24:56.333+0000] {dag.py:3823} INFO - Setting next_dagrun for diabetes_ml_pipeline to 2026-01-05 02:00:00+00:00, run_after=2026-01-06 02:00:00+00:00
[2026-01-05T20:24:56.373+0000] {processor.py:183} INFO - Processing /opt/airflow/dags/diabetes_ml_pipeline.py took 0.947 seconds
[2026-01-05T20:25:26.822+0000] {processor.py:161} INFO - Started process (PID=1179) to work on /opt/airflow/dags/diabetes_ml_pipeline.py
[2026-01-05T20:25:26.823+0000] {processor.py:830} INFO - Processing file /opt/airflow/dags/diabetes_ml_pipeline.py for tasks to queue
[2026-01-05T20:25:26.825+0000] {logging_mixin.py:188} INFO - [2026-01-05T20:25:26.825+0000] {dagbag.py:538} INFO - Filling up the DagBag from /opt/airflow/dags/diabetes_ml_pipeline.py
[2026-01-05T20:25:27.264+0000] {logging_mixin.py:188} WARNING - /home/airflow/.local/lib/python3.11/site-packages/airflow/models/baseoperator.py:437 RemovedInAirflow3Warning: provide_context is deprecated as of 2.0 and is no longer required
[2026-01-05T20:25:27.271+0000] {processor.py:840} INFO - DAG(s) 'diabetes_ml_pipeline' retrieved from /opt/airflow/dags/diabetes_ml_pipeline.py
[2026-01-05T20:25:27.314+0000] {logging_mixin.py:188} INFO - [2026-01-05T20:25:27.313+0000] {dag.py:3036} INFO - Sync 1 DAGs
[2026-01-05T20:25:27.339+0000] {logging_mixin.py:188} INFO - [2026-01-05T20:25:27.338+0000] {dag.py:3823} INFO - Setting next_dagrun for diabetes_ml_pipeline to 2026-01-05 02:00:00+00:00, run_after=2026-01-06 02:00:00+00:00
[2026-01-05T20:25:27.376+0000] {processor.py:183} INFO - Processing /opt/airflow/dags/diabetes_ml_pipeline.py took 0.559 seconds
[2026-01-05T20:25:57.922+0000] {processor.py:161} INFO - Started process (PID=1206) to work on /opt/airflow/dags/diabetes_ml_pipeline.py
[2026-01-05T20:25:57.923+0000] {processor.py:830} INFO - Processing file /opt/airflow/dags/diabetes_ml_pipeline.py for tasks to queue
[2026-01-05T20:25:57.925+0000] {logging_mixin.py:188} INFO - [2026-01-05T20:25:57.925+0000] {dagbag.py:538} INFO - Filling up the DagBag from /opt/airflow/dags/diabetes_ml_pipeline.py
[2026-01-05T20:25:58.470+0000] {logging_mixin.py:188} WARNING - /home/airflow/.local/lib/python3.11/site-packages/airflow/models/baseoperator.py:437 RemovedInAirflow3Warning: provide_context is deprecated as of 2.0 and is no longer required
[2026-01-05T20:25:58.477+0000] {processor.py:840} INFO - DAG(s) 'diabetes_ml_pipeline' retrieved from /opt/airflow/dags/diabetes_ml_pipeline.py
[2026-01-05T20:25:58.543+0000] {logging_mixin.py:188} INFO - [2026-01-05T20:25:58.543+0000] {dag.py:3036} INFO - Sync 1 DAGs
[2026-01-05T20:25:58.581+0000] {logging_mixin.py:188} INFO - [2026-01-05T20:25:58.581+0000] {dag.py:3823} INFO - Setting next_dagrun for diabetes_ml_pipeline to 2026-01-05 02:00:00+00:00, run_after=2026-01-06 02:00:00+00:00
[2026-01-05T20:25:58.614+0000] {processor.py:183} INFO - Processing /opt/airflow/dags/diabetes_ml_pipeline.py took 0.698 seconds
[2026-01-05T20:26:28.750+0000] {processor.py:161} INFO - Started process (PID=1233) to work on /opt/airflow/dags/diabetes_ml_pipeline.py
[2026-01-05T20:26:28.752+0000] {processor.py:830} INFO - Processing file /opt/airflow/dags/diabetes_ml_pipeline.py for tasks to queue
[2026-01-05T20:26:28.754+0000] {logging_mixin.py:188} INFO - [2026-01-05T20:26:28.753+0000] {dagbag.py:538} INFO - Filling up the DagBag from /opt/airflow/dags/diabetes_ml_pipeline.py
[2026-01-05T20:26:29.302+0000] {logging_mixin.py:188} WARNING - /home/airflow/.local/lib/python3.11/site-packages/airflow/models/baseoperator.py:437 RemovedInAirflow3Warning: provide_context is deprecated as of 2.0 and is no longer required
[2026-01-05T20:26:29.309+0000] {processor.py:840} INFO - DAG(s) 'diabetes_ml_pipeline' retrieved from /opt/airflow/dags/diabetes_ml_pipeline.py
[2026-01-05T20:26:29.351+0000] {logging_mixin.py:188} INFO - [2026-01-05T20:26:29.350+0000] {dag.py:3036} INFO - Sync 1 DAGs
[2026-01-05T20:26:29.382+0000] {logging_mixin.py:188} INFO - [2026-01-05T20:26:29.382+0000] {dag.py:3823} INFO - Setting next_dagrun for diabetes_ml_pipeline to 2026-01-05 02:00:00+00:00, run_after=2026-01-06 02:00:00+00:00
[2026-01-05T20:26:29.406+0000] {processor.py:183} INFO - Processing /opt/airflow/dags/diabetes_ml_pipeline.py took 0.660 seconds
[2026-01-05T20:26:59.691+0000] {processor.py:161} INFO - Started process (PID=1278) to work on /opt/airflow/dags/diabetes_ml_pipeline.py
[2026-01-05T20:26:59.694+0000] {processor.py:830} INFO - Processing file /opt/airflow/dags/diabetes_ml_pipeline.py for tasks to queue
[2026-01-05T20:26:59.696+0000] {logging_mixin.py:188} INFO - [2026-01-05T20:26:59.695+0000] {dagbag.py:538} INFO - Filling up the DagBag from /opt/airflow/dags/diabetes_ml_pipeline.py
[2026-01-05T20:27:00.041+0000] {logging_mixin.py:188} WARNING - /home/airflow/.local/lib/python3.11/site-packages/airflow/models/baseoperator.py:437 RemovedInAirflow3Warning: provide_context is deprecated as of 2.0 and is no longer required
[2026-01-05T20:27:00.049+0000] {processor.py:840} INFO - DAG(s) 'diabetes_ml_pipeline' retrieved from /opt/airflow/dags/diabetes_ml_pipeline.py
[2026-01-05T20:27:00.086+0000] {logging_mixin.py:188} INFO - [2026-01-05T20:27:00.085+0000] {dag.py:3036} INFO - Sync 1 DAGs
[2026-01-05T20:27:00.107+0000] {logging_mixin.py:188} INFO - [2026-01-05T20:27:00.107+0000] {dag.py:3823} INFO - Setting next_dagrun for diabetes_ml_pipeline to 2026-01-05 02:00:00+00:00, run_after=2026-01-06 02:00:00+00:00
[2026-01-05T20:27:00.150+0000] {processor.py:183} INFO - Processing /opt/airflow/dags/diabetes_ml_pipeline.py took 0.462 seconds
[2026-01-05T20:27:30.401+0000] {processor.py:161} INFO - Started process (PID=1305) to work on /opt/airflow/dags/diabetes_ml_pipeline.py
[2026-01-05T20:27:30.403+0000] {processor.py:830} INFO - Processing file /opt/airflow/dags/diabetes_ml_pipeline.py for tasks to queue
[2026-01-05T20:27:30.404+0000] {logging_mixin.py:188} INFO - [2026-01-05T20:27:30.403+0000] {dagbag.py:538} INFO - Filling up the DagBag from /opt/airflow/dags/diabetes_ml_pipeline.py
[2026-01-05T20:27:30.779+0000] {logging_mixin.py:188} WARNING - /home/airflow/.local/lib/python3.11/site-packages/airflow/models/baseoperator.py:437 RemovedInAirflow3Warning: provide_context is deprecated as of 2.0 and is no longer required
[2026-01-05T20:27:30.784+0000] {processor.py:840} INFO - DAG(s) 'diabetes_ml_pipeline' retrieved from /opt/airflow/dags/diabetes_ml_pipeline.py
[2026-01-05T20:27:30.817+0000] {logging_mixin.py:188} INFO - [2026-01-05T20:27:30.817+0000] {dag.py:3036} INFO - Sync 1 DAGs
[2026-01-05T20:27:30.837+0000] {logging_mixin.py:188} INFO - [2026-01-05T20:27:30.837+0000] {dag.py:3823} INFO - Setting next_dagrun for diabetes_ml_pipeline to 2026-01-05 02:00:00+00:00, run_after=2026-01-06 02:00:00+00:00
[2026-01-05T20:27:30.861+0000] {processor.py:183} INFO - Processing /opt/airflow/dags/diabetes_ml_pipeline.py took 0.464 seconds
[2026-01-05T20:28:01.081+0000] {processor.py:161} INFO - Started process (PID=1332) to work on /opt/airflow/dags/diabetes_ml_pipeline.py
[2026-01-05T20:28:01.083+0000] {processor.py:830} INFO - Processing file /opt/airflow/dags/diabetes_ml_pipeline.py for tasks to queue
[2026-01-05T20:28:01.084+0000] {logging_mixin.py:188} INFO - [2026-01-05T20:28:01.084+0000] {dagbag.py:538} INFO - Filling up the DagBag from /opt/airflow/dags/diabetes_ml_pipeline.py
[2026-01-05T20:28:01.587+0000] {logging_mixin.py:188} WARNING - /home/airflow/.local/lib/python3.11/site-packages/airflow/models/baseoperator.py:437 RemovedInAirflow3Warning: provide_context is deprecated as of 2.0 and is no longer required
[2026-01-05T20:28:01.597+0000] {processor.py:840} INFO - DAG(s) 'diabetes_ml_pipeline' retrieved from /opt/airflow/dags/diabetes_ml_pipeline.py
[2026-01-05T20:28:01.651+0000] {logging_mixin.py:188} INFO - [2026-01-05T20:28:01.650+0000] {dag.py:3036} INFO - Sync 1 DAGs
[2026-01-05T20:28:01.680+0000] {logging_mixin.py:188} INFO - [2026-01-05T20:28:01.680+0000] {dag.py:3823} INFO - Setting next_dagrun for diabetes_ml_pipeline to 2026-01-05 02:00:00+00:00, run_after=2026-01-06 02:00:00+00:00
[2026-01-05T20:28:01.713+0000] {processor.py:183} INFO - Processing /opt/airflow/dags/diabetes_ml_pipeline.py took 0.638 seconds
[2026-01-05T20:28:32.352+0000] {processor.py:161} INFO - Started process (PID=1353) to work on /opt/airflow/dags/diabetes_ml_pipeline.py
[2026-01-05T20:28:32.353+0000] {processor.py:830} INFO - Processing file /opt/airflow/dags/diabetes_ml_pipeline.py for tasks to queue
[2026-01-05T20:28:32.355+0000] {logging_mixin.py:188} INFO - [2026-01-05T20:28:32.354+0000] {dagbag.py:538} INFO - Filling up the DagBag from /opt/airflow/dags/diabetes_ml_pipeline.py
[2026-01-05T20:28:32.783+0000] {logging_mixin.py:188} WARNING - /home/airflow/.local/lib/python3.11/site-packages/airflow/models/baseoperator.py:437 RemovedInAirflow3Warning: provide_context is deprecated as of 2.0 and is no longer required
[2026-01-05T20:28:32.788+0000] {processor.py:840} INFO - DAG(s) 'diabetes_ml_pipeline' retrieved from /opt/airflow/dags/diabetes_ml_pipeline.py
[2026-01-05T20:28:32.820+0000] {logging_mixin.py:188} INFO - [2026-01-05T20:28:32.820+0000] {dag.py:3036} INFO - Sync 1 DAGs
[2026-01-05T20:28:32.846+0000] {logging_mixin.py:188} INFO - [2026-01-05T20:28:32.846+0000] {dag.py:3823} INFO - Setting next_dagrun for diabetes_ml_pipeline to 2026-01-05 02:00:00+00:00, run_after=2026-01-06 02:00:00+00:00
[2026-01-05T20:28:32.868+0000] {processor.py:183} INFO - Processing /opt/airflow/dags/diabetes_ml_pipeline.py took 0.520 seconds
[2026-01-05T20:29:03.307+0000] {processor.py:161} INFO - Started process (PID=1380) to work on /opt/airflow/dags/diabetes_ml_pipeline.py
[2026-01-05T20:29:03.311+0000] {processor.py:830} INFO - Processing file /opt/airflow/dags/diabetes_ml_pipeline.py for tasks to queue
[2026-01-05T20:29:03.315+0000] {logging_mixin.py:188} INFO - [2026-01-05T20:29:03.313+0000] {dagbag.py:538} INFO - Filling up the DagBag from /opt/airflow/dags/diabetes_ml_pipeline.py
[2026-01-05T20:29:03.766+0000] {logging_mixin.py:188} WARNING - /home/airflow/.local/lib/python3.11/site-packages/airflow/models/baseoperator.py:437 RemovedInAirflow3Warning: provide_context is deprecated as of 2.0 and is no longer required
[2026-01-05T20:29:03.772+0000] {processor.py:840} INFO - DAG(s) 'diabetes_ml_pipeline' retrieved from /opt/airflow/dags/diabetes_ml_pipeline.py
[2026-01-05T20:29:03.805+0000] {logging_mixin.py:188} INFO - [2026-01-05T20:29:03.804+0000] {dag.py:3036} INFO - Sync 1 DAGs
[2026-01-05T20:29:03.827+0000] {logging_mixin.py:188} INFO - [2026-01-05T20:29:03.827+0000] {dag.py:3823} INFO - Setting next_dagrun for diabetes_ml_pipeline to 2026-01-05 02:00:00+00:00, run_after=2026-01-06 02:00:00+00:00
[2026-01-05T20:29:03.864+0000] {processor.py:183} INFO - Processing /opt/airflow/dags/diabetes_ml_pipeline.py took 0.573 seconds
[2026-01-05T20:29:34.006+0000] {processor.py:161} INFO - Started process (PID=1407) to work on /opt/airflow/dags/diabetes_ml_pipeline.py
[2026-01-05T20:29:34.009+0000] {processor.py:830} INFO - Processing file /opt/airflow/dags/diabetes_ml_pipeline.py for tasks to queue
[2026-01-05T20:29:34.011+0000] {logging_mixin.py:188} INFO - [2026-01-05T20:29:34.011+0000] {dagbag.py:538} INFO - Filling up the DagBag from /opt/airflow/dags/diabetes_ml_pipeline.py
[2026-01-05T20:29:34.460+0000] {logging_mixin.py:188} WARNING - /home/airflow/.local/lib/python3.11/site-packages/airflow/models/baseoperator.py:437 RemovedInAirflow3Warning: provide_context is deprecated as of 2.0 and is no longer required
[2026-01-05T20:29:34.466+0000] {processor.py:840} INFO - DAG(s) 'diabetes_ml_pipeline' retrieved from /opt/airflow/dags/diabetes_ml_pipeline.py
[2026-01-05T20:29:34.511+0000] {logging_mixin.py:188} INFO - [2026-01-05T20:29:34.510+0000] {dag.py:3036} INFO - Sync 1 DAGs
[2026-01-05T20:29:34.532+0000] {logging_mixin.py:188} INFO - [2026-01-05T20:29:34.532+0000] {dag.py:3823} INFO - Setting next_dagrun for diabetes_ml_pipeline to 2026-01-05 02:00:00+00:00, run_after=2026-01-06 02:00:00+00:00
[2026-01-05T20:29:34.582+0000] {processor.py:183} INFO - Processing /opt/airflow/dags/diabetes_ml_pipeline.py took 0.583 seconds
[2026-01-05T20:30:05.087+0000] {processor.py:161} INFO - Started process (PID=1434) to work on /opt/airflow/dags/diabetes_ml_pipeline.py
[2026-01-05T20:30:05.089+0000] {processor.py:830} INFO - Processing file /opt/airflow/dags/diabetes_ml_pipeline.py for tasks to queue
[2026-01-05T20:30:05.091+0000] {logging_mixin.py:188} INFO - [2026-01-05T20:30:05.090+0000] {dagbag.py:538} INFO - Filling up the DagBag from /opt/airflow/dags/diabetes_ml_pipeline.py
[2026-01-05T20:30:05.584+0000] {logging_mixin.py:188} WARNING - /home/airflow/.local/lib/python3.11/site-packages/airflow/models/baseoperator.py:437 RemovedInAirflow3Warning: provide_context is deprecated as of 2.0 and is no longer required
[2026-01-05T20:30:05.590+0000] {processor.py:840} INFO - DAG(s) 'diabetes_ml_pipeline' retrieved from /opt/airflow/dags/diabetes_ml_pipeline.py
[2026-01-05T20:30:05.631+0000] {logging_mixin.py:188} INFO - [2026-01-05T20:30:05.631+0000] {dag.py:3036} INFO - Sync 1 DAGs
[2026-01-05T20:30:05.672+0000] {logging_mixin.py:188} INFO - [2026-01-05T20:30:05.672+0000] {dag.py:3823} INFO - Setting next_dagrun for diabetes_ml_pipeline to 2026-01-05 02:00:00+00:00, run_after=2026-01-06 02:00:00+00:00
[2026-01-05T20:30:05.701+0000] {processor.py:183} INFO - Processing /opt/airflow/dags/diabetes_ml_pipeline.py took 0.620 seconds
[2026-01-05T20:30:36.136+0000] {processor.py:161} INFO - Started process (PID=1497) to work on /opt/airflow/dags/diabetes_ml_pipeline.py
[2026-01-05T20:30:36.137+0000] {processor.py:830} INFO - Processing file /opt/airflow/dags/diabetes_ml_pipeline.py for tasks to queue
[2026-01-05T20:30:36.138+0000] {logging_mixin.py:188} INFO - [2026-01-05T20:30:36.138+0000] {dagbag.py:538} INFO - Filling up the DagBag from /opt/airflow/dags/diabetes_ml_pipeline.py
[2026-01-05T20:30:36.522+0000] {logging_mixin.py:188} WARNING - /home/airflow/.local/lib/python3.11/site-packages/airflow/models/baseoperator.py:437 RemovedInAirflow3Warning: provide_context is deprecated as of 2.0 and is no longer required
[2026-01-05T20:30:36.529+0000] {processor.py:840} INFO - DAG(s) 'diabetes_ml_pipeline' retrieved from /opt/airflow/dags/diabetes_ml_pipeline.py
[2026-01-05T20:30:36.581+0000] {logging_mixin.py:188} INFO - [2026-01-05T20:30:36.581+0000] {dag.py:3036} INFO - Sync 1 DAGs
[2026-01-05T20:30:36.625+0000] {logging_mixin.py:188} INFO - [2026-01-05T20:30:36.625+0000] {dag.py:3823} INFO - Setting next_dagrun for diabetes_ml_pipeline to 2026-01-05 02:00:00+00:00, run_after=2026-01-06 02:00:00+00:00
[2026-01-05T20:30:36.654+0000] {processor.py:183} INFO - Processing /opt/airflow/dags/diabetes_ml_pipeline.py took 0.522 seconds
[2026-01-05T20:31:06.980+0000] {processor.py:161} INFO - Started process (PID=1525) to work on /opt/airflow/dags/diabetes_ml_pipeline.py
[2026-01-05T20:31:06.982+0000] {processor.py:830} INFO - Processing file /opt/airflow/dags/diabetes_ml_pipeline.py for tasks to queue
[2026-01-05T20:31:06.983+0000] {logging_mixin.py:188} INFO - [2026-01-05T20:31:06.983+0000] {dagbag.py:538} INFO - Filling up the DagBag from /opt/airflow/dags/diabetes_ml_pipeline.py
[2026-01-05T20:31:07.400+0000] {logging_mixin.py:188} WARNING - /home/airflow/.local/lib/python3.11/site-packages/airflow/models/baseoperator.py:437 RemovedInAirflow3Warning: provide_context is deprecated as of 2.0 and is no longer required
[2026-01-05T20:31:07.405+0000] {processor.py:840} INFO - DAG(s) 'diabetes_ml_pipeline' retrieved from /opt/airflow/dags/diabetes_ml_pipeline.py
[2026-01-05T20:31:07.451+0000] {logging_mixin.py:188} INFO - [2026-01-05T20:31:07.451+0000] {dag.py:3036} INFO - Sync 1 DAGs
[2026-01-05T20:31:07.473+0000] {logging_mixin.py:188} INFO - [2026-01-05T20:31:07.472+0000] {dag.py:3823} INFO - Setting next_dagrun for diabetes_ml_pipeline to 2026-01-05 02:00:00+00:00, run_after=2026-01-06 02:00:00+00:00
[2026-01-05T20:31:07.509+0000] {processor.py:183} INFO - Processing /opt/airflow/dags/diabetes_ml_pipeline.py took 0.534 seconds
[2026-01-05T20:31:37.756+0000] {processor.py:161} INFO - Started process (PID=1552) to work on /opt/airflow/dags/diabetes_ml_pipeline.py
[2026-01-05T20:31:37.757+0000] {processor.py:830} INFO - Processing file /opt/airflow/dags/diabetes_ml_pipeline.py for tasks to queue
[2026-01-05T20:31:37.758+0000] {logging_mixin.py:188} INFO - [2026-01-05T20:31:37.758+0000] {dagbag.py:538} INFO - Filling up the DagBag from /opt/airflow/dags/diabetes_ml_pipeline.py
[2026-01-05T20:31:38.255+0000] {logging_mixin.py:188} WARNING - /home/airflow/.local/lib/python3.11/site-packages/airflow/models/baseoperator.py:437 RemovedInAirflow3Warning: provide_context is deprecated as of 2.0 and is no longer required
[2026-01-05T20:31:38.261+0000] {processor.py:840} INFO - DAG(s) 'diabetes_ml_pipeline' retrieved from /opt/airflow/dags/diabetes_ml_pipeline.py
[2026-01-05T20:31:38.301+0000] {logging_mixin.py:188} INFO - [2026-01-05T20:31:38.300+0000] {dag.py:3036} INFO - Sync 1 DAGs
[2026-01-05T20:31:38.324+0000] {logging_mixin.py:188} INFO - [2026-01-05T20:31:38.323+0000] {dag.py:3823} INFO - Setting next_dagrun for diabetes_ml_pipeline to 2026-01-05 02:00:00+00:00, run_after=2026-01-06 02:00:00+00:00
[2026-01-05T20:31:38.360+0000] {processor.py:183} INFO - Processing /opt/airflow/dags/diabetes_ml_pipeline.py took 0.610 seconds
[2026-01-05T20:32:08.540+0000] {processor.py:161} INFO - Started process (PID=1597) to work on /opt/airflow/dags/diabetes_ml_pipeline.py
[2026-01-05T20:32:08.542+0000] {processor.py:830} INFO - Processing file /opt/airflow/dags/diabetes_ml_pipeline.py for tasks to queue
[2026-01-05T20:32:08.545+0000] {logging_mixin.py:188} INFO - [2026-01-05T20:32:08.544+0000] {dagbag.py:538} INFO - Filling up the DagBag from /opt/airflow/dags/diabetes_ml_pipeline.py
[2026-01-05T20:32:09.041+0000] {logging_mixin.py:188} WARNING - /home/airflow/.local/lib/python3.11/site-packages/airflow/models/baseoperator.py:437 RemovedInAirflow3Warning: provide_context is deprecated as of 2.0 and is no longer required
[2026-01-05T20:32:09.049+0000] {processor.py:840} INFO - DAG(s) 'diabetes_ml_pipeline' retrieved from /opt/airflow/dags/diabetes_ml_pipeline.py
[2026-01-05T20:32:09.084+0000] {logging_mixin.py:188} INFO - [2026-01-05T20:32:09.084+0000] {dag.py:3036} INFO - Sync 1 DAGs
[2026-01-05T20:32:09.111+0000] {logging_mixin.py:188} INFO - [2026-01-05T20:32:09.111+0000] {dag.py:3823} INFO - Setting next_dagrun for diabetes_ml_pipeline to 2026-01-05 02:00:00+00:00, run_after=2026-01-06 02:00:00+00:00
[2026-01-05T20:32:09.141+0000] {processor.py:183} INFO - Processing /opt/airflow/dags/diabetes_ml_pipeline.py took 0.612 seconds
[2026-01-05T20:32:39.417+0000] {processor.py:161} INFO - Started process (PID=1624) to work on /opt/airflow/dags/diabetes_ml_pipeline.py
[2026-01-05T20:32:39.419+0000] {processor.py:830} INFO - Processing file /opt/airflow/dags/diabetes_ml_pipeline.py for tasks to queue
[2026-01-05T20:32:39.420+0000] {logging_mixin.py:188} INFO - [2026-01-05T20:32:39.420+0000] {dagbag.py:538} INFO - Filling up the DagBag from /opt/airflow/dags/diabetes_ml_pipeline.py
[2026-01-05T20:32:39.859+0000] {logging_mixin.py:188} WARNING - /home/airflow/.local/lib/python3.11/site-packages/airflow/models/baseoperator.py:437 RemovedInAirflow3Warning: provide_context is deprecated as of 2.0 and is no longer required
[2026-01-05T20:32:39.864+0000] {processor.py:840} INFO - DAG(s) 'diabetes_ml_pipeline' retrieved from /opt/airflow/dags/diabetes_ml_pipeline.py
[2026-01-05T20:32:39.897+0000] {logging_mixin.py:188} INFO - [2026-01-05T20:32:39.896+0000] {dag.py:3036} INFO - Sync 1 DAGs
[2026-01-05T20:32:39.917+0000] {logging_mixin.py:188} INFO - [2026-01-05T20:32:39.917+0000] {dag.py:3823} INFO - Setting next_dagrun for diabetes_ml_pipeline to 2026-01-05 02:00:00+00:00, run_after=2026-01-06 02:00:00+00:00
[2026-01-05T20:32:39.945+0000] {processor.py:183} INFO - Processing /opt/airflow/dags/diabetes_ml_pipeline.py took 0.535 seconds
[2026-01-05T20:33:10.326+0000] {processor.py:161} INFO - Started process (PID=1651) to work on /opt/airflow/dags/diabetes_ml_pipeline.py
[2026-01-05T20:33:10.327+0000] {processor.py:830} INFO - Processing file /opt/airflow/dags/diabetes_ml_pipeline.py for tasks to queue
[2026-01-05T20:33:10.328+0000] {logging_mixin.py:188} INFO - [2026-01-05T20:33:10.328+0000] {dagbag.py:538} INFO - Filling up the DagBag from /opt/airflow/dags/diabetes_ml_pipeline.py
[2026-01-05T20:33:10.691+0000] {logging_mixin.py:188} WARNING - /home/airflow/.local/lib/python3.11/site-packages/airflow/models/baseoperator.py:437 RemovedInAirflow3Warning: provide_context is deprecated as of 2.0 and is no longer required
[2026-01-05T20:33:10.696+0000] {processor.py:840} INFO - DAG(s) 'diabetes_ml_pipeline' retrieved from /opt/airflow/dags/diabetes_ml_pipeline.py
[2026-01-05T20:33:10.730+0000] {logging_mixin.py:188} INFO - [2026-01-05T20:33:10.730+0000] {dag.py:3036} INFO - Sync 1 DAGs
[2026-01-05T20:33:10.753+0000] {logging_mixin.py:188} INFO - [2026-01-05T20:33:10.753+0000] {dag.py:3823} INFO - Setting next_dagrun for diabetes_ml_pipeline to 2026-01-05 02:00:00+00:00, run_after=2026-01-06 02:00:00+00:00
[2026-01-05T20:33:10.776+0000] {processor.py:183} INFO - Processing /opt/airflow/dags/diabetes_ml_pipeline.py took 0.454 seconds
[2026-01-05T20:33:40.979+0000] {processor.py:161} INFO - Started process (PID=1678) to work on /opt/airflow/dags/diabetes_ml_pipeline.py
[2026-01-05T20:33:40.981+0000] {processor.py:830} INFO - Processing file /opt/airflow/dags/diabetes_ml_pipeline.py for tasks to queue
[2026-01-05T20:33:40.983+0000] {logging_mixin.py:188} INFO - [2026-01-05T20:33:40.983+0000] {dagbag.py:538} INFO - Filling up the DagBag from /opt/airflow/dags/diabetes_ml_pipeline.py
[2026-01-05T20:33:41.414+0000] {logging_mixin.py:188} WARNING - /home/airflow/.local/lib/python3.11/site-packages/airflow/models/baseoperator.py:437 RemovedInAirflow3Warning: provide_context is deprecated as of 2.0 and is no longer required
[2026-01-05T20:33:41.420+0000] {processor.py:840} INFO - DAG(s) 'diabetes_ml_pipeline' retrieved from /opt/airflow/dags/diabetes_ml_pipeline.py
[2026-01-05T20:33:41.452+0000] {logging_mixin.py:188} INFO - [2026-01-05T20:33:41.451+0000] {dag.py:3036} INFO - Sync 1 DAGs
[2026-01-05T20:33:41.474+0000] {logging_mixin.py:188} INFO - [2026-01-05T20:33:41.474+0000] {dag.py:3823} INFO - Setting next_dagrun for diabetes_ml_pipeline to 2026-01-05 02:00:00+00:00, run_after=2026-01-06 02:00:00+00:00
[2026-01-05T20:33:41.500+0000] {processor.py:183} INFO - Processing /opt/airflow/dags/diabetes_ml_pipeline.py took 0.526 seconds
[2026-01-05T20:34:11.896+0000] {processor.py:161} INFO - Started process (PID=1705) to work on /opt/airflow/dags/diabetes_ml_pipeline.py
[2026-01-05T20:34:11.898+0000] {processor.py:830} INFO - Processing file /opt/airflow/dags/diabetes_ml_pipeline.py for tasks to queue
[2026-01-05T20:34:11.900+0000] {logging_mixin.py:188} INFO - [2026-01-05T20:34:11.900+0000] {dagbag.py:538} INFO - Filling up the DagBag from /opt/airflow/dags/diabetes_ml_pipeline.py
[2026-01-05T20:34:12.280+0000] {logging_mixin.py:188} WARNING - /home/airflow/.local/lib/python3.11/site-packages/airflow/models/baseoperator.py:437 RemovedInAirflow3Warning: provide_context is deprecated as of 2.0 and is no longer required
[2026-01-05T20:34:12.288+0000] {processor.py:840} INFO - DAG(s) 'diabetes_ml_pipeline' retrieved from /opt/airflow/dags/diabetes_ml_pipeline.py
[2026-01-05T20:34:12.324+0000] {logging_mixin.py:188} INFO - [2026-01-05T20:34:12.323+0000] {dag.py:3036} INFO - Sync 1 DAGs
[2026-01-05T20:34:12.361+0000] {logging_mixin.py:188} INFO - [2026-01-05T20:34:12.360+0000] {dag.py:3823} INFO - Setting next_dagrun for diabetes_ml_pipeline to 2026-01-05 02:00:00+00:00, run_after=2026-01-06 02:00:00+00:00
[2026-01-05T20:34:12.396+0000] {processor.py:183} INFO - Processing /opt/airflow/dags/diabetes_ml_pipeline.py took 0.509 seconds
[2026-01-05T20:34:42.711+0000] {processor.py:161} INFO - Started process (PID=1732) to work on /opt/airflow/dags/diabetes_ml_pipeline.py
[2026-01-05T20:34:42.717+0000] {processor.py:830} INFO - Processing file /opt/airflow/dags/diabetes_ml_pipeline.py for tasks to queue
[2026-01-05T20:34:42.724+0000] {logging_mixin.py:188} INFO - [2026-01-05T20:34:42.721+0000] {dagbag.py:538} INFO - Filling up the DagBag from /opt/airflow/dags/diabetes_ml_pipeline.py
[2026-01-05T20:34:43.190+0000] {logging_mixin.py:188} WARNING - /home/airflow/.local/lib/python3.11/site-packages/airflow/models/baseoperator.py:437 RemovedInAirflow3Warning: provide_context is deprecated as of 2.0 and is no longer required
[2026-01-05T20:34:43.200+0000] {processor.py:840} INFO - DAG(s) 'diabetes_ml_pipeline' retrieved from /opt/airflow/dags/diabetes_ml_pipeline.py
[2026-01-05T20:34:43.255+0000] {logging_mixin.py:188} INFO - [2026-01-05T20:34:43.255+0000] {dag.py:3036} INFO - Sync 1 DAGs
[2026-01-05T20:34:43.278+0000] {logging_mixin.py:188} INFO - [2026-01-05T20:34:43.278+0000] {dag.py:3823} INFO - Setting next_dagrun for diabetes_ml_pipeline to 2026-01-05 02:00:00+00:00, run_after=2026-01-06 02:00:00+00:00
[2026-01-05T20:34:43.301+0000] {processor.py:183} INFO - Processing /opt/airflow/dags/diabetes_ml_pipeline.py took 0.604 seconds
[2026-01-05T20:35:13.477+0000] {processor.py:161} INFO - Started process (PID=1759) to work on /opt/airflow/dags/diabetes_ml_pipeline.py
[2026-01-05T20:35:13.479+0000] {processor.py:830} INFO - Processing file /opt/airflow/dags/diabetes_ml_pipeline.py for tasks to queue
[2026-01-05T20:35:13.482+0000] {logging_mixin.py:188} INFO - [2026-01-05T20:35:13.481+0000] {dagbag.py:538} INFO - Filling up the DagBag from /opt/airflow/dags/diabetes_ml_pipeline.py
[2026-01-05T20:35:13.922+0000] {logging_mixin.py:188} WARNING - /home/airflow/.local/lib/python3.11/site-packages/airflow/models/baseoperator.py:437 RemovedInAirflow3Warning: provide_context is deprecated as of 2.0 and is no longer required
[2026-01-05T20:35:13.929+0000] {processor.py:840} INFO - DAG(s) 'diabetes_ml_pipeline' retrieved from /opt/airflow/dags/diabetes_ml_pipeline.py
[2026-01-05T20:35:13.984+0000] {logging_mixin.py:188} INFO - [2026-01-05T20:35:13.984+0000] {dag.py:3036} INFO - Sync 1 DAGs
[2026-01-05T20:35:14.012+0000] {logging_mixin.py:188} INFO - [2026-01-05T20:35:14.011+0000] {dag.py:3823} INFO - Setting next_dagrun for diabetes_ml_pipeline to 2026-01-05 02:00:00+00:00, run_after=2026-01-06 02:00:00+00:00
[2026-01-05T20:35:14.046+0000] {processor.py:183} INFO - Processing /opt/airflow/dags/diabetes_ml_pipeline.py took 0.579 seconds
[2026-01-05T20:35:44.416+0000] {processor.py:161} INFO - Started process (PID=1804) to work on /opt/airflow/dags/diabetes_ml_pipeline.py
[2026-01-05T20:35:44.418+0000] {processor.py:830} INFO - Processing file /opt/airflow/dags/diabetes_ml_pipeline.py for tasks to queue
[2026-01-05T20:35:44.419+0000] {logging_mixin.py:188} INFO - [2026-01-05T20:35:44.419+0000] {dagbag.py:538} INFO - Filling up the DagBag from /opt/airflow/dags/diabetes_ml_pipeline.py
[2026-01-05T20:35:44.814+0000] {logging_mixin.py:188} WARNING - /home/airflow/.local/lib/python3.11/site-packages/airflow/models/baseoperator.py:437 RemovedInAirflow3Warning: provide_context is deprecated as of 2.0 and is no longer required
[2026-01-05T20:35:44.820+0000] {processor.py:840} INFO - DAG(s) 'diabetes_ml_pipeline' retrieved from /opt/airflow/dags/diabetes_ml_pipeline.py
[2026-01-05T20:35:44.851+0000] {logging_mixin.py:188} INFO - [2026-01-05T20:35:44.850+0000] {dag.py:3036} INFO - Sync 1 DAGs
[2026-01-05T20:35:44.873+0000] {logging_mixin.py:188} INFO - [2026-01-05T20:35:44.872+0000] {dag.py:3823} INFO - Setting next_dagrun for diabetes_ml_pipeline to 2026-01-05 02:00:00+00:00, run_after=2026-01-06 02:00:00+00:00
[2026-01-05T20:35:44.896+0000] {processor.py:183} INFO - Processing /opt/airflow/dags/diabetes_ml_pipeline.py took 0.483 seconds
[2026-01-05T20:36:15.046+0000] {processor.py:161} INFO - Started process (PID=1831) to work on /opt/airflow/dags/diabetes_ml_pipeline.py
[2026-01-05T20:36:15.047+0000] {processor.py:830} INFO - Processing file /opt/airflow/dags/diabetes_ml_pipeline.py for tasks to queue
[2026-01-05T20:36:15.049+0000] {logging_mixin.py:188} INFO - [2026-01-05T20:36:15.048+0000] {dagbag.py:538} INFO - Filling up the DagBag from /opt/airflow/dags/diabetes_ml_pipeline.py
[2026-01-05T20:36:15.471+0000] {logging_mixin.py:188} WARNING - /home/airflow/.local/lib/python3.11/site-packages/airflow/models/baseoperator.py:437 RemovedInAirflow3Warning: provide_context is deprecated as of 2.0 and is no longer required
[2026-01-05T20:36:15.477+0000] {processor.py:840} INFO - DAG(s) 'diabetes_ml_pipeline' retrieved from /opt/airflow/dags/diabetes_ml_pipeline.py
[2026-01-05T20:36:15.510+0000] {logging_mixin.py:188} INFO - [2026-01-05T20:36:15.509+0000] {dag.py:3036} INFO - Sync 1 DAGs
[2026-01-05T20:36:15.534+0000] {logging_mixin.py:188} INFO - [2026-01-05T20:36:15.534+0000] {dag.py:3823} INFO - Setting next_dagrun for diabetes_ml_pipeline to 2026-01-05 02:00:00+00:00, run_after=2026-01-06 02:00:00+00:00
[2026-01-05T20:36:15.564+0000] {processor.py:183} INFO - Processing /opt/airflow/dags/diabetes_ml_pipeline.py took 0.526 seconds
[2026-01-05T20:36:45.966+0000] {processor.py:161} INFO - Started process (PID=1858) to work on /opt/airflow/dags/diabetes_ml_pipeline.py
[2026-01-05T20:36:45.969+0000] {processor.py:830} INFO - Processing file /opt/airflow/dags/diabetes_ml_pipeline.py for tasks to queue
[2026-01-05T20:36:45.971+0000] {logging_mixin.py:188} INFO - [2026-01-05T20:36:45.971+0000] {dagbag.py:538} INFO - Filling up the DagBag from /opt/airflow/dags/diabetes_ml_pipeline.py
[2026-01-05T20:36:46.434+0000] {logging_mixin.py:188} WARNING - /home/airflow/.local/lib/python3.11/site-packages/airflow/models/baseoperator.py:437 RemovedInAirflow3Warning: provide_context is deprecated as of 2.0 and is no longer required
[2026-01-05T20:36:46.440+0000] {processor.py:840} INFO - DAG(s) 'diabetes_ml_pipeline' retrieved from /opt/airflow/dags/diabetes_ml_pipeline.py
[2026-01-05T20:36:46.474+0000] {logging_mixin.py:188} INFO - [2026-01-05T20:36:46.474+0000] {dag.py:3036} INFO - Sync 1 DAGs
[2026-01-05T20:36:46.525+0000] {logging_mixin.py:188} INFO - [2026-01-05T20:36:46.525+0000] {dag.py:3823} INFO - Setting next_dagrun for diabetes_ml_pipeline to 2026-01-05 02:00:00+00:00, run_after=2026-01-06 02:00:00+00:00
[2026-01-05T20:36:46.547+0000] {processor.py:183} INFO - Processing /opt/airflow/dags/diabetes_ml_pipeline.py took 0.595 seconds
[2026-01-05T20:37:17.273+0000] {processor.py:161} INFO - Started process (PID=1885) to work on /opt/airflow/dags/diabetes_ml_pipeline.py
[2026-01-05T20:37:17.276+0000] {processor.py:830} INFO - Processing file /opt/airflow/dags/diabetes_ml_pipeline.py for tasks to queue
[2026-01-05T20:37:17.282+0000] {logging_mixin.py:188} INFO - [2026-01-05T20:37:17.281+0000] {dagbag.py:538} INFO - Filling up the DagBag from /opt/airflow/dags/diabetes_ml_pipeline.py
[2026-01-05T20:37:17.698+0000] {logging_mixin.py:188} WARNING - /home/airflow/.local/lib/python3.11/site-packages/airflow/models/baseoperator.py:437 RemovedInAirflow3Warning: provide_context is deprecated as of 2.0 and is no longer required
[2026-01-05T20:37:17.707+0000] {processor.py:840} INFO - DAG(s) 'diabetes_ml_pipeline' retrieved from /opt/airflow/dags/diabetes_ml_pipeline.py
[2026-01-05T20:37:17.739+0000] {logging_mixin.py:188} INFO - [2026-01-05T20:37:17.739+0000] {dag.py:3036} INFO - Sync 1 DAGs
[2026-01-05T20:37:17.761+0000] {logging_mixin.py:188} INFO - [2026-01-05T20:37:17.761+0000] {dag.py:3823} INFO - Setting next_dagrun for diabetes_ml_pipeline to 2026-01-05 02:00:00+00:00, run_after=2026-01-06 02:00:00+00:00
[2026-01-05T20:37:17.786+0000] {processor.py:183} INFO - Processing /opt/airflow/dags/diabetes_ml_pipeline.py took 0.517 seconds
[2026-01-05T20:37:48.119+0000] {processor.py:161} INFO - Started process (PID=1912) to work on /opt/airflow/dags/diabetes_ml_pipeline.py
[2026-01-05T20:37:48.120+0000] {processor.py:830} INFO - Processing file /opt/airflow/dags/diabetes_ml_pipeline.py for tasks to queue
[2026-01-05T20:37:48.121+0000] {logging_mixin.py:188} INFO - [2026-01-05T20:37:48.121+0000] {dagbag.py:538} INFO - Filling up the DagBag from /opt/airflow/dags/diabetes_ml_pipeline.py
[2026-01-05T20:37:48.488+0000] {logging_mixin.py:188} WARNING - /home/airflow/.local/lib/python3.11/site-packages/airflow/models/baseoperator.py:437 RemovedInAirflow3Warning: provide_context is deprecated as of 2.0 and is no longer required
[2026-01-05T20:37:48.494+0000] {processor.py:840} INFO - DAG(s) 'diabetes_ml_pipeline' retrieved from /opt/airflow/dags/diabetes_ml_pipeline.py
[2026-01-05T20:37:48.525+0000] {logging_mixin.py:188} INFO - [2026-01-05T20:37:48.525+0000] {dag.py:3036} INFO - Sync 1 DAGs
[2026-01-05T20:37:48.551+0000] {logging_mixin.py:188} INFO - [2026-01-05T20:37:48.550+0000] {dag.py:3823} INFO - Setting next_dagrun for diabetes_ml_pipeline to 2026-01-05 02:00:00+00:00, run_after=2026-01-06 02:00:00+00:00
[2026-01-05T20:37:48.577+0000] {processor.py:183} INFO - Processing /opt/airflow/dags/diabetes_ml_pipeline.py took 0.461 seconds
[2026-01-05T20:38:18.753+0000] {processor.py:161} INFO - Started process (PID=1939) to work on /opt/airflow/dags/diabetes_ml_pipeline.py
[2026-01-05T20:38:18.754+0000] {processor.py:830} INFO - Processing file /opt/airflow/dags/diabetes_ml_pipeline.py for tasks to queue
[2026-01-05T20:38:18.756+0000] {logging_mixin.py:188} INFO - [2026-01-05T20:38:18.755+0000] {dagbag.py:538} INFO - Filling up the DagBag from /opt/airflow/dags/diabetes_ml_pipeline.py
[2026-01-05T20:38:19.201+0000] {logging_mixin.py:188} WARNING - /home/airflow/.local/lib/python3.11/site-packages/airflow/models/baseoperator.py:437 RemovedInAirflow3Warning: provide_context is deprecated as of 2.0 and is no longer required
[2026-01-05T20:38:19.207+0000] {processor.py:840} INFO - DAG(s) 'diabetes_ml_pipeline' retrieved from /opt/airflow/dags/diabetes_ml_pipeline.py
[2026-01-05T20:38:19.247+0000] {logging_mixin.py:188} INFO - [2026-01-05T20:38:19.247+0000] {dag.py:3036} INFO - Sync 1 DAGs
[2026-01-05T20:38:19.276+0000] {logging_mixin.py:188} INFO - [2026-01-05T20:38:19.276+0000] {dag.py:3823} INFO - Setting next_dagrun for diabetes_ml_pipeline to 2026-01-05 02:00:00+00:00, run_after=2026-01-06 02:00:00+00:00
[2026-01-05T20:38:19.309+0000] {processor.py:183} INFO - Processing /opt/airflow/dags/diabetes_ml_pipeline.py took 0.559 seconds
[2026-01-05T20:38:49.859+0000] {processor.py:161} INFO - Started process (PID=1960) to work on /opt/airflow/dags/diabetes_ml_pipeline.py
[2026-01-05T20:38:49.861+0000] {processor.py:830} INFO - Processing file /opt/airflow/dags/diabetes_ml_pipeline.py for tasks to queue
[2026-01-05T20:38:49.864+0000] {logging_mixin.py:188} INFO - [2026-01-05T20:38:49.863+0000] {dagbag.py:538} INFO - Filling up the DagBag from /opt/airflow/dags/diabetes_ml_pipeline.py
[2026-01-05T20:38:50.290+0000] {logging_mixin.py:188} WARNING - /home/airflow/.local/lib/python3.11/site-packages/airflow/models/baseoperator.py:437 RemovedInAirflow3Warning: provide_context is deprecated as of 2.0 and is no longer required
[2026-01-05T20:38:50.296+0000] {processor.py:840} INFO - DAG(s) 'diabetes_ml_pipeline' retrieved from /opt/airflow/dags/diabetes_ml_pipeline.py
[2026-01-05T20:38:50.332+0000] {logging_mixin.py:188} INFO - [2026-01-05T20:38:50.331+0000] {dag.py:3036} INFO - Sync 1 DAGs
[2026-01-05T20:38:50.355+0000] {logging_mixin.py:188} INFO - [2026-01-05T20:38:50.355+0000] {dag.py:3823} INFO - Setting next_dagrun for diabetes_ml_pipeline to 2026-01-05 02:00:00+00:00, run_after=2026-01-06 02:00:00+00:00
[2026-01-05T20:38:50.382+0000] {processor.py:183} INFO - Processing /opt/airflow/dags/diabetes_ml_pipeline.py took 0.529 seconds
[2026-01-05T20:39:20.981+0000] {processor.py:161} INFO - Started process (PID=1987) to work on /opt/airflow/dags/diabetes_ml_pipeline.py
[2026-01-05T20:39:20.982+0000] {processor.py:830} INFO - Processing file /opt/airflow/dags/diabetes_ml_pipeline.py for tasks to queue
[2026-01-05T20:39:20.984+0000] {logging_mixin.py:188} INFO - [2026-01-05T20:39:20.983+0000] {dagbag.py:538} INFO - Filling up the DagBag from /opt/airflow/dags/diabetes_ml_pipeline.py
[2026-01-05T20:39:21.380+0000] {logging_mixin.py:188} WARNING - /home/airflow/.local/lib/python3.11/site-packages/airflow/models/baseoperator.py:437 RemovedInAirflow3Warning: provide_context is deprecated as of 2.0 and is no longer required
[2026-01-05T20:39:21.386+0000] {processor.py:840} INFO - DAG(s) 'diabetes_ml_pipeline' retrieved from /opt/airflow/dags/diabetes_ml_pipeline.py
[2026-01-05T20:39:21.413+0000] {logging_mixin.py:188} INFO - [2026-01-05T20:39:21.413+0000] {dag.py:3036} INFO - Sync 1 DAGs
[2026-01-05T20:39:21.434+0000] {logging_mixin.py:188} INFO - [2026-01-05T20:39:21.434+0000] {dag.py:3823} INFO - Setting next_dagrun for diabetes_ml_pipeline to 2026-01-05 02:00:00+00:00, run_after=2026-01-06 02:00:00+00:00
[2026-01-05T20:39:21.456+0000] {processor.py:183} INFO - Processing /opt/airflow/dags/diabetes_ml_pipeline.py took 0.480 seconds
[2026-01-05T20:39:52.029+0000] {processor.py:161} INFO - Started process (PID=2014) to work on /opt/airflow/dags/diabetes_ml_pipeline.py
[2026-01-05T20:39:52.031+0000] {processor.py:830} INFO - Processing file /opt/airflow/dags/diabetes_ml_pipeline.py for tasks to queue
[2026-01-05T20:39:52.033+0000] {logging_mixin.py:188} INFO - [2026-01-05T20:39:52.032+0000] {dagbag.py:538} INFO - Filling up the DagBag from /opt/airflow/dags/diabetes_ml_pipeline.py
[2026-01-05T20:39:52.456+0000] {logging_mixin.py:188} WARNING - /home/airflow/.local/lib/python3.11/site-packages/airflow/models/baseoperator.py:437 RemovedInAirflow3Warning: provide_context is deprecated as of 2.0 and is no longer required
[2026-01-05T20:39:52.461+0000] {processor.py:840} INFO - DAG(s) 'diabetes_ml_pipeline' retrieved from /opt/airflow/dags/diabetes_ml_pipeline.py
[2026-01-05T20:39:52.497+0000] {logging_mixin.py:188} INFO - [2026-01-05T20:39:52.497+0000] {dag.py:3036} INFO - Sync 1 DAGs
[2026-01-05T20:39:52.517+0000] {logging_mixin.py:188} INFO - [2026-01-05T20:39:52.517+0000] {dag.py:3823} INFO - Setting next_dagrun for diabetes_ml_pipeline to 2026-01-05 02:00:00+00:00, run_after=2026-01-06 02:00:00+00:00
[2026-01-05T20:39:52.545+0000] {processor.py:183} INFO - Processing /opt/airflow/dags/diabetes_ml_pipeline.py took 0.521 seconds
[2026-01-05T20:40:22.800+0000] {processor.py:161} INFO - Started process (PID=2041) to work on /opt/airflow/dags/diabetes_ml_pipeline.py
[2026-01-05T20:40:22.804+0000] {processor.py:830} INFO - Processing file /opt/airflow/dags/diabetes_ml_pipeline.py for tasks to queue
[2026-01-05T20:40:22.806+0000] {logging_mixin.py:188} INFO - [2026-01-05T20:40:22.805+0000] {dagbag.py:538} INFO - Filling up the DagBag from /opt/airflow/dags/diabetes_ml_pipeline.py
[2026-01-05T20:40:23.233+0000] {logging_mixin.py:188} WARNING - /home/airflow/.local/lib/python3.11/site-packages/airflow/models/baseoperator.py:437 RemovedInAirflow3Warning: provide_context is deprecated as of 2.0 and is no longer required
[2026-01-05T20:40:23.244+0000] {processor.py:840} INFO - DAG(s) 'diabetes_ml_pipeline' retrieved from /opt/airflow/dags/diabetes_ml_pipeline.py
[2026-01-05T20:40:23.273+0000] {logging_mixin.py:188} INFO - [2026-01-05T20:40:23.273+0000] {dag.py:3036} INFO - Sync 1 DAGs
[2026-01-05T20:40:23.293+0000] {logging_mixin.py:188} INFO - [2026-01-05T20:40:23.293+0000] {dag.py:3823} INFO - Setting next_dagrun for diabetes_ml_pipeline to 2026-01-05 02:00:00+00:00, run_after=2026-01-06 02:00:00+00:00
[2026-01-05T20:40:23.313+0000] {processor.py:183} INFO - Processing /opt/airflow/dags/diabetes_ml_pipeline.py took 0.520 seconds
[2026-01-05T20:40:53.543+0000] {processor.py:161} INFO - Started process (PID=2068) to work on /opt/airflow/dags/diabetes_ml_pipeline.py
[2026-01-05T20:40:53.546+0000] {processor.py:830} INFO - Processing file /opt/airflow/dags/diabetes_ml_pipeline.py for tasks to queue
[2026-01-05T20:40:53.550+0000] {logging_mixin.py:188} INFO - [2026-01-05T20:40:53.549+0000] {dagbag.py:538} INFO - Filling up the DagBag from /opt/airflow/dags/diabetes_ml_pipeline.py
[2026-01-05T20:40:54.017+0000] {logging_mixin.py:188} WARNING - /home/airflow/.local/lib/python3.11/site-packages/airflow/models/baseoperator.py:437 RemovedInAirflow3Warning: provide_context is deprecated as of 2.0 and is no longer required
[2026-01-05T20:40:54.023+0000] {processor.py:840} INFO - DAG(s) 'diabetes_ml_pipeline' retrieved from /opt/airflow/dags/diabetes_ml_pipeline.py
[2026-01-05T20:40:54.056+0000] {logging_mixin.py:188} INFO - [2026-01-05T20:40:54.055+0000] {dag.py:3036} INFO - Sync 1 DAGs
[2026-01-05T20:40:54.079+0000] {logging_mixin.py:188} INFO - [2026-01-05T20:40:54.079+0000] {dag.py:3823} INFO - Setting next_dagrun for diabetes_ml_pipeline to 2026-01-05 02:00:00+00:00, run_after=2026-01-06 02:00:00+00:00
[2026-01-05T20:40:54.105+0000] {processor.py:183} INFO - Processing /opt/airflow/dags/diabetes_ml_pipeline.py took 0.570 seconds
[2026-01-05T20:41:24.257+0000] {processor.py:161} INFO - Started process (PID=2095) to work on /opt/airflow/dags/diabetes_ml_pipeline.py
[2026-01-05T20:41:24.260+0000] {processor.py:830} INFO - Processing file /opt/airflow/dags/diabetes_ml_pipeline.py for tasks to queue
[2026-01-05T20:41:24.262+0000] {logging_mixin.py:188} INFO - [2026-01-05T20:41:24.261+0000] {dagbag.py:538} INFO - Filling up the DagBag from /opt/airflow/dags/diabetes_ml_pipeline.py
[2026-01-05T20:41:24.653+0000] {logging_mixin.py:188} WARNING - /home/airflow/.local/lib/python3.11/site-packages/airflow/models/baseoperator.py:437 RemovedInAirflow3Warning: provide_context is deprecated as of 2.0 and is no longer required
[2026-01-05T20:41:24.658+0000] {processor.py:840} INFO - DAG(s) 'diabetes_ml_pipeline' retrieved from /opt/airflow/dags/diabetes_ml_pipeline.py
[2026-01-05T20:41:24.694+0000] {logging_mixin.py:188} INFO - [2026-01-05T20:41:24.693+0000] {dag.py:3036} INFO - Sync 1 DAGs
[2026-01-05T20:41:24.717+0000] {logging_mixin.py:188} INFO - [2026-01-05T20:41:24.716+0000] {dag.py:3823} INFO - Setting next_dagrun for diabetes_ml_pipeline to 2026-01-05 02:00:00+00:00, run_after=2026-01-06 02:00:00+00:00
[2026-01-05T20:41:24.767+0000] {processor.py:183} INFO - Processing /opt/airflow/dags/diabetes_ml_pipeline.py took 0.518 seconds
[2026-01-05T20:41:55.135+0000] {processor.py:161} INFO - Started process (PID=2122) to work on /opt/airflow/dags/diabetes_ml_pipeline.py
[2026-01-05T20:41:55.138+0000] {processor.py:830} INFO - Processing file /opt/airflow/dags/diabetes_ml_pipeline.py for tasks to queue
[2026-01-05T20:41:55.140+0000] {logging_mixin.py:188} INFO - [2026-01-05T20:41:55.139+0000] {dagbag.py:538} INFO - Filling up the DagBag from /opt/airflow/dags/diabetes_ml_pipeline.py
[2026-01-05T20:41:55.533+0000] {logging_mixin.py:188} WARNING - /home/airflow/.local/lib/python3.11/site-packages/airflow/models/baseoperator.py:437 RemovedInAirflow3Warning: provide_context is deprecated as of 2.0 and is no longer required
[2026-01-05T20:41:55.538+0000] {processor.py:840} INFO - DAG(s) 'diabetes_ml_pipeline' retrieved from /opt/airflow/dags/diabetes_ml_pipeline.py
[2026-01-05T20:41:55.573+0000] {logging_mixin.py:188} INFO - [2026-01-05T20:41:55.572+0000] {dag.py:3036} INFO - Sync 1 DAGs
[2026-01-05T20:41:55.593+0000] {logging_mixin.py:188} INFO - [2026-01-05T20:41:55.593+0000] {dag.py:3823} INFO - Setting next_dagrun for diabetes_ml_pipeline to 2026-01-05 02:00:00+00:00, run_after=2026-01-06 02:00:00+00:00
[2026-01-05T20:41:55.616+0000] {processor.py:183} INFO - Processing /opt/airflow/dags/diabetes_ml_pipeline.py took 0.486 seconds
[2026-01-05T20:42:26.033+0000] {processor.py:161} INFO - Started process (PID=2149) to work on /opt/airflow/dags/diabetes_ml_pipeline.py
[2026-01-05T20:42:26.035+0000] {processor.py:830} INFO - Processing file /opt/airflow/dags/diabetes_ml_pipeline.py for tasks to queue
[2026-01-05T20:42:26.039+0000] {logging_mixin.py:188} INFO - [2026-01-05T20:42:26.038+0000] {dagbag.py:538} INFO - Filling up the DagBag from /opt/airflow/dags/diabetes_ml_pipeline.py
[2026-01-05T20:42:26.465+0000] {logging_mixin.py:188} WARNING - /home/airflow/.local/lib/python3.11/site-packages/airflow/models/baseoperator.py:437 RemovedInAirflow3Warning: provide_context is deprecated as of 2.0 and is no longer required
[2026-01-05T20:42:26.471+0000] {processor.py:840} INFO - DAG(s) 'diabetes_ml_pipeline' retrieved from /opt/airflow/dags/diabetes_ml_pipeline.py
[2026-01-05T20:42:26.502+0000] {logging_mixin.py:188} INFO - [2026-01-05T20:42:26.501+0000] {dag.py:3036} INFO - Sync 1 DAGs
[2026-01-05T20:42:26.522+0000] {logging_mixin.py:188} INFO - [2026-01-05T20:42:26.521+0000] {dag.py:3823} INFO - Setting next_dagrun for diabetes_ml_pipeline to 2026-01-05 02:00:00+00:00, run_after=2026-01-06 02:00:00+00:00
[2026-01-05T20:42:26.562+0000] {processor.py:183} INFO - Processing /opt/airflow/dags/diabetes_ml_pipeline.py took 0.537 seconds
[2026-01-05T20:42:57.337+0000] {processor.py:161} INFO - Started process (PID=2176) to work on /opt/airflow/dags/diabetes_ml_pipeline.py
[2026-01-05T20:42:57.341+0000] {processor.py:830} INFO - Processing file /opt/airflow/dags/diabetes_ml_pipeline.py for tasks to queue
[2026-01-05T20:42:57.343+0000] {logging_mixin.py:188} INFO - [2026-01-05T20:42:57.342+0000] {dagbag.py:538} INFO - Filling up the DagBag from /opt/airflow/dags/diabetes_ml_pipeline.py
[2026-01-05T20:42:57.804+0000] {logging_mixin.py:188} WARNING - /home/airflow/.local/lib/python3.11/site-packages/airflow/models/baseoperator.py:437 RemovedInAirflow3Warning: provide_context is deprecated as of 2.0 and is no longer required
[2026-01-05T20:42:57.809+0000] {processor.py:840} INFO - DAG(s) 'diabetes_ml_pipeline' retrieved from /opt/airflow/dags/diabetes_ml_pipeline.py
[2026-01-05T20:42:57.841+0000] {logging_mixin.py:188} INFO - [2026-01-05T20:42:57.841+0000] {dag.py:3036} INFO - Sync 1 DAGs
[2026-01-05T20:42:57.864+0000] {logging_mixin.py:188} INFO - [2026-01-05T20:42:57.864+0000] {dag.py:3823} INFO - Setting next_dagrun for diabetes_ml_pipeline to 2026-01-05 02:00:00+00:00, run_after=2026-01-06 02:00:00+00:00
[2026-01-05T20:42:57.892+0000] {processor.py:183} INFO - Processing /opt/airflow/dags/diabetes_ml_pipeline.py took 0.563 seconds
[2026-01-05T20:43:28.177+0000] {processor.py:161} INFO - Started process (PID=2202) to work on /opt/airflow/dags/diabetes_ml_pipeline.py
[2026-01-05T20:43:28.183+0000] {processor.py:830} INFO - Processing file /opt/airflow/dags/diabetes_ml_pipeline.py for tasks to queue
[2026-01-05T20:43:28.200+0000] {logging_mixin.py:188} INFO - [2026-01-05T20:43:28.200+0000] {dagbag.py:538} INFO - Filling up the DagBag from /opt/airflow/dags/diabetes_ml_pipeline.py
[2026-01-05T20:43:28.711+0000] {logging_mixin.py:188} WARNING - /home/airflow/.local/lib/python3.11/site-packages/airflow/models/baseoperator.py:437 RemovedInAirflow3Warning: provide_context is deprecated as of 2.0 and is no longer required
[2026-01-05T20:43:28.716+0000] {processor.py:840} INFO - DAG(s) 'diabetes_ml_pipeline' retrieved from /opt/airflow/dags/diabetes_ml_pipeline.py
[2026-01-05T20:43:28.743+0000] {logging_mixin.py:188} INFO - [2026-01-05T20:43:28.743+0000] {dag.py:3036} INFO - Sync 1 DAGs
[2026-01-05T20:43:28.763+0000] {logging_mixin.py:188} INFO - [2026-01-05T20:43:28.762+0000] {dag.py:3823} INFO - Setting next_dagrun for diabetes_ml_pipeline to 2026-01-05 02:00:00+00:00, run_after=2026-01-06 02:00:00+00:00
[2026-01-05T20:43:28.782+0000] {processor.py:183} INFO - Processing /opt/airflow/dags/diabetes_ml_pipeline.py took 0.615 seconds
[2026-01-05T20:43:59.008+0000] {processor.py:161} INFO - Started process (PID=2229) to work on /opt/airflow/dags/diabetes_ml_pipeline.py
[2026-01-05T20:43:59.010+0000] {processor.py:830} INFO - Processing file /opt/airflow/dags/diabetes_ml_pipeline.py for tasks to queue
[2026-01-05T20:43:59.014+0000] {logging_mixin.py:188} INFO - [2026-01-05T20:43:59.013+0000] {dagbag.py:538} INFO - Filling up the DagBag from /opt/airflow/dags/diabetes_ml_pipeline.py
[2026-01-05T20:43:59.462+0000] {logging_mixin.py:188} WARNING - /home/airflow/.local/lib/python3.11/site-packages/airflow/models/baseoperator.py:437 RemovedInAirflow3Warning: provide_context is deprecated as of 2.0 and is no longer required
[2026-01-05T20:43:59.469+0000] {processor.py:840} INFO - DAG(s) 'diabetes_ml_pipeline' retrieved from /opt/airflow/dags/diabetes_ml_pipeline.py
[2026-01-05T20:43:59.516+0000] {logging_mixin.py:188} INFO - [2026-01-05T20:43:59.516+0000] {dag.py:3036} INFO - Sync 1 DAGs
[2026-01-05T20:43:59.543+0000] {logging_mixin.py:188} INFO - [2026-01-05T20:43:59.543+0000] {dag.py:3823} INFO - Setting next_dagrun for diabetes_ml_pipeline to 2026-01-05 02:00:00+00:00, run_after=2026-01-06 02:00:00+00:00
[2026-01-05T20:43:59.573+0000] {processor.py:183} INFO - Processing /opt/airflow/dags/diabetes_ml_pipeline.py took 0.578 seconds
[2026-01-05T20:44:29.757+0000] {processor.py:161} INFO - Started process (PID=2256) to work on /opt/airflow/dags/diabetes_ml_pipeline.py
[2026-01-05T20:44:29.760+0000] {processor.py:830} INFO - Processing file /opt/airflow/dags/diabetes_ml_pipeline.py for tasks to queue
[2026-01-05T20:44:29.763+0000] {logging_mixin.py:188} INFO - [2026-01-05T20:44:29.762+0000] {dagbag.py:538} INFO - Filling up the DagBag from /opt/airflow/dags/diabetes_ml_pipeline.py
[2026-01-05T20:44:30.156+0000] {logging_mixin.py:188} WARNING - /home/airflow/.local/lib/python3.11/site-packages/airflow/models/baseoperator.py:437 RemovedInAirflow3Warning: provide_context is deprecated as of 2.0 and is no longer required
[2026-01-05T20:44:30.162+0000] {processor.py:840} INFO - DAG(s) 'diabetes_ml_pipeline' retrieved from /opt/airflow/dags/diabetes_ml_pipeline.py
[2026-01-05T20:44:30.198+0000] {logging_mixin.py:188} INFO - [2026-01-05T20:44:30.198+0000] {dag.py:3036} INFO - Sync 1 DAGs
[2026-01-05T20:44:30.224+0000] {logging_mixin.py:188} INFO - [2026-01-05T20:44:30.224+0000] {dag.py:3823} INFO - Setting next_dagrun for diabetes_ml_pipeline to 2026-01-05 02:00:00+00:00, run_after=2026-01-06 02:00:00+00:00
[2026-01-05T20:44:30.250+0000] {processor.py:183} INFO - Processing /opt/airflow/dags/diabetes_ml_pipeline.py took 0.499 seconds
[2026-01-05T20:45:00.489+0000] {processor.py:161} INFO - Started process (PID=2283) to work on /opt/airflow/dags/diabetes_ml_pipeline.py
[2026-01-05T20:45:00.492+0000] {processor.py:830} INFO - Processing file /opt/airflow/dags/diabetes_ml_pipeline.py for tasks to queue
[2026-01-05T20:45:00.494+0000] {logging_mixin.py:188} INFO - [2026-01-05T20:45:00.493+0000] {dagbag.py:538} INFO - Filling up the DagBag from /opt/airflow/dags/diabetes_ml_pipeline.py
[2026-01-05T20:45:00.933+0000] {logging_mixin.py:188} WARNING - /home/airflow/.local/lib/python3.11/site-packages/airflow/models/baseoperator.py:437 RemovedInAirflow3Warning: provide_context is deprecated as of 2.0 and is no longer required
[2026-01-05T20:45:00.938+0000] {processor.py:840} INFO - DAG(s) 'diabetes_ml_pipeline' retrieved from /opt/airflow/dags/diabetes_ml_pipeline.py
[2026-01-05T20:45:00.979+0000] {logging_mixin.py:188} INFO - [2026-01-05T20:45:00.979+0000] {dag.py:3036} INFO - Sync 1 DAGs
[2026-01-05T20:45:01.006+0000] {logging_mixin.py:188} INFO - [2026-01-05T20:45:01.005+0000] {dag.py:3823} INFO - Setting next_dagrun for diabetes_ml_pipeline to 2026-01-05 02:00:00+00:00, run_after=2026-01-06 02:00:00+00:00
[2026-01-05T20:45:01.035+0000] {processor.py:183} INFO - Processing /opt/airflow/dags/diabetes_ml_pipeline.py took 0.551 seconds
[2026-01-05T20:45:31.239+0000] {processor.py:161} INFO - Started process (PID=2310) to work on /opt/airflow/dags/diabetes_ml_pipeline.py
[2026-01-05T20:45:31.241+0000] {processor.py:830} INFO - Processing file /opt/airflow/dags/diabetes_ml_pipeline.py for tasks to queue
[2026-01-05T20:45:31.243+0000] {logging_mixin.py:188} INFO - [2026-01-05T20:45:31.242+0000] {dagbag.py:538} INFO - Filling up the DagBag from /opt/airflow/dags/diabetes_ml_pipeline.py
[2026-01-05T20:45:31.671+0000] {logging_mixin.py:188} WARNING - /home/airflow/.local/lib/python3.11/site-packages/airflow/models/baseoperator.py:437 RemovedInAirflow3Warning: provide_context is deprecated as of 2.0 and is no longer required
[2026-01-05T20:45:31.676+0000] {processor.py:840} INFO - DAG(s) 'diabetes_ml_pipeline' retrieved from /opt/airflow/dags/diabetes_ml_pipeline.py
[2026-01-05T20:45:31.708+0000] {logging_mixin.py:188} INFO - [2026-01-05T20:45:31.707+0000] {dag.py:3036} INFO - Sync 1 DAGs
[2026-01-05T20:45:31.735+0000] {logging_mixin.py:188} INFO - [2026-01-05T20:45:31.735+0000] {dag.py:3823} INFO - Setting next_dagrun for diabetes_ml_pipeline to 2026-01-05 02:00:00+00:00, run_after=2026-01-06 02:00:00+00:00
[2026-01-05T20:45:31.762+0000] {processor.py:183} INFO - Processing /opt/airflow/dags/diabetes_ml_pipeline.py took 0.531 seconds
[2026-01-05T20:46:01.992+0000] {processor.py:161} INFO - Started process (PID=2337) to work on /opt/airflow/dags/diabetes_ml_pipeline.py
[2026-01-05T20:46:01.993+0000] {processor.py:830} INFO - Processing file /opt/airflow/dags/diabetes_ml_pipeline.py for tasks to queue
[2026-01-05T20:46:01.995+0000] {logging_mixin.py:188} INFO - [2026-01-05T20:46:01.994+0000] {dagbag.py:538} INFO - Filling up the DagBag from /opt/airflow/dags/diabetes_ml_pipeline.py
[2026-01-05T20:46:02.466+0000] {logging_mixin.py:188} WARNING - /home/airflow/.local/lib/python3.11/site-packages/airflow/models/baseoperator.py:437 RemovedInAirflow3Warning: provide_context is deprecated as of 2.0 and is no longer required
[2026-01-05T20:46:02.473+0000] {processor.py:840} INFO - DAG(s) 'diabetes_ml_pipeline' retrieved from /opt/airflow/dags/diabetes_ml_pipeline.py
[2026-01-05T20:46:02.522+0000] {logging_mixin.py:188} INFO - [2026-01-05T20:46:02.521+0000] {dag.py:3036} INFO - Sync 1 DAGs
[2026-01-05T20:46:02.559+0000] {logging_mixin.py:188} INFO - [2026-01-05T20:46:02.559+0000] {dag.py:3823} INFO - Setting next_dagrun for diabetes_ml_pipeline to 2026-01-05 02:00:00+00:00, run_after=2026-01-06 02:00:00+00:00
[2026-01-05T20:46:02.590+0000] {processor.py:183} INFO - Processing /opt/airflow/dags/diabetes_ml_pipeline.py took 0.603 seconds
[2026-01-05T20:46:32.735+0000] {processor.py:161} INFO - Started process (PID=2381) to work on /opt/airflow/dags/diabetes_ml_pipeline.py
[2026-01-05T20:46:32.738+0000] {processor.py:830} INFO - Processing file /opt/airflow/dags/diabetes_ml_pipeline.py for tasks to queue
[2026-01-05T20:46:32.740+0000] {logging_mixin.py:188} INFO - [2026-01-05T20:46:32.739+0000] {dagbag.py:538} INFO - Filling up the DagBag from /opt/airflow/dags/diabetes_ml_pipeline.py
[2026-01-05T20:46:33.194+0000] {logging_mixin.py:188} WARNING - /home/airflow/.local/lib/python3.11/site-packages/airflow/models/baseoperator.py:437 RemovedInAirflow3Warning: provide_context is deprecated as of 2.0 and is no longer required
[2026-01-05T20:46:33.200+0000] {processor.py:840} INFO - DAG(s) 'diabetes_ml_pipeline' retrieved from /opt/airflow/dags/diabetes_ml_pipeline.py
[2026-01-05T20:46:33.237+0000] {logging_mixin.py:188} INFO - [2026-01-05T20:46:33.236+0000] {dag.py:3036} INFO - Sync 1 DAGs
[2026-01-05T20:46:33.263+0000] {logging_mixin.py:188} INFO - [2026-01-05T20:46:33.263+0000] {dag.py:3823} INFO - Setting next_dagrun for diabetes_ml_pipeline to 2026-01-05 02:00:00+00:00, run_after=2026-01-06 02:00:00+00:00
[2026-01-05T20:46:33.289+0000] {processor.py:183} INFO - Processing /opt/airflow/dags/diabetes_ml_pipeline.py took 0.562 seconds
[2026-01-05T20:47:03.677+0000] {processor.py:161} INFO - Started process (PID=2408) to work on /opt/airflow/dags/diabetes_ml_pipeline.py
[2026-01-05T20:47:03.678+0000] {processor.py:830} INFO - Processing file /opt/airflow/dags/diabetes_ml_pipeline.py for tasks to queue
[2026-01-05T20:47:03.681+0000] {logging_mixin.py:188} INFO - [2026-01-05T20:47:03.680+0000] {dagbag.py:538} INFO - Filling up the DagBag from /opt/airflow/dags/diabetes_ml_pipeline.py
[2026-01-05T20:47:04.081+0000] {logging_mixin.py:188} WARNING - /home/airflow/.local/lib/python3.11/site-packages/airflow/models/baseoperator.py:437 RemovedInAirflow3Warning: provide_context is deprecated as of 2.0 and is no longer required
[2026-01-05T20:47:04.086+0000] {processor.py:840} INFO - DAG(s) 'diabetes_ml_pipeline' retrieved from /opt/airflow/dags/diabetes_ml_pipeline.py
[2026-01-05T20:47:04.117+0000] {logging_mixin.py:188} INFO - [2026-01-05T20:47:04.117+0000] {dag.py:3036} INFO - Sync 1 DAGs
[2026-01-05T20:47:04.140+0000] {logging_mixin.py:188} INFO - [2026-01-05T20:47:04.140+0000] {dag.py:3823} INFO - Setting next_dagrun for diabetes_ml_pipeline to 2026-01-05 02:00:00+00:00, run_after=2026-01-06 02:00:00+00:00
[2026-01-05T20:47:04.164+0000] {processor.py:183} INFO - Processing /opt/airflow/dags/diabetes_ml_pipeline.py took 0.494 seconds
[2026-01-05T20:47:34.440+0000] {processor.py:161} INFO - Started process (PID=2435) to work on /opt/airflow/dags/diabetes_ml_pipeline.py
[2026-01-05T20:47:34.441+0000] {processor.py:830} INFO - Processing file /opt/airflow/dags/diabetes_ml_pipeline.py for tasks to queue
[2026-01-05T20:47:34.444+0000] {logging_mixin.py:188} INFO - [2026-01-05T20:47:34.443+0000] {dagbag.py:538} INFO - Filling up the DagBag from /opt/airflow/dags/diabetes_ml_pipeline.py
[2026-01-05T20:47:34.940+0000] {logging_mixin.py:188} WARNING - /home/airflow/.local/lib/python3.11/site-packages/airflow/models/baseoperator.py:437 RemovedInAirflow3Warning: provide_context is deprecated as of 2.0 and is no longer required
[2026-01-05T20:47:34.946+0000] {processor.py:840} INFO - DAG(s) 'diabetes_ml_pipeline' retrieved from /opt/airflow/dags/diabetes_ml_pipeline.py
[2026-01-05T20:47:34.987+0000] {logging_mixin.py:188} INFO - [2026-01-05T20:47:34.987+0000] {dag.py:3036} INFO - Sync 1 DAGs
[2026-01-05T20:47:35.015+0000] {logging_mixin.py:188} INFO - [2026-01-05T20:47:35.014+0000] {dag.py:3823} INFO - Setting next_dagrun for diabetes_ml_pipeline to 2026-01-05 02:00:00+00:00, run_after=2026-01-06 02:00:00+00:00
[2026-01-05T20:47:35.037+0000] {processor.py:183} INFO - Processing /opt/airflow/dags/diabetes_ml_pipeline.py took 0.604 seconds
[2026-01-05T20:48:05.571+0000] {processor.py:161} INFO - Started process (PID=2462) to work on /opt/airflow/dags/diabetes_ml_pipeline.py
[2026-01-05T20:48:05.572+0000] {processor.py:830} INFO - Processing file /opt/airflow/dags/diabetes_ml_pipeline.py for tasks to queue
[2026-01-05T20:48:05.574+0000] {logging_mixin.py:188} INFO - [2026-01-05T20:48:05.573+0000] {dagbag.py:538} INFO - Filling up the DagBag from /opt/airflow/dags/diabetes_ml_pipeline.py
[2026-01-05T20:48:05.998+0000] {logging_mixin.py:188} WARNING - /home/airflow/.local/lib/python3.11/site-packages/airflow/models/baseoperator.py:437 RemovedInAirflow3Warning: provide_context is deprecated as of 2.0 and is no longer required
[2026-01-05T20:48:06.004+0000] {processor.py:840} INFO - DAG(s) 'diabetes_ml_pipeline' retrieved from /opt/airflow/dags/diabetes_ml_pipeline.py
[2026-01-05T20:48:06.042+0000] {logging_mixin.py:188} INFO - [2026-01-05T20:48:06.041+0000] {dag.py:3036} INFO - Sync 1 DAGs
[2026-01-05T20:48:06.064+0000] {logging_mixin.py:188} INFO - [2026-01-05T20:48:06.064+0000] {dag.py:3823} INFO - Setting next_dagrun for diabetes_ml_pipeline to 2026-01-05 02:00:00+00:00, run_after=2026-01-06 02:00:00+00:00
[2026-01-05T20:48:06.093+0000] {processor.py:183} INFO - Processing /opt/airflow/dags/diabetes_ml_pipeline.py took 0.526 seconds
[2026-01-05T20:48:36.621+0000] {processor.py:161} INFO - Started process (PID=2489) to work on /opt/airflow/dags/diabetes_ml_pipeline.py
[2026-01-05T20:48:36.629+0000] {processor.py:830} INFO - Processing file /opt/airflow/dags/diabetes_ml_pipeline.py for tasks to queue
[2026-01-05T20:48:36.640+0000] {logging_mixin.py:188} INFO - [2026-01-05T20:48:36.638+0000] {dagbag.py:538} INFO - Filling up the DagBag from /opt/airflow/dags/diabetes_ml_pipeline.py
[2026-01-05T20:48:37.094+0000] {logging_mixin.py:188} WARNING - /home/airflow/.local/lib/python3.11/site-packages/airflow/models/baseoperator.py:437 RemovedInAirflow3Warning: provide_context is deprecated as of 2.0 and is no longer required
[2026-01-05T20:48:37.099+0000] {processor.py:840} INFO - DAG(s) 'diabetes_ml_pipeline' retrieved from /opt/airflow/dags/diabetes_ml_pipeline.py
[2026-01-05T20:48:37.132+0000] {logging_mixin.py:188} INFO - [2026-01-05T20:48:37.132+0000] {dag.py:3036} INFO - Sync 1 DAGs
[2026-01-05T20:48:37.162+0000] {logging_mixin.py:188} INFO - [2026-01-05T20:48:37.162+0000] {dag.py:3823} INFO - Setting next_dagrun for diabetes_ml_pipeline to 2026-01-05 02:00:00+00:00, run_after=2026-01-06 02:00:00+00:00
[2026-01-05T20:48:37.201+0000] {processor.py:183} INFO - Processing /opt/airflow/dags/diabetes_ml_pipeline.py took 0.588 seconds
[2026-01-05T20:49:07.829+0000] {processor.py:161} INFO - Started process (PID=2516) to work on /opt/airflow/dags/diabetes_ml_pipeline.py
[2026-01-05T20:49:07.830+0000] {processor.py:830} INFO - Processing file /opt/airflow/dags/diabetes_ml_pipeline.py for tasks to queue
[2026-01-05T20:49:07.832+0000] {logging_mixin.py:188} INFO - [2026-01-05T20:49:07.831+0000] {dagbag.py:538} INFO - Filling up the DagBag from /opt/airflow/dags/diabetes_ml_pipeline.py
[2026-01-05T20:49:08.438+0000] {logging_mixin.py:188} WARNING - /home/airflow/.local/lib/python3.11/site-packages/airflow/models/baseoperator.py:437 RemovedInAirflow3Warning: provide_context is deprecated as of 2.0 and is no longer required
[2026-01-05T20:49:08.450+0000] {processor.py:840} INFO - DAG(s) 'diabetes_ml_pipeline' retrieved from /opt/airflow/dags/diabetes_ml_pipeline.py
[2026-01-05T20:49:08.498+0000] {logging_mixin.py:188} INFO - [2026-01-05T20:49:08.497+0000] {dag.py:3036} INFO - Sync 1 DAGs
[2026-01-05T20:49:08.535+0000] {logging_mixin.py:188} INFO - [2026-01-05T20:49:08.534+0000] {dag.py:3823} INFO - Setting next_dagrun for diabetes_ml_pipeline to 2026-01-05 02:00:00+00:00, run_after=2026-01-06 02:00:00+00:00
[2026-01-05T20:49:08.587+0000] {processor.py:183} INFO - Processing /opt/airflow/dags/diabetes_ml_pipeline.py took 0.763 seconds
[2026-01-05T20:49:39.208+0000] {processor.py:161} INFO - Started process (PID=2543) to work on /opt/airflow/dags/diabetes_ml_pipeline.py
[2026-01-05T20:49:39.210+0000] {processor.py:830} INFO - Processing file /opt/airflow/dags/diabetes_ml_pipeline.py for tasks to queue
[2026-01-05T20:49:39.212+0000] {logging_mixin.py:188} INFO - [2026-01-05T20:49:39.211+0000] {dagbag.py:538} INFO - Filling up the DagBag from /opt/airflow/dags/diabetes_ml_pipeline.py
[2026-01-05T20:49:39.625+0000] {logging_mixin.py:188} WARNING - /home/airflow/.local/lib/python3.11/site-packages/airflow/models/baseoperator.py:437 RemovedInAirflow3Warning: provide_context is deprecated as of 2.0 and is no longer required
[2026-01-05T20:49:39.630+0000] {processor.py:840} INFO - DAG(s) 'diabetes_ml_pipeline' retrieved from /opt/airflow/dags/diabetes_ml_pipeline.py
[2026-01-05T20:49:39.662+0000] {logging_mixin.py:188} INFO - [2026-01-05T20:49:39.662+0000] {dag.py:3036} INFO - Sync 1 DAGs
[2026-01-05T20:49:39.687+0000] {logging_mixin.py:188} INFO - [2026-01-05T20:49:39.687+0000] {dag.py:3823} INFO - Setting next_dagrun for diabetes_ml_pipeline to 2026-01-05 02:00:00+00:00, run_after=2026-01-06 02:00:00+00:00
[2026-01-05T20:49:39.713+0000] {processor.py:183} INFO - Processing /opt/airflow/dags/diabetes_ml_pipeline.py took 0.509 seconds
[2026-01-05T20:50:10.217+0000] {processor.py:161} INFO - Started process (PID=2564) to work on /opt/airflow/dags/diabetes_ml_pipeline.py
[2026-01-05T20:50:10.219+0000] {processor.py:830} INFO - Processing file /opt/airflow/dags/diabetes_ml_pipeline.py for tasks to queue
[2026-01-05T20:50:10.221+0000] {logging_mixin.py:188} INFO - [2026-01-05T20:50:10.220+0000] {dagbag.py:538} INFO - Filling up the DagBag from /opt/airflow/dags/diabetes_ml_pipeline.py
[2026-01-05T20:50:10.642+0000] {logging_mixin.py:188} WARNING - /home/airflow/.local/lib/python3.11/site-packages/airflow/models/baseoperator.py:437 RemovedInAirflow3Warning: provide_context is deprecated as of 2.0 and is no longer required
[2026-01-05T20:50:10.648+0000] {processor.py:840} INFO - DAG(s) 'diabetes_ml_pipeline' retrieved from /opt/airflow/dags/diabetes_ml_pipeline.py
[2026-01-05T20:50:10.686+0000] {logging_mixin.py:188} INFO - [2026-01-05T20:50:10.686+0000] {dag.py:3036} INFO - Sync 1 DAGs
[2026-01-05T20:50:10.714+0000] {logging_mixin.py:188} INFO - [2026-01-05T20:50:10.714+0000] {dag.py:3823} INFO - Setting next_dagrun for diabetes_ml_pipeline to 2026-01-05 02:00:00+00:00, run_after=2026-01-06 02:00:00+00:00
[2026-01-05T20:50:10.743+0000] {processor.py:183} INFO - Processing /opt/airflow/dags/diabetes_ml_pipeline.py took 0.529 seconds
[2026-01-05T20:50:41.342+0000] {processor.py:161} INFO - Started process (PID=2591) to work on /opt/airflow/dags/diabetes_ml_pipeline.py
[2026-01-05T20:50:41.344+0000] {processor.py:830} INFO - Processing file /opt/airflow/dags/diabetes_ml_pipeline.py for tasks to queue
[2026-01-05T20:50:41.346+0000] {logging_mixin.py:188} INFO - [2026-01-05T20:50:41.346+0000] {dagbag.py:538} INFO - Filling up the DagBag from /opt/airflow/dags/diabetes_ml_pipeline.py
[2026-01-05T20:50:41.731+0000] {logging_mixin.py:188} WARNING - /home/airflow/.local/lib/python3.11/site-packages/airflow/models/baseoperator.py:437 RemovedInAirflow3Warning: provide_context is deprecated as of 2.0 and is no longer required
[2026-01-05T20:50:41.737+0000] {processor.py:840} INFO - DAG(s) 'diabetes_ml_pipeline' retrieved from /opt/airflow/dags/diabetes_ml_pipeline.py
[2026-01-05T20:50:41.770+0000] {logging_mixin.py:188} INFO - [2026-01-05T20:50:41.770+0000] {dag.py:3036} INFO - Sync 1 DAGs
[2026-01-05T20:50:41.793+0000] {logging_mixin.py:188} INFO - [2026-01-05T20:50:41.792+0000] {dag.py:3823} INFO - Setting next_dagrun for diabetes_ml_pipeline to 2026-01-05 02:00:00+00:00, run_after=2026-01-06 02:00:00+00:00
[2026-01-05T20:50:41.816+0000] {processor.py:183} INFO - Processing /opt/airflow/dags/diabetes_ml_pipeline.py took 0.479 seconds
[2026-01-05T20:51:12.187+0000] {processor.py:161} INFO - Started process (PID=2618) to work on /opt/airflow/dags/diabetes_ml_pipeline.py
[2026-01-05T20:51:12.189+0000] {processor.py:830} INFO - Processing file /opt/airflow/dags/diabetes_ml_pipeline.py for tasks to queue
[2026-01-05T20:51:12.190+0000] {logging_mixin.py:188} INFO - [2026-01-05T20:51:12.190+0000] {dagbag.py:538} INFO - Filling up the DagBag from /opt/airflow/dags/diabetes_ml_pipeline.py
[2026-01-05T20:51:12.578+0000] {logging_mixin.py:188} WARNING - /home/airflow/.local/lib/python3.11/site-packages/airflow/models/baseoperator.py:437 RemovedInAirflow3Warning: provide_context is deprecated as of 2.0 and is no longer required
[2026-01-05T20:51:12.584+0000] {processor.py:840} INFO - DAG(s) 'diabetes_ml_pipeline' retrieved from /opt/airflow/dags/diabetes_ml_pipeline.py
[2026-01-05T20:51:12.618+0000] {logging_mixin.py:188} INFO - [2026-01-05T20:51:12.618+0000] {dag.py:3036} INFO - Sync 1 DAGs
[2026-01-05T20:51:12.640+0000] {logging_mixin.py:188} INFO - [2026-01-05T20:51:12.640+0000] {dag.py:3823} INFO - Setting next_dagrun for diabetes_ml_pipeline to 2026-01-05 02:00:00+00:00, run_after=2026-01-06 02:00:00+00:00
[2026-01-05T20:51:12.663+0000] {processor.py:183} INFO - Processing /opt/airflow/dags/diabetes_ml_pipeline.py took 0.481 seconds
[2026-01-05T20:51:42.859+0000] {processor.py:161} INFO - Started process (PID=2663) to work on /opt/airflow/dags/diabetes_ml_pipeline.py
[2026-01-05T20:51:42.863+0000] {processor.py:830} INFO - Processing file /opt/airflow/dags/diabetes_ml_pipeline.py for tasks to queue
[2026-01-05T20:51:42.867+0000] {logging_mixin.py:188} INFO - [2026-01-05T20:51:42.866+0000] {dagbag.py:538} INFO - Filling up the DagBag from /opt/airflow/dags/diabetes_ml_pipeline.py
[2026-01-05T20:51:43.304+0000] {logging_mixin.py:188} WARNING - /home/airflow/.local/lib/python3.11/site-packages/airflow/models/baseoperator.py:437 RemovedInAirflow3Warning: provide_context is deprecated as of 2.0 and is no longer required
[2026-01-05T20:51:43.311+0000] {processor.py:840} INFO - DAG(s) 'diabetes_ml_pipeline' retrieved from /opt/airflow/dags/diabetes_ml_pipeline.py
[2026-01-05T20:51:43.345+0000] {logging_mixin.py:188} INFO - [2026-01-05T20:51:43.344+0000] {dag.py:3036} INFO - Sync 1 DAGs
[2026-01-05T20:51:43.367+0000] {logging_mixin.py:188} INFO - [2026-01-05T20:51:43.367+0000] {dag.py:3823} INFO - Setting next_dagrun for diabetes_ml_pipeline to 2026-01-05 02:00:00+00:00, run_after=2026-01-06 02:00:00+00:00
[2026-01-05T20:51:43.390+0000] {processor.py:183} INFO - Processing /opt/airflow/dags/diabetes_ml_pipeline.py took 0.537 seconds
[2026-01-05T20:52:13.591+0000] {processor.py:161} INFO - Started process (PID=2690) to work on /opt/airflow/dags/diabetes_ml_pipeline.py
[2026-01-05T20:52:13.593+0000] {processor.py:830} INFO - Processing file /opt/airflow/dags/diabetes_ml_pipeline.py for tasks to queue
[2026-01-05T20:52:13.594+0000] {logging_mixin.py:188} INFO - [2026-01-05T20:52:13.594+0000] {dagbag.py:538} INFO - Filling up the DagBag from /opt/airflow/dags/diabetes_ml_pipeline.py
[2026-01-05T20:52:14.002+0000] {logging_mixin.py:188} WARNING - /home/airflow/.local/lib/python3.11/site-packages/airflow/models/baseoperator.py:437 RemovedInAirflow3Warning: provide_context is deprecated as of 2.0 and is no longer required
[2026-01-05T20:52:14.008+0000] {processor.py:840} INFO - DAG(s) 'diabetes_ml_pipeline' retrieved from /opt/airflow/dags/diabetes_ml_pipeline.py
[2026-01-05T20:52:14.041+0000] {logging_mixin.py:188} INFO - [2026-01-05T20:52:14.040+0000] {dag.py:3036} INFO - Sync 1 DAGs
[2026-01-05T20:52:14.061+0000] {logging_mixin.py:188} INFO - [2026-01-05T20:52:14.060+0000] {dag.py:3823} INFO - Setting next_dagrun for diabetes_ml_pipeline to 2026-01-05 02:00:00+00:00, run_after=2026-01-06 02:00:00+00:00
[2026-01-05T20:52:14.080+0000] {processor.py:183} INFO - Processing /opt/airflow/dags/diabetes_ml_pipeline.py took 0.507 seconds
[2026-01-05T20:52:44.427+0000] {processor.py:161} INFO - Started process (PID=2717) to work on /opt/airflow/dags/diabetes_ml_pipeline.py
[2026-01-05T20:52:44.429+0000] {processor.py:830} INFO - Processing file /opt/airflow/dags/diabetes_ml_pipeline.py for tasks to queue
[2026-01-05T20:52:44.431+0000] {logging_mixin.py:188} INFO - [2026-01-05T20:52:44.431+0000] {dagbag.py:538} INFO - Filling up the DagBag from /opt/airflow/dags/diabetes_ml_pipeline.py
[2026-01-05T20:52:44.832+0000] {logging_mixin.py:188} WARNING - /home/airflow/.local/lib/python3.11/site-packages/airflow/models/baseoperator.py:437 RemovedInAirflow3Warning: provide_context is deprecated as of 2.0 and is no longer required
[2026-01-05T20:52:44.839+0000] {processor.py:840} INFO - DAG(s) 'diabetes_ml_pipeline' retrieved from /opt/airflow/dags/diabetes_ml_pipeline.py
[2026-01-05T20:52:44.870+0000] {logging_mixin.py:188} INFO - [2026-01-05T20:52:44.870+0000] {dag.py:3036} INFO - Sync 1 DAGs
[2026-01-05T20:52:44.890+0000] {logging_mixin.py:188} INFO - [2026-01-05T20:52:44.890+0000] {dag.py:3823} INFO - Setting next_dagrun for diabetes_ml_pipeline to 2026-01-05 02:00:00+00:00, run_after=2026-01-06 02:00:00+00:00
[2026-01-05T20:52:44.909+0000] {processor.py:183} INFO - Processing /opt/airflow/dags/diabetes_ml_pipeline.py took 0.489 seconds
[2026-01-05T20:53:15.274+0000] {processor.py:161} INFO - Started process (PID=2744) to work on /opt/airflow/dags/diabetes_ml_pipeline.py
[2026-01-05T20:53:15.279+0000] {processor.py:830} INFO - Processing file /opt/airflow/dags/diabetes_ml_pipeline.py for tasks to queue
[2026-01-05T20:53:15.280+0000] {logging_mixin.py:188} INFO - [2026-01-05T20:53:15.280+0000] {dagbag.py:538} INFO - Filling up the DagBag from /opt/airflow/dags/diabetes_ml_pipeline.py
[2026-01-05T20:53:15.743+0000] {logging_mixin.py:188} WARNING - /home/airflow/.local/lib/python3.11/site-packages/airflow/models/baseoperator.py:437 RemovedInAirflow3Warning: provide_context is deprecated as of 2.0 and is no longer required
[2026-01-05T20:53:15.752+0000] {processor.py:840} INFO - DAG(s) 'diabetes_ml_pipeline' retrieved from /opt/airflow/dags/diabetes_ml_pipeline.py
[2026-01-05T20:53:15.813+0000] {logging_mixin.py:188} INFO - [2026-01-05T20:53:15.813+0000] {dag.py:3036} INFO - Sync 1 DAGs
[2026-01-05T20:53:15.835+0000] {logging_mixin.py:188} INFO - [2026-01-05T20:53:15.835+0000] {dag.py:3823} INFO - Setting next_dagrun for diabetes_ml_pipeline to 2026-01-05 02:00:00+00:00, run_after=2026-01-06 02:00:00+00:00
[2026-01-05T20:53:15.856+0000] {processor.py:183} INFO - Processing /opt/airflow/dags/diabetes_ml_pipeline.py took 0.599 seconds
[2026-01-05T20:53:46.533+0000] {processor.py:161} INFO - Started process (PID=2771) to work on /opt/airflow/dags/diabetes_ml_pipeline.py
[2026-01-05T20:53:46.534+0000] {processor.py:830} INFO - Processing file /opt/airflow/dags/diabetes_ml_pipeline.py for tasks to queue
[2026-01-05T20:53:46.535+0000] {logging_mixin.py:188} INFO - [2026-01-05T20:53:46.535+0000] {dagbag.py:538} INFO - Filling up the DagBag from /opt/airflow/dags/diabetes_ml_pipeline.py
[2026-01-05T20:53:46.903+0000] {logging_mixin.py:188} WARNING - /home/airflow/.local/lib/python3.11/site-packages/airflow/models/baseoperator.py:437 RemovedInAirflow3Warning: provide_context is deprecated as of 2.0 and is no longer required
[2026-01-05T20:53:46.908+0000] {processor.py:840} INFO - DAG(s) 'diabetes_ml_pipeline' retrieved from /opt/airflow/dags/diabetes_ml_pipeline.py
[2026-01-05T20:53:46.940+0000] {logging_mixin.py:188} INFO - [2026-01-05T20:53:46.940+0000] {dag.py:3036} INFO - Sync 1 DAGs
[2026-01-05T20:53:46.967+0000] {logging_mixin.py:188} INFO - [2026-01-05T20:53:46.966+0000] {dag.py:3823} INFO - Setting next_dagrun for diabetes_ml_pipeline to 2026-01-05 02:00:00+00:00, run_after=2026-01-06 02:00:00+00:00
[2026-01-05T20:53:46.991+0000] {processor.py:183} INFO - Processing /opt/airflow/dags/diabetes_ml_pipeline.py took 0.462 seconds
[2026-01-05T20:54:17.402+0000] {processor.py:161} INFO - Started process (PID=2798) to work on /opt/airflow/dags/diabetes_ml_pipeline.py
[2026-01-05T20:54:17.403+0000] {processor.py:830} INFO - Processing file /opt/airflow/dags/diabetes_ml_pipeline.py for tasks to queue
[2026-01-05T20:54:17.405+0000] {logging_mixin.py:188} INFO - [2026-01-05T20:54:17.404+0000] {dagbag.py:538} INFO - Filling up the DagBag from /opt/airflow/dags/diabetes_ml_pipeline.py
[2026-01-05T20:54:17.781+0000] {logging_mixin.py:188} WARNING - /home/airflow/.local/lib/python3.11/site-packages/airflow/models/baseoperator.py:437 RemovedInAirflow3Warning: provide_context is deprecated as of 2.0 and is no longer required
[2026-01-05T20:54:17.789+0000] {processor.py:840} INFO - DAG(s) 'diabetes_ml_pipeline' retrieved from /opt/airflow/dags/diabetes_ml_pipeline.py
[2026-01-05T20:54:17.821+0000] {logging_mixin.py:188} INFO - [2026-01-05T20:54:17.820+0000] {dag.py:3036} INFO - Sync 1 DAGs
[2026-01-05T20:54:17.844+0000] {logging_mixin.py:188} INFO - [2026-01-05T20:54:17.844+0000] {dag.py:3823} INFO - Setting next_dagrun for diabetes_ml_pipeline to 2026-01-05 02:00:00+00:00, run_after=2026-01-06 02:00:00+00:00
[2026-01-05T20:54:17.868+0000] {processor.py:183} INFO - Processing /opt/airflow/dags/diabetes_ml_pipeline.py took 0.470 seconds
[2026-01-05T20:54:48.225+0000] {processor.py:161} INFO - Started process (PID=2825) to work on /opt/airflow/dags/diabetes_ml_pipeline.py
[2026-01-05T20:54:48.233+0000] {processor.py:830} INFO - Processing file /opt/airflow/dags/diabetes_ml_pipeline.py for tasks to queue
[2026-01-05T20:54:48.240+0000] {logging_mixin.py:188} INFO - [2026-01-05T20:54:48.237+0000] {dagbag.py:538} INFO - Filling up the DagBag from /opt/airflow/dags/diabetes_ml_pipeline.py
[2026-01-05T20:54:48.700+0000] {logging_mixin.py:188} WARNING - /home/airflow/.local/lib/python3.11/site-packages/airflow/models/baseoperator.py:437 RemovedInAirflow3Warning: provide_context is deprecated as of 2.0 and is no longer required
[2026-01-05T20:54:48.705+0000] {processor.py:840} INFO - DAG(s) 'diabetes_ml_pipeline' retrieved from /opt/airflow/dags/diabetes_ml_pipeline.py
[2026-01-05T20:54:48.736+0000] {logging_mixin.py:188} INFO - [2026-01-05T20:54:48.735+0000] {dag.py:3036} INFO - Sync 1 DAGs
[2026-01-05T20:54:48.756+0000] {logging_mixin.py:188} INFO - [2026-01-05T20:54:48.756+0000] {dag.py:3823} INFO - Setting next_dagrun for diabetes_ml_pipeline to 2026-01-05 02:00:00+00:00, run_after=2026-01-06 02:00:00+00:00
[2026-01-05T20:54:48.780+0000] {processor.py:183} INFO - Processing /opt/airflow/dags/diabetes_ml_pipeline.py took 0.565 seconds
[2026-01-05T20:55:19.323+0000] {processor.py:161} INFO - Started process (PID=2852) to work on /opt/airflow/dags/diabetes_ml_pipeline.py
[2026-01-05T20:55:19.327+0000] {processor.py:830} INFO - Processing file /opt/airflow/dags/diabetes_ml_pipeline.py for tasks to queue
[2026-01-05T20:55:19.330+0000] {logging_mixin.py:188} INFO - [2026-01-05T20:55:19.330+0000] {dagbag.py:538} INFO - Filling up the DagBag from /opt/airflow/dags/diabetes_ml_pipeline.py
[2026-01-05T20:55:19.746+0000] {logging_mixin.py:188} WARNING - /home/airflow/.local/lib/python3.11/site-packages/airflow/models/baseoperator.py:437 RemovedInAirflow3Warning: provide_context is deprecated as of 2.0 and is no longer required
[2026-01-05T20:55:19.751+0000] {processor.py:840} INFO - DAG(s) 'diabetes_ml_pipeline' retrieved from /opt/airflow/dags/diabetes_ml_pipeline.py
[2026-01-05T20:55:19.784+0000] {logging_mixin.py:188} INFO - [2026-01-05T20:55:19.784+0000] {dag.py:3036} INFO - Sync 1 DAGs
[2026-01-05T20:55:19.807+0000] {logging_mixin.py:188} INFO - [2026-01-05T20:55:19.807+0000] {dag.py:3823} INFO - Setting next_dagrun for diabetes_ml_pipeline to 2026-01-05 02:00:00+00:00, run_after=2026-01-06 02:00:00+00:00
[2026-01-05T20:55:19.837+0000] {processor.py:183} INFO - Processing /opt/airflow/dags/diabetes_ml_pipeline.py took 0.527 seconds
[2026-01-05T20:55:50.209+0000] {processor.py:161} INFO - Started process (PID=2879) to work on /opt/airflow/dags/diabetes_ml_pipeline.py
[2026-01-05T20:55:50.212+0000] {processor.py:830} INFO - Processing file /opt/airflow/dags/diabetes_ml_pipeline.py for tasks to queue
[2026-01-05T20:55:50.214+0000] {logging_mixin.py:188} INFO - [2026-01-05T20:55:50.213+0000] {dagbag.py:538} INFO - Filling up the DagBag from /opt/airflow/dags/diabetes_ml_pipeline.py
[2026-01-05T20:55:50.634+0000] {logging_mixin.py:188} WARNING - /home/airflow/.local/lib/python3.11/site-packages/airflow/models/baseoperator.py:437 RemovedInAirflow3Warning: provide_context is deprecated as of 2.0 and is no longer required
[2026-01-05T20:55:50.640+0000] {processor.py:840} INFO - DAG(s) 'diabetes_ml_pipeline' retrieved from /opt/airflow/dags/diabetes_ml_pipeline.py
[2026-01-05T20:55:50.673+0000] {logging_mixin.py:188} INFO - [2026-01-05T20:55:50.672+0000] {dag.py:3036} INFO - Sync 1 DAGs
[2026-01-05T20:55:50.695+0000] {logging_mixin.py:188} INFO - [2026-01-05T20:55:50.694+0000] {dag.py:3823} INFO - Setting next_dagrun for diabetes_ml_pipeline to 2026-01-05 02:00:00+00:00, run_after=2026-01-06 02:00:00+00:00
[2026-01-05T20:55:50.727+0000] {processor.py:183} INFO - Processing /opt/airflow/dags/diabetes_ml_pipeline.py took 0.522 seconds
[2026-01-05T20:56:21.236+0000] {processor.py:161} INFO - Started process (PID=2924) to work on /opt/airflow/dags/diabetes_ml_pipeline.py
[2026-01-05T20:56:21.239+0000] {processor.py:830} INFO - Processing file /opt/airflow/dags/diabetes_ml_pipeline.py for tasks to queue
[2026-01-05T20:56:21.240+0000] {logging_mixin.py:188} INFO - [2026-01-05T20:56:21.240+0000] {dagbag.py:538} INFO - Filling up the DagBag from /opt/airflow/dags/diabetes_ml_pipeline.py
[2026-01-05T20:56:21.658+0000] {logging_mixin.py:188} WARNING - /home/airflow/.local/lib/python3.11/site-packages/airflow/models/baseoperator.py:437 RemovedInAirflow3Warning: provide_context is deprecated as of 2.0 and is no longer required
[2026-01-05T20:56:21.664+0000] {processor.py:840} INFO - DAG(s) 'diabetes_ml_pipeline' retrieved from /opt/airflow/dags/diabetes_ml_pipeline.py
[2026-01-05T20:56:21.704+0000] {logging_mixin.py:188} INFO - [2026-01-05T20:56:21.704+0000] {dag.py:3036} INFO - Sync 1 DAGs
[2026-01-05T20:56:21.730+0000] {logging_mixin.py:188} INFO - [2026-01-05T20:56:21.729+0000] {dag.py:3823} INFO - Setting next_dagrun for diabetes_ml_pipeline to 2026-01-05 02:00:00+00:00, run_after=2026-01-06 02:00:00+00:00
[2026-01-05T20:56:21.771+0000] {processor.py:183} INFO - Processing /opt/airflow/dags/diabetes_ml_pipeline.py took 0.544 seconds
[2026-01-05T20:56:52.187+0000] {processor.py:161} INFO - Started process (PID=2951) to work on /opt/airflow/dags/diabetes_ml_pipeline.py
[2026-01-05T20:56:52.190+0000] {processor.py:830} INFO - Processing file /opt/airflow/dags/diabetes_ml_pipeline.py for tasks to queue
[2026-01-05T20:56:52.194+0000] {logging_mixin.py:188} INFO - [2026-01-05T20:56:52.194+0000] {dagbag.py:538} INFO - Filling up the DagBag from /opt/airflow/dags/diabetes_ml_pipeline.py
[2026-01-05T20:56:52.645+0000] {logging_mixin.py:188} WARNING - /home/airflow/.local/lib/python3.11/site-packages/airflow/models/baseoperator.py:437 RemovedInAirflow3Warning: provide_context is deprecated as of 2.0 and is no longer required
[2026-01-05T20:56:52.651+0000] {processor.py:840} INFO - DAG(s) 'diabetes_ml_pipeline' retrieved from /opt/airflow/dags/diabetes_ml_pipeline.py
[2026-01-05T20:56:52.686+0000] {logging_mixin.py:188} INFO - [2026-01-05T20:56:52.685+0000] {dag.py:3036} INFO - Sync 1 DAGs
[2026-01-05T20:56:52.707+0000] {logging_mixin.py:188} INFO - [2026-01-05T20:56:52.707+0000] {dag.py:3823} INFO - Setting next_dagrun for diabetes_ml_pipeline to 2026-01-05 02:00:00+00:00, run_after=2026-01-06 02:00:00+00:00
[2026-01-05T20:56:52.732+0000] {processor.py:183} INFO - Processing /opt/airflow/dags/diabetes_ml_pipeline.py took 0.553 seconds
[2026-01-05T20:57:23.241+0000] {processor.py:161} INFO - Started process (PID=2978) to work on /opt/airflow/dags/diabetes_ml_pipeline.py
[2026-01-05T20:57:23.243+0000] {processor.py:830} INFO - Processing file /opt/airflow/dags/diabetes_ml_pipeline.py for tasks to queue
[2026-01-05T20:57:23.245+0000] {logging_mixin.py:188} INFO - [2026-01-05T20:57:23.245+0000] {dagbag.py:538} INFO - Filling up the DagBag from /opt/airflow/dags/diabetes_ml_pipeline.py
[2026-01-05T20:57:23.684+0000] {logging_mixin.py:188} WARNING - /home/airflow/.local/lib/python3.11/site-packages/airflow/models/baseoperator.py:437 RemovedInAirflow3Warning: provide_context is deprecated as of 2.0 and is no longer required
[2026-01-05T20:57:23.690+0000] {processor.py:840} INFO - DAG(s) 'diabetes_ml_pipeline' retrieved from /opt/airflow/dags/diabetes_ml_pipeline.py
[2026-01-05T20:57:23.726+0000] {logging_mixin.py:188} INFO - [2026-01-05T20:57:23.725+0000] {dag.py:3036} INFO - Sync 1 DAGs
[2026-01-05T20:57:23.748+0000] {logging_mixin.py:188} INFO - [2026-01-05T20:57:23.748+0000] {dag.py:3823} INFO - Setting next_dagrun for diabetes_ml_pipeline to 2026-01-05 02:00:00+00:00, run_after=2026-01-06 02:00:00+00:00
[2026-01-05T20:57:23.773+0000] {processor.py:183} INFO - Processing /opt/airflow/dags/diabetes_ml_pipeline.py took 0.536 seconds
[2026-01-05T20:57:54.045+0000] {processor.py:161} INFO - Started process (PID=3005) to work on /opt/airflow/dags/diabetes_ml_pipeline.py
[2026-01-05T20:57:54.046+0000] {processor.py:830} INFO - Processing file /opt/airflow/dags/diabetes_ml_pipeline.py for tasks to queue
[2026-01-05T20:57:54.048+0000] {logging_mixin.py:188} INFO - [2026-01-05T20:57:54.047+0000] {dagbag.py:538} INFO - Filling up the DagBag from /opt/airflow/dags/diabetes_ml_pipeline.py
[2026-01-05T20:57:54.409+0000] {logging_mixin.py:188} WARNING - /home/airflow/.local/lib/python3.11/site-packages/airflow/models/baseoperator.py:437 RemovedInAirflow3Warning: provide_context is deprecated as of 2.0 and is no longer required
[2026-01-05T20:57:54.414+0000] {processor.py:840} INFO - DAG(s) 'diabetes_ml_pipeline' retrieved from /opt/airflow/dags/diabetes_ml_pipeline.py
[2026-01-05T20:57:54.445+0000] {logging_mixin.py:188} INFO - [2026-01-05T20:57:54.445+0000] {dag.py:3036} INFO - Sync 1 DAGs
[2026-01-05T20:57:54.465+0000] {logging_mixin.py:188} INFO - [2026-01-05T20:57:54.465+0000] {dag.py:3823} INFO - Setting next_dagrun for diabetes_ml_pipeline to 2026-01-05 02:00:00+00:00, run_after=2026-01-06 02:00:00+00:00
[2026-01-05T20:57:54.485+0000] {processor.py:183} INFO - Processing /opt/airflow/dags/diabetes_ml_pipeline.py took 0.444 seconds
[2026-01-05T20:58:24.932+0000] {processor.py:161} INFO - Started process (PID=3032) to work on /opt/airflow/dags/diabetes_ml_pipeline.py
[2026-01-05T20:58:24.935+0000] {processor.py:830} INFO - Processing file /opt/airflow/dags/diabetes_ml_pipeline.py for tasks to queue
[2026-01-05T20:58:24.939+0000] {logging_mixin.py:188} INFO - [2026-01-05T20:58:24.937+0000] {dagbag.py:538} INFO - Filling up the DagBag from /opt/airflow/dags/diabetes_ml_pipeline.py
[2026-01-05T20:58:25.353+0000] {logging_mixin.py:188} WARNING - /home/airflow/.local/lib/python3.11/site-packages/airflow/models/baseoperator.py:437 RemovedInAirflow3Warning: provide_context is deprecated as of 2.0 and is no longer required
[2026-01-05T20:58:25.359+0000] {processor.py:840} INFO - DAG(s) 'diabetes_ml_pipeline' retrieved from /opt/airflow/dags/diabetes_ml_pipeline.py
[2026-01-05T20:58:25.396+0000] {logging_mixin.py:188} INFO - [2026-01-05T20:58:25.395+0000] {dag.py:3036} INFO - Sync 1 DAGs
[2026-01-05T20:58:25.420+0000] {logging_mixin.py:188} INFO - [2026-01-05T20:58:25.419+0000] {dag.py:3823} INFO - Setting next_dagrun for diabetes_ml_pipeline to 2026-01-05 02:00:00+00:00, run_after=2026-01-06 02:00:00+00:00
[2026-01-05T20:58:25.446+0000] {processor.py:183} INFO - Processing /opt/airflow/dags/diabetes_ml_pipeline.py took 0.521 seconds
[2026-01-05T20:58:55.834+0000] {processor.py:161} INFO - Started process (PID=3059) to work on /opt/airflow/dags/diabetes_ml_pipeline.py
[2026-01-05T20:58:55.838+0000] {processor.py:830} INFO - Processing file /opt/airflow/dags/diabetes_ml_pipeline.py for tasks to queue
[2026-01-05T20:58:55.841+0000] {logging_mixin.py:188} INFO - [2026-01-05T20:58:55.841+0000] {dagbag.py:538} INFO - Filling up the DagBag from /opt/airflow/dags/diabetes_ml_pipeline.py
[2026-01-05T20:58:56.259+0000] {logging_mixin.py:188} WARNING - /home/airflow/.local/lib/python3.11/site-packages/airflow/models/baseoperator.py:437 RemovedInAirflow3Warning: provide_context is deprecated as of 2.0 and is no longer required
[2026-01-05T20:58:56.268+0000] {processor.py:840} INFO - DAG(s) 'diabetes_ml_pipeline' retrieved from /opt/airflow/dags/diabetes_ml_pipeline.py
[2026-01-05T20:58:56.305+0000] {logging_mixin.py:188} INFO - [2026-01-05T20:58:56.305+0000] {dag.py:3036} INFO - Sync 1 DAGs
[2026-01-05T20:58:56.328+0000] {logging_mixin.py:188} INFO - [2026-01-05T20:58:56.327+0000] {dag.py:3823} INFO - Setting next_dagrun for diabetes_ml_pipeline to 2026-01-05 02:00:00+00:00, run_after=2026-01-06 02:00:00+00:00
[2026-01-05T20:58:56.350+0000] {processor.py:183} INFO - Processing /opt/airflow/dags/diabetes_ml_pipeline.py took 0.520 seconds
[2026-01-05T20:59:26.590+0000] {processor.py:161} INFO - Started process (PID=3086) to work on /opt/airflow/dags/diabetes_ml_pipeline.py
[2026-01-05T20:59:26.592+0000] {processor.py:830} INFO - Processing file /opt/airflow/dags/diabetes_ml_pipeline.py for tasks to queue
[2026-01-05T20:59:26.593+0000] {logging_mixin.py:188} INFO - [2026-01-05T20:59:26.593+0000] {dagbag.py:538} INFO - Filling up the DagBag from /opt/airflow/dags/diabetes_ml_pipeline.py
[2026-01-05T20:59:27.055+0000] {logging_mixin.py:188} WARNING - /home/airflow/.local/lib/python3.11/site-packages/airflow/models/baseoperator.py:437 RemovedInAirflow3Warning: provide_context is deprecated as of 2.0 and is no longer required
[2026-01-05T20:59:27.062+0000] {processor.py:840} INFO - DAG(s) 'diabetes_ml_pipeline' retrieved from /opt/airflow/dags/diabetes_ml_pipeline.py
[2026-01-05T20:59:27.101+0000] {logging_mixin.py:188} INFO - [2026-01-05T20:59:27.101+0000] {dag.py:3036} INFO - Sync 1 DAGs
[2026-01-05T20:59:27.125+0000] {logging_mixin.py:188} INFO - [2026-01-05T20:59:27.125+0000] {dag.py:3823} INFO - Setting next_dagrun for diabetes_ml_pipeline to 2026-01-05 02:00:00+00:00, run_after=2026-01-06 02:00:00+00:00
[2026-01-05T20:59:27.151+0000] {processor.py:183} INFO - Processing /opt/airflow/dags/diabetes_ml_pipeline.py took 0.564 seconds
[2026-01-05T20:59:57.671+0000] {processor.py:161} INFO - Started process (PID=3113) to work on /opt/airflow/dags/diabetes_ml_pipeline.py
[2026-01-05T20:59:57.673+0000] {processor.py:830} INFO - Processing file /opt/airflow/dags/diabetes_ml_pipeline.py for tasks to queue
[2026-01-05T20:59:57.675+0000] {logging_mixin.py:188} INFO - [2026-01-05T20:59:57.674+0000] {dagbag.py:538} INFO - Filling up the DagBag from /opt/airflow/dags/diabetes_ml_pipeline.py
[2026-01-05T20:59:58.102+0000] {logging_mixin.py:188} WARNING - /home/airflow/.local/lib/python3.11/site-packages/airflow/models/baseoperator.py:437 RemovedInAirflow3Warning: provide_context is deprecated as of 2.0 and is no longer required
[2026-01-05T20:59:58.108+0000] {processor.py:840} INFO - DAG(s) 'diabetes_ml_pipeline' retrieved from /opt/airflow/dags/diabetes_ml_pipeline.py
[2026-01-05T20:59:58.162+0000] {logging_mixin.py:188} INFO - [2026-01-05T20:59:58.161+0000] {dag.py:3036} INFO - Sync 1 DAGs
[2026-01-05T20:59:58.192+0000] {logging_mixin.py:188} INFO - [2026-01-05T20:59:58.191+0000] {dag.py:3823} INFO - Setting next_dagrun for diabetes_ml_pipeline to 2026-01-05 02:00:00+00:00, run_after=2026-01-06 02:00:00+00:00
[2026-01-05T20:59:58.219+0000] {processor.py:183} INFO - Processing /opt/airflow/dags/diabetes_ml_pipeline.py took 0.552 seconds
[2026-01-05T21:00:28.393+0000] {processor.py:161} INFO - Started process (PID=3140) to work on /opt/airflow/dags/diabetes_ml_pipeline.py
[2026-01-05T21:00:28.396+0000] {processor.py:830} INFO - Processing file /opt/airflow/dags/diabetes_ml_pipeline.py for tasks to queue
[2026-01-05T21:00:28.399+0000] {logging_mixin.py:188} INFO - [2026-01-05T21:00:28.398+0000] {dagbag.py:538} INFO - Filling up the DagBag from /opt/airflow/dags/diabetes_ml_pipeline.py
[2026-01-05T21:00:29.008+0000] {logging_mixin.py:188} WARNING - /home/airflow/.local/lib/python3.11/site-packages/airflow/models/baseoperator.py:437 RemovedInAirflow3Warning: provide_context is deprecated as of 2.0 and is no longer required
[2026-01-05T21:00:29.017+0000] {processor.py:840} INFO - DAG(s) 'diabetes_ml_pipeline' retrieved from /opt/airflow/dags/diabetes_ml_pipeline.py
[2026-01-05T21:00:29.074+0000] {logging_mixin.py:188} INFO - [2026-01-05T21:00:29.074+0000] {dag.py:3036} INFO - Sync 1 DAGs
[2026-01-05T21:00:29.122+0000] {logging_mixin.py:188} INFO - [2026-01-05T21:00:29.121+0000] {dag.py:3823} INFO - Setting next_dagrun for diabetes_ml_pipeline to 2026-01-05 02:00:00+00:00, run_after=2026-01-06 02:00:00+00:00
[2026-01-05T21:00:29.156+0000] {processor.py:183} INFO - Processing /opt/airflow/dags/diabetes_ml_pipeline.py took 0.776 seconds
[2026-01-05T21:00:59.665+0000] {processor.py:161} INFO - Started process (PID=3167) to work on /opt/airflow/dags/diabetes_ml_pipeline.py
[2026-01-05T21:00:59.667+0000] {processor.py:830} INFO - Processing file /opt/airflow/dags/diabetes_ml_pipeline.py for tasks to queue
[2026-01-05T21:00:59.669+0000] {logging_mixin.py:188} INFO - [2026-01-05T21:00:59.668+0000] {dagbag.py:538} INFO - Filling up the DagBag from /opt/airflow/dags/diabetes_ml_pipeline.py
[2026-01-05T21:01:00.131+0000] {logging_mixin.py:188} WARNING - /home/airflow/.local/lib/python3.11/site-packages/airflow/models/baseoperator.py:437 RemovedInAirflow3Warning: provide_context is deprecated as of 2.0 and is no longer required
[2026-01-05T21:01:00.141+0000] {processor.py:840} INFO - DAG(s) 'diabetes_ml_pipeline' retrieved from /opt/airflow/dags/diabetes_ml_pipeline.py
[2026-01-05T21:01:00.189+0000] {logging_mixin.py:188} INFO - [2026-01-05T21:01:00.188+0000] {dag.py:3036} INFO - Sync 1 DAGs
[2026-01-05T21:01:00.215+0000] {logging_mixin.py:188} INFO - [2026-01-05T21:01:00.214+0000] {dag.py:3823} INFO - Setting next_dagrun for diabetes_ml_pipeline to 2026-01-05 02:00:00+00:00, run_after=2026-01-06 02:00:00+00:00
[2026-01-05T21:01:00.243+0000] {processor.py:183} INFO - Processing /opt/airflow/dags/diabetes_ml_pipeline.py took 0.584 seconds
[2026-01-05T21:01:30.736+0000] {processor.py:161} INFO - Started process (PID=3188) to work on /opt/airflow/dags/diabetes_ml_pipeline.py
[2026-01-05T21:01:30.739+0000] {processor.py:830} INFO - Processing file /opt/airflow/dags/diabetes_ml_pipeline.py for tasks to queue
[2026-01-05T21:01:30.741+0000] {logging_mixin.py:188} INFO - [2026-01-05T21:01:30.740+0000] {dagbag.py:538} INFO - Filling up the DagBag from /opt/airflow/dags/diabetes_ml_pipeline.py
[2026-01-05T21:01:31.222+0000] {logging_mixin.py:188} WARNING - /home/airflow/.local/lib/python3.11/site-packages/airflow/models/baseoperator.py:437 RemovedInAirflow3Warning: provide_context is deprecated as of 2.0 and is no longer required
[2026-01-05T21:01:31.228+0000] {processor.py:840} INFO - DAG(s) 'diabetes_ml_pipeline' retrieved from /opt/airflow/dags/diabetes_ml_pipeline.py
[2026-01-05T21:01:31.266+0000] {logging_mixin.py:188} INFO - [2026-01-05T21:01:31.265+0000] {dag.py:3036} INFO - Sync 1 DAGs
[2026-01-05T21:01:31.294+0000] {logging_mixin.py:188} INFO - [2026-01-05T21:01:31.294+0000] {dag.py:3823} INFO - Setting next_dagrun for diabetes_ml_pipeline to 2026-01-05 02:00:00+00:00, run_after=2026-01-06 02:00:00+00:00
[2026-01-05T21:01:31.316+0000] {processor.py:183} INFO - Processing /opt/airflow/dags/diabetes_ml_pipeline.py took 0.591 seconds
[2026-01-05T21:02:01.919+0000] {processor.py:161} INFO - Started process (PID=3215) to work on /opt/airflow/dags/diabetes_ml_pipeline.py
[2026-01-05T21:02:01.923+0000] {processor.py:830} INFO - Processing file /opt/airflow/dags/diabetes_ml_pipeline.py for tasks to queue
[2026-01-05T21:02:01.927+0000] {logging_mixin.py:188} INFO - [2026-01-05T21:02:01.925+0000] {dagbag.py:538} INFO - Filling up the DagBag from /opt/airflow/dags/diabetes_ml_pipeline.py
[2026-01-05T21:02:02.399+0000] {logging_mixin.py:188} WARNING - /home/airflow/.local/lib/python3.11/site-packages/airflow/models/baseoperator.py:437 RemovedInAirflow3Warning: provide_context is deprecated as of 2.0 and is no longer required
[2026-01-05T21:02:02.404+0000] {processor.py:840} INFO - DAG(s) 'diabetes_ml_pipeline' retrieved from /opt/airflow/dags/diabetes_ml_pipeline.py
[2026-01-05T21:02:02.436+0000] {logging_mixin.py:188} INFO - [2026-01-05T21:02:02.436+0000] {dag.py:3036} INFO - Sync 1 DAGs
[2026-01-05T21:02:02.459+0000] {logging_mixin.py:188} INFO - [2026-01-05T21:02:02.459+0000] {dag.py:3823} INFO - Setting next_dagrun for diabetes_ml_pipeline to 2026-01-05 02:00:00+00:00, run_after=2026-01-06 02:00:00+00:00
[2026-01-05T21:02:02.485+0000] {processor.py:183} INFO - Processing /opt/airflow/dags/diabetes_ml_pipeline.py took 0.587 seconds
[2026-01-05T21:02:32.642+0000] {processor.py:161} INFO - Started process (PID=3243) to work on /opt/airflow/dags/diabetes_ml_pipeline.py
[2026-01-05T21:02:32.647+0000] {processor.py:830} INFO - Processing file /opt/airflow/dags/diabetes_ml_pipeline.py for tasks to queue
[2026-01-05T21:02:32.653+0000] {logging_mixin.py:188} INFO - [2026-01-05T21:02:32.652+0000] {dagbag.py:538} INFO - Filling up the DagBag from /opt/airflow/dags/diabetes_ml_pipeline.py
[2026-01-05T21:02:33.117+0000] {logging_mixin.py:188} WARNING - /home/airflow/.local/lib/python3.11/site-packages/airflow/models/baseoperator.py:437 RemovedInAirflow3Warning: provide_context is deprecated as of 2.0 and is no longer required
[2026-01-05T21:02:33.125+0000] {processor.py:840} INFO - DAG(s) 'diabetes_ml_pipeline' retrieved from /opt/airflow/dags/diabetes_ml_pipeline.py
[2026-01-05T21:02:33.164+0000] {logging_mixin.py:188} INFO - [2026-01-05T21:02:33.163+0000] {dag.py:3036} INFO - Sync 1 DAGs
[2026-01-05T21:02:33.193+0000] {logging_mixin.py:188} INFO - [2026-01-05T21:02:33.193+0000] {dag.py:3823} INFO - Setting next_dagrun for diabetes_ml_pipeline to 2026-01-05 02:00:00+00:00, run_after=2026-01-06 02:00:00+00:00
[2026-01-05T21:02:33.220+0000] {processor.py:183} INFO - Processing /opt/airflow/dags/diabetes_ml_pipeline.py took 0.584 seconds
[2026-01-05T21:03:03.591+0000] {processor.py:161} INFO - Started process (PID=3270) to work on /opt/airflow/dags/diabetes_ml_pipeline.py
[2026-01-05T21:03:03.593+0000] {processor.py:830} INFO - Processing file /opt/airflow/dags/diabetes_ml_pipeline.py for tasks to queue
[2026-01-05T21:03:03.594+0000] {logging_mixin.py:188} INFO - [2026-01-05T21:03:03.594+0000] {dagbag.py:538} INFO - Filling up the DagBag from /opt/airflow/dags/diabetes_ml_pipeline.py
[2026-01-05T21:03:04.072+0000] {logging_mixin.py:188} WARNING - /home/airflow/.local/lib/python3.11/site-packages/airflow/models/baseoperator.py:437 RemovedInAirflow3Warning: provide_context is deprecated as of 2.0 and is no longer required
[2026-01-05T21:03:04.079+0000] {processor.py:840} INFO - DAG(s) 'diabetes_ml_pipeline' retrieved from /opt/airflow/dags/diabetes_ml_pipeline.py
[2026-01-05T21:03:04.120+0000] {logging_mixin.py:188} INFO - [2026-01-05T21:03:04.120+0000] {dag.py:3036} INFO - Sync 1 DAGs
[2026-01-05T21:03:04.149+0000] {logging_mixin.py:188} INFO - [2026-01-05T21:03:04.149+0000] {dag.py:3823} INFO - Setting next_dagrun for diabetes_ml_pipeline to 2026-01-05 02:00:00+00:00, run_after=2026-01-06 02:00:00+00:00
[2026-01-05T21:03:04.182+0000] {processor.py:183} INFO - Processing /opt/airflow/dags/diabetes_ml_pipeline.py took 0.597 seconds
[2026-01-05T21:03:34.794+0000] {processor.py:161} INFO - Started process (PID=3298) to work on /opt/airflow/dags/diabetes_ml_pipeline.py
[2026-01-05T21:03:34.796+0000] {processor.py:830} INFO - Processing file /opt/airflow/dags/diabetes_ml_pipeline.py for tasks to queue
[2026-01-05T21:03:34.799+0000] {logging_mixin.py:188} INFO - [2026-01-05T21:03:34.798+0000] {dagbag.py:538} INFO - Filling up the DagBag from /opt/airflow/dags/diabetes_ml_pipeline.py
[2026-01-05T21:03:35.256+0000] {logging_mixin.py:188} WARNING - /home/airflow/.local/lib/python3.11/site-packages/airflow/models/baseoperator.py:437 RemovedInAirflow3Warning: provide_context is deprecated as of 2.0 and is no longer required
[2026-01-05T21:03:35.262+0000] {processor.py:840} INFO - DAG(s) 'diabetes_ml_pipeline' retrieved from /opt/airflow/dags/diabetes_ml_pipeline.py
[2026-01-05T21:03:35.295+0000] {logging_mixin.py:188} INFO - [2026-01-05T21:03:35.295+0000] {dag.py:3036} INFO - Sync 1 DAGs
[2026-01-05T21:03:35.331+0000] {logging_mixin.py:188} INFO - [2026-01-05T21:03:35.330+0000] {dag.py:3823} INFO - Setting next_dagrun for diabetes_ml_pipeline to 2026-01-05 02:00:00+00:00, run_after=2026-01-06 02:00:00+00:00
[2026-01-05T21:03:35.372+0000] {processor.py:183} INFO - Processing /opt/airflow/dags/diabetes_ml_pipeline.py took 0.585 seconds
[2026-01-05T21:04:05.491+0000] {processor.py:161} INFO - Started process (PID=3325) to work on /opt/airflow/dags/diabetes_ml_pipeline.py
[2026-01-05T21:04:05.493+0000] {processor.py:830} INFO - Processing file /opt/airflow/dags/diabetes_ml_pipeline.py for tasks to queue
[2026-01-05T21:04:05.494+0000] {logging_mixin.py:188} INFO - [2026-01-05T21:04:05.494+0000] {dagbag.py:538} INFO - Filling up the DagBag from /opt/airflow/dags/diabetes_ml_pipeline.py
[2026-01-05T21:04:05.941+0000] {logging_mixin.py:188} WARNING - /home/airflow/.local/lib/python3.11/site-packages/airflow/models/baseoperator.py:437 RemovedInAirflow3Warning: provide_context is deprecated as of 2.0 and is no longer required
[2026-01-05T21:04:05.946+0000] {processor.py:840} INFO - DAG(s) 'diabetes_ml_pipeline' retrieved from /opt/airflow/dags/diabetes_ml_pipeline.py
[2026-01-05T21:04:05.994+0000] {logging_mixin.py:188} INFO - [2026-01-05T21:04:05.990+0000] {dag.py:3036} INFO - Sync 1 DAGs
[2026-01-05T21:04:06.021+0000] {logging_mixin.py:188} INFO - [2026-01-05T21:04:06.021+0000] {dag.py:3823} INFO - Setting next_dagrun for diabetes_ml_pipeline to 2026-01-05 02:00:00+00:00, run_after=2026-01-06 02:00:00+00:00
[2026-01-05T21:04:06.065+0000] {processor.py:183} INFO - Processing /opt/airflow/dags/diabetes_ml_pipeline.py took 0.577 seconds
[2026-01-05T21:04:36.505+0000] {processor.py:161} INFO - Started process (PID=3352) to work on /opt/airflow/dags/diabetes_ml_pipeline.py
[2026-01-05T21:04:36.509+0000] {processor.py:830} INFO - Processing file /opt/airflow/dags/diabetes_ml_pipeline.py for tasks to queue
[2026-01-05T21:04:36.516+0000] {logging_mixin.py:188} INFO - [2026-01-05T21:04:36.513+0000] {dagbag.py:538} INFO - Filling up the DagBag from /opt/airflow/dags/diabetes_ml_pipeline.py
[2026-01-05T21:04:36.974+0000] {logging_mixin.py:188} WARNING - /home/airflow/.local/lib/python3.11/site-packages/airflow/models/baseoperator.py:437 RemovedInAirflow3Warning: provide_context is deprecated as of 2.0 and is no longer required
[2026-01-05T21:04:36.984+0000] {processor.py:840} INFO - DAG(s) 'diabetes_ml_pipeline' retrieved from /opt/airflow/dags/diabetes_ml_pipeline.py
[2026-01-05T21:04:37.052+0000] {logging_mixin.py:188} INFO - [2026-01-05T21:04:37.052+0000] {dag.py:3036} INFO - Sync 1 DAGs
[2026-01-05T21:04:37.099+0000] {logging_mixin.py:188} INFO - [2026-01-05T21:04:37.099+0000] {dag.py:3823} INFO - Setting next_dagrun for diabetes_ml_pipeline to 2026-01-05 02:00:00+00:00, run_after=2026-01-06 02:00:00+00:00
[2026-01-05T21:04:37.132+0000] {processor.py:183} INFO - Processing /opt/airflow/dags/diabetes_ml_pipeline.py took 0.643 seconds
[2026-01-05T21:05:07.818+0000] {processor.py:161} INFO - Started process (PID=3379) to work on /opt/airflow/dags/diabetes_ml_pipeline.py
[2026-01-05T21:05:07.820+0000] {processor.py:830} INFO - Processing file /opt/airflow/dags/diabetes_ml_pipeline.py for tasks to queue
[2026-01-05T21:05:07.822+0000] {logging_mixin.py:188} INFO - [2026-01-05T21:05:07.821+0000] {dagbag.py:538} INFO - Filling up the DagBag from /opt/airflow/dags/diabetes_ml_pipeline.py
[2026-01-05T21:05:08.350+0000] {logging_mixin.py:188} WARNING - /home/airflow/.local/lib/python3.11/site-packages/airflow/models/baseoperator.py:437 RemovedInAirflow3Warning: provide_context is deprecated as of 2.0 and is no longer required
[2026-01-05T21:05:08.359+0000] {processor.py:840} INFO - DAG(s) 'diabetes_ml_pipeline' retrieved from /opt/airflow/dags/diabetes_ml_pipeline.py
[2026-01-05T21:05:08.401+0000] {logging_mixin.py:188} INFO - [2026-01-05T21:05:08.400+0000] {dag.py:3036} INFO - Sync 1 DAGs
[2026-01-05T21:05:08.431+0000] {logging_mixin.py:188} INFO - [2026-01-05T21:05:08.430+0000] {dag.py:3823} INFO - Setting next_dagrun for diabetes_ml_pipeline to 2026-01-05 02:00:00+00:00, run_after=2026-01-06 02:00:00+00:00
[2026-01-05T21:05:08.455+0000] {processor.py:183} INFO - Processing /opt/airflow/dags/diabetes_ml_pipeline.py took 0.642 seconds
[2026-01-05T21:05:39.057+0000] {processor.py:161} INFO - Started process (PID=3406) to work on /opt/airflow/dags/diabetes_ml_pipeline.py
[2026-01-05T21:05:39.058+0000] {processor.py:830} INFO - Processing file /opt/airflow/dags/diabetes_ml_pipeline.py for tasks to queue
[2026-01-05T21:05:39.060+0000] {logging_mixin.py:188} INFO - [2026-01-05T21:05:39.059+0000] {dagbag.py:538} INFO - Filling up the DagBag from /opt/airflow/dags/diabetes_ml_pipeline.py
[2026-01-05T21:05:39.441+0000] {logging_mixin.py:188} WARNING - /home/airflow/.local/lib/python3.11/site-packages/airflow/models/baseoperator.py:437 RemovedInAirflow3Warning: provide_context is deprecated as of 2.0 and is no longer required
[2026-01-05T21:05:39.446+0000] {processor.py:840} INFO - DAG(s) 'diabetes_ml_pipeline' retrieved from /opt/airflow/dags/diabetes_ml_pipeline.py
[2026-01-05T21:05:39.474+0000] {logging_mixin.py:188} INFO - [2026-01-05T21:05:39.474+0000] {dag.py:3036} INFO - Sync 1 DAGs
[2026-01-05T21:05:39.498+0000] {logging_mixin.py:188} INFO - [2026-01-05T21:05:39.497+0000] {dag.py:3823} INFO - Setting next_dagrun for diabetes_ml_pipeline to 2026-01-05 02:00:00+00:00, run_after=2026-01-06 02:00:00+00:00
[2026-01-05T21:05:39.523+0000] {processor.py:183} INFO - Processing /opt/airflow/dags/diabetes_ml_pipeline.py took 0.471 seconds
[2026-01-05T21:06:09.712+0000] {processor.py:161} INFO - Started process (PID=3433) to work on /opt/airflow/dags/diabetes_ml_pipeline.py
[2026-01-05T21:06:09.714+0000] {processor.py:830} INFO - Processing file /opt/airflow/dags/diabetes_ml_pipeline.py for tasks to queue
[2026-01-05T21:06:09.715+0000] {logging_mixin.py:188} INFO - [2026-01-05T21:06:09.715+0000] {dagbag.py:538} INFO - Filling up the DagBag from /opt/airflow/dags/diabetes_ml_pipeline.py
[2026-01-05T21:06:10.136+0000] {logging_mixin.py:188} WARNING - /home/airflow/.local/lib/python3.11/site-packages/airflow/models/baseoperator.py:437 RemovedInAirflow3Warning: provide_context is deprecated as of 2.0 and is no longer required
[2026-01-05T21:06:10.142+0000] {processor.py:840} INFO - DAG(s) 'diabetes_ml_pipeline' retrieved from /opt/airflow/dags/diabetes_ml_pipeline.py
[2026-01-05T21:06:10.175+0000] {logging_mixin.py:188} INFO - [2026-01-05T21:06:10.175+0000] {dag.py:3036} INFO - Sync 1 DAGs
[2026-01-05T21:06:10.200+0000] {logging_mixin.py:188} INFO - [2026-01-05T21:06:10.200+0000] {dag.py:3823} INFO - Setting next_dagrun for diabetes_ml_pipeline to 2026-01-05 02:00:00+00:00, run_after=2026-01-06 02:00:00+00:00
[2026-01-05T21:06:10.225+0000] {processor.py:183} INFO - Processing /opt/airflow/dags/diabetes_ml_pipeline.py took 0.516 seconds
[2026-01-05T21:06:40.768+0000] {processor.py:161} INFO - Started process (PID=3460) to work on /opt/airflow/dags/diabetes_ml_pipeline.py
[2026-01-05T21:06:40.770+0000] {processor.py:830} INFO - Processing file /opt/airflow/dags/diabetes_ml_pipeline.py for tasks to queue
[2026-01-05T21:06:40.771+0000] {logging_mixin.py:188} INFO - [2026-01-05T21:06:40.771+0000] {dagbag.py:538} INFO - Filling up the DagBag from /opt/airflow/dags/diabetes_ml_pipeline.py
[2026-01-05T21:06:41.189+0000] {logging_mixin.py:188} WARNING - /home/airflow/.local/lib/python3.11/site-packages/airflow/models/baseoperator.py:437 RemovedInAirflow3Warning: provide_context is deprecated as of 2.0 and is no longer required
[2026-01-05T21:06:41.198+0000] {processor.py:840} INFO - DAG(s) 'diabetes_ml_pipeline' retrieved from /opt/airflow/dags/diabetes_ml_pipeline.py
[2026-01-05T21:06:41.241+0000] {logging_mixin.py:188} INFO - [2026-01-05T21:06:41.240+0000] {dag.py:3036} INFO - Sync 1 DAGs
[2026-01-05T21:06:41.272+0000] {logging_mixin.py:188} INFO - [2026-01-05T21:06:41.272+0000] {dag.py:3823} INFO - Setting next_dagrun for diabetes_ml_pipeline to 2026-01-05 02:00:00+00:00, run_after=2026-01-06 02:00:00+00:00
[2026-01-05T21:06:41.295+0000] {processor.py:183} INFO - Processing /opt/airflow/dags/diabetes_ml_pipeline.py took 0.532 seconds
[2026-01-05T21:07:11.687+0000] {processor.py:161} INFO - Started process (PID=3487) to work on /opt/airflow/dags/diabetes_ml_pipeline.py
[2026-01-05T21:07:11.690+0000] {processor.py:830} INFO - Processing file /opt/airflow/dags/diabetes_ml_pipeline.py for tasks to queue
[2026-01-05T21:07:11.692+0000] {logging_mixin.py:188} INFO - [2026-01-05T21:07:11.691+0000] {dagbag.py:538} INFO - Filling up the DagBag from /opt/airflow/dags/diabetes_ml_pipeline.py
[2026-01-05T21:07:12.096+0000] {logging_mixin.py:188} WARNING - /home/airflow/.local/lib/python3.11/site-packages/airflow/models/baseoperator.py:437 RemovedInAirflow3Warning: provide_context is deprecated as of 2.0 and is no longer required
[2026-01-05T21:07:12.102+0000] {processor.py:840} INFO - DAG(s) 'diabetes_ml_pipeline' retrieved from /opt/airflow/dags/diabetes_ml_pipeline.py
[2026-01-05T21:07:12.134+0000] {logging_mixin.py:188} INFO - [2026-01-05T21:07:12.134+0000] {dag.py:3036} INFO - Sync 1 DAGs
[2026-01-05T21:07:12.158+0000] {logging_mixin.py:188} INFO - [2026-01-05T21:07:12.158+0000] {dag.py:3823} INFO - Setting next_dagrun for diabetes_ml_pipeline to 2026-01-05 02:00:00+00:00, run_after=2026-01-06 02:00:00+00:00
[2026-01-05T21:07:12.179+0000] {processor.py:183} INFO - Processing /opt/airflow/dags/diabetes_ml_pipeline.py took 0.498 seconds
[2026-01-05T21:07:42.417+0000] {processor.py:161} INFO - Started process (PID=3514) to work on /opt/airflow/dags/diabetes_ml_pipeline.py
[2026-01-05T21:07:42.418+0000] {processor.py:830} INFO - Processing file /opt/airflow/dags/diabetes_ml_pipeline.py for tasks to queue
[2026-01-05T21:07:42.420+0000] {logging_mixin.py:188} INFO - [2026-01-05T21:07:42.420+0000] {dagbag.py:538} INFO - Filling up the DagBag from /opt/airflow/dags/diabetes_ml_pipeline.py
[2026-01-05T21:07:42.872+0000] {logging_mixin.py:188} WARNING - /home/airflow/.local/lib/python3.11/site-packages/airflow/models/baseoperator.py:437 RemovedInAirflow3Warning: provide_context is deprecated as of 2.0 and is no longer required
[2026-01-05T21:07:42.878+0000] {processor.py:840} INFO - DAG(s) 'diabetes_ml_pipeline' retrieved from /opt/airflow/dags/diabetes_ml_pipeline.py
[2026-01-05T21:07:42.913+0000] {logging_mixin.py:188} INFO - [2026-01-05T21:07:42.912+0000] {dag.py:3036} INFO - Sync 1 DAGs
[2026-01-05T21:07:42.936+0000] {logging_mixin.py:188} INFO - [2026-01-05T21:07:42.936+0000] {dag.py:3823} INFO - Setting next_dagrun for diabetes_ml_pipeline to 2026-01-05 02:00:00+00:00, run_after=2026-01-06 02:00:00+00:00
[2026-01-05T21:07:42.957+0000] {processor.py:183} INFO - Processing /opt/airflow/dags/diabetes_ml_pipeline.py took 0.544 seconds
[2026-01-05T21:08:13.040+0000] {processor.py:161} INFO - Started process (PID=3541) to work on /opt/airflow/dags/diabetes_ml_pipeline.py
[2026-01-05T21:08:13.041+0000] {processor.py:830} INFO - Processing file /opt/airflow/dags/diabetes_ml_pipeline.py for tasks to queue
[2026-01-05T21:08:13.043+0000] {logging_mixin.py:188} INFO - [2026-01-05T21:08:13.042+0000] {dagbag.py:538} INFO - Filling up the DagBag from /opt/airflow/dags/diabetes_ml_pipeline.py
[2026-01-05T21:08:13.415+0000] {logging_mixin.py:188} WARNING - /home/airflow/.local/lib/python3.11/site-packages/airflow/models/baseoperator.py:437 RemovedInAirflow3Warning: provide_context is deprecated as of 2.0 and is no longer required
[2026-01-05T21:08:13.421+0000] {processor.py:840} INFO - DAG(s) 'diabetes_ml_pipeline' retrieved from /opt/airflow/dags/diabetes_ml_pipeline.py
[2026-01-05T21:08:13.461+0000] {logging_mixin.py:188} INFO - [2026-01-05T21:08:13.460+0000] {dag.py:3036} INFO - Sync 1 DAGs
[2026-01-05T21:08:13.489+0000] {logging_mixin.py:188} INFO - [2026-01-05T21:08:13.489+0000] {dag.py:3823} INFO - Setting next_dagrun for diabetes_ml_pipeline to 2026-01-05 02:00:00+00:00, run_after=2026-01-06 02:00:00+00:00
[2026-01-05T21:08:13.511+0000] {processor.py:183} INFO - Processing /opt/airflow/dags/diabetes_ml_pipeline.py took 0.475 seconds
[2026-01-05T21:08:44.044+0000] {processor.py:161} INFO - Started process (PID=3568) to work on /opt/airflow/dags/diabetes_ml_pipeline.py
[2026-01-05T21:08:44.046+0000] {processor.py:830} INFO - Processing file /opt/airflow/dags/diabetes_ml_pipeline.py for tasks to queue
[2026-01-05T21:08:44.047+0000] {logging_mixin.py:188} INFO - [2026-01-05T21:08:44.047+0000] {dagbag.py:538} INFO - Filling up the DagBag from /opt/airflow/dags/diabetes_ml_pipeline.py
[2026-01-05T21:08:44.488+0000] {logging_mixin.py:188} WARNING - /home/airflow/.local/lib/python3.11/site-packages/airflow/models/baseoperator.py:437 RemovedInAirflow3Warning: provide_context is deprecated as of 2.0 and is no longer required
[2026-01-05T21:08:44.496+0000] {processor.py:840} INFO - DAG(s) 'diabetes_ml_pipeline' retrieved from /opt/airflow/dags/diabetes_ml_pipeline.py
[2026-01-05T21:08:44.551+0000] {logging_mixin.py:188} INFO - [2026-01-05T21:08:44.551+0000] {dag.py:3036} INFO - Sync 1 DAGs
[2026-01-05T21:08:44.576+0000] {logging_mixin.py:188} INFO - [2026-01-05T21:08:44.576+0000] {dag.py:3823} INFO - Setting next_dagrun for diabetes_ml_pipeline to 2026-01-05 02:00:00+00:00, run_after=2026-01-06 02:00:00+00:00
[2026-01-05T21:08:44.597+0000] {processor.py:183} INFO - Processing /opt/airflow/dags/diabetes_ml_pipeline.py took 0.558 seconds
[2026-01-05T21:09:14.790+0000] {processor.py:161} INFO - Started process (PID=3595) to work on /opt/airflow/dags/diabetes_ml_pipeline.py
[2026-01-05T21:09:14.791+0000] {processor.py:830} INFO - Processing file /opt/airflow/dags/diabetes_ml_pipeline.py for tasks to queue
[2026-01-05T21:09:14.792+0000] {logging_mixin.py:188} INFO - [2026-01-05T21:09:14.791+0000] {dagbag.py:538} INFO - Filling up the DagBag from /opt/airflow/dags/diabetes_ml_pipeline.py
[2026-01-05T21:09:15.155+0000] {logging_mixin.py:188} WARNING - /home/airflow/.local/lib/python3.11/site-packages/airflow/models/baseoperator.py:437 RemovedInAirflow3Warning: provide_context is deprecated as of 2.0 and is no longer required
[2026-01-05T21:09:15.160+0000] {processor.py:840} INFO - DAG(s) 'diabetes_ml_pipeline' retrieved from /opt/airflow/dags/diabetes_ml_pipeline.py
[2026-01-05T21:09:15.189+0000] {logging_mixin.py:188} INFO - [2026-01-05T21:09:15.188+0000] {dag.py:3036} INFO - Sync 1 DAGs
[2026-01-05T21:09:15.209+0000] {logging_mixin.py:188} INFO - [2026-01-05T21:09:15.208+0000] {dag.py:3823} INFO - Setting next_dagrun for diabetes_ml_pipeline to 2026-01-05 02:00:00+00:00, run_after=2026-01-06 02:00:00+00:00
[2026-01-05T21:09:15.228+0000] {processor.py:183} INFO - Processing /opt/airflow/dags/diabetes_ml_pipeline.py took 0.441 seconds
[2026-01-05T21:09:45.552+0000] {processor.py:161} INFO - Started process (PID=3622) to work on /opt/airflow/dags/diabetes_ml_pipeline.py
[2026-01-05T21:09:45.554+0000] {processor.py:830} INFO - Processing file /opt/airflow/dags/diabetes_ml_pipeline.py for tasks to queue
[2026-01-05T21:09:45.556+0000] {logging_mixin.py:188} INFO - [2026-01-05T21:09:45.555+0000] {dagbag.py:538} INFO - Filling up the DagBag from /opt/airflow/dags/diabetes_ml_pipeline.py
[2026-01-05T21:09:46.012+0000] {logging_mixin.py:188} WARNING - /home/airflow/.local/lib/python3.11/site-packages/airflow/models/baseoperator.py:437 RemovedInAirflow3Warning: provide_context is deprecated as of 2.0 and is no longer required
[2026-01-05T21:09:46.020+0000] {processor.py:840} INFO - DAG(s) 'diabetes_ml_pipeline' retrieved from /opt/airflow/dags/diabetes_ml_pipeline.py
[2026-01-05T21:09:46.054+0000] {logging_mixin.py:188} INFO - [2026-01-05T21:09:46.053+0000] {dag.py:3036} INFO - Sync 1 DAGs
[2026-01-05T21:09:46.080+0000] {logging_mixin.py:188} INFO - [2026-01-05T21:09:46.080+0000] {dag.py:3823} INFO - Setting next_dagrun for diabetes_ml_pipeline to 2026-01-05 02:00:00+00:00, run_after=2026-01-06 02:00:00+00:00
[2026-01-05T21:09:46.482+0000] {processor.py:183} INFO - Processing /opt/airflow/dags/diabetes_ml_pipeline.py took 0.934 seconds
[2026-01-05T21:10:16.930+0000] {processor.py:161} INFO - Started process (PID=3649) to work on /opt/airflow/dags/diabetes_ml_pipeline.py
[2026-01-05T21:10:16.931+0000] {processor.py:830} INFO - Processing file /opt/airflow/dags/diabetes_ml_pipeline.py for tasks to queue
[2026-01-05T21:10:16.933+0000] {logging_mixin.py:188} INFO - [2026-01-05T21:10:16.932+0000] {dagbag.py:538} INFO - Filling up the DagBag from /opt/airflow/dags/diabetes_ml_pipeline.py
[2026-01-05T21:10:17.343+0000] {logging_mixin.py:188} WARNING - /home/airflow/.local/lib/python3.11/site-packages/airflow/models/baseoperator.py:437 RemovedInAirflow3Warning: provide_context is deprecated as of 2.0 and is no longer required
[2026-01-05T21:10:17.349+0000] {processor.py:840} INFO - DAG(s) 'diabetes_ml_pipeline' retrieved from /opt/airflow/dags/diabetes_ml_pipeline.py
[2026-01-05T21:10:17.376+0000] {logging_mixin.py:188} INFO - [2026-01-05T21:10:17.375+0000] {dag.py:3036} INFO - Sync 1 DAGs
[2026-01-05T21:10:17.396+0000] {logging_mixin.py:188} INFO - [2026-01-05T21:10:17.395+0000] {dag.py:3823} INFO - Setting next_dagrun for diabetes_ml_pipeline to 2026-01-05 02:00:00+00:00, run_after=2026-01-06 02:00:00+00:00
[2026-01-05T21:10:17.417+0000] {processor.py:183} INFO - Processing /opt/airflow/dags/diabetes_ml_pipeline.py took 0.492 seconds
[2026-01-05T21:10:47.489+0000] {processor.py:161} INFO - Started process (PID=3676) to work on /opt/airflow/dags/diabetes_ml_pipeline.py
[2026-01-05T21:10:47.491+0000] {processor.py:830} INFO - Processing file /opt/airflow/dags/diabetes_ml_pipeline.py for tasks to queue
[2026-01-05T21:10:47.491+0000] {logging_mixin.py:188} INFO - [2026-01-05T21:10:47.491+0000] {dagbag.py:538} INFO - Filling up the DagBag from /opt/airflow/dags/diabetes_ml_pipeline.py
[2026-01-05T21:10:47.883+0000] {logging_mixin.py:188} WARNING - /home/airflow/.local/lib/python3.11/site-packages/airflow/models/baseoperator.py:437 RemovedInAirflow3Warning: provide_context is deprecated as of 2.0 and is no longer required
[2026-01-05T21:10:47.888+0000] {processor.py:840} INFO - DAG(s) 'diabetes_ml_pipeline' retrieved from /opt/airflow/dags/diabetes_ml_pipeline.py
[2026-01-05T21:10:47.923+0000] {logging_mixin.py:188} INFO - [2026-01-05T21:10:47.922+0000] {dag.py:3036} INFO - Sync 1 DAGs
[2026-01-05T21:10:47.947+0000] {logging_mixin.py:188} INFO - [2026-01-05T21:10:47.947+0000] {dag.py:3823} INFO - Setting next_dagrun for diabetes_ml_pipeline to 2026-01-05 02:00:00+00:00, run_after=2026-01-06 02:00:00+00:00
[2026-01-05T21:10:48.147+0000] {processor.py:183} INFO - Processing /opt/airflow/dags/diabetes_ml_pipeline.py took 0.661 seconds
[2026-01-05T21:11:18.869+0000] {processor.py:161} INFO - Started process (PID=3697) to work on /opt/airflow/dags/diabetes_ml_pipeline.py
[2026-01-05T21:11:18.871+0000] {processor.py:830} INFO - Processing file /opt/airflow/dags/diabetes_ml_pipeline.py for tasks to queue
[2026-01-05T21:11:18.875+0000] {logging_mixin.py:188} INFO - [2026-01-05T21:11:18.874+0000] {dagbag.py:538} INFO - Filling up the DagBag from /opt/airflow/dags/diabetes_ml_pipeline.py
[2026-01-05T21:11:19.372+0000] {logging_mixin.py:188} WARNING - /home/airflow/.local/lib/python3.11/site-packages/airflow/models/baseoperator.py:437 RemovedInAirflow3Warning: provide_context is deprecated as of 2.0 and is no longer required
[2026-01-05T21:11:19.379+0000] {processor.py:840} INFO - DAG(s) 'diabetes_ml_pipeline' retrieved from /opt/airflow/dags/diabetes_ml_pipeline.py
[2026-01-05T21:11:19.417+0000] {logging_mixin.py:188} INFO - [2026-01-05T21:11:19.416+0000] {dag.py:3036} INFO - Sync 1 DAGs
[2026-01-05T21:11:19.443+0000] {logging_mixin.py:188} INFO - [2026-01-05T21:11:19.443+0000] {dag.py:3823} INFO - Setting next_dagrun for diabetes_ml_pipeline to 2026-01-05 02:00:00+00:00, run_after=2026-01-06 02:00:00+00:00
[2026-01-05T21:11:19.469+0000] {processor.py:183} INFO - Processing /opt/airflow/dags/diabetes_ml_pipeline.py took 0.605 seconds
[2026-01-05T21:11:49.755+0000] {processor.py:161} INFO - Started process (PID=3751) to work on /opt/airflow/dags/diabetes_ml_pipeline.py
[2026-01-05T21:11:49.757+0000] {processor.py:830} INFO - Processing file /opt/airflow/dags/diabetes_ml_pipeline.py for tasks to queue
[2026-01-05T21:11:49.759+0000] {logging_mixin.py:188} INFO - [2026-01-05T21:11:49.758+0000] {dagbag.py:538} INFO - Filling up the DagBag from /opt/airflow/dags/diabetes_ml_pipeline.py
[2026-01-05T21:11:50.276+0000] {logging_mixin.py:188} WARNING - /home/airflow/.local/lib/python3.11/site-packages/airflow/models/baseoperator.py:437 RemovedInAirflow3Warning: provide_context is deprecated as of 2.0 and is no longer required
[2026-01-05T21:11:50.287+0000] {processor.py:840} INFO - DAG(s) 'diabetes_ml_pipeline' retrieved from /opt/airflow/dags/diabetes_ml_pipeline.py
[2026-01-05T21:11:50.359+0000] {logging_mixin.py:188} INFO - [2026-01-05T21:11:50.359+0000] {dag.py:3036} INFO - Sync 1 DAGs
[2026-01-05T21:11:50.412+0000] {logging_mixin.py:188} INFO - [2026-01-05T21:11:50.412+0000] {dag.py:3823} INFO - Setting next_dagrun for diabetes_ml_pipeline to 2026-01-05 02:00:00+00:00, run_after=2026-01-06 02:00:00+00:00
[2026-01-05T21:11:50.924+0000] {processor.py:183} INFO - Processing /opt/airflow/dags/diabetes_ml_pipeline.py took 1.173 seconds
[2026-01-05T21:12:21.331+0000] {processor.py:161} INFO - Started process (PID=3763) to work on /opt/airflow/dags/diabetes_ml_pipeline.py
[2026-01-05T21:12:21.334+0000] {processor.py:830} INFO - Processing file /opt/airflow/dags/diabetes_ml_pipeline.py for tasks to queue
[2026-01-05T21:12:21.337+0000] {logging_mixin.py:188} INFO - [2026-01-05T21:12:21.336+0000] {dagbag.py:538} INFO - Filling up the DagBag from /opt/airflow/dags/diabetes_ml_pipeline.py
[2026-01-05T21:12:21.876+0000] {logging_mixin.py:188} WARNING - /home/airflow/.local/lib/python3.11/site-packages/airflow/models/baseoperator.py:437 RemovedInAirflow3Warning: provide_context is deprecated as of 2.0 and is no longer required
[2026-01-05T21:12:21.887+0000] {processor.py:840} INFO - DAG(s) 'diabetes_ml_pipeline' retrieved from /opt/airflow/dags/diabetes_ml_pipeline.py
[2026-01-05T21:12:21.956+0000] {logging_mixin.py:188} INFO - [2026-01-05T21:12:21.956+0000] {dag.py:3036} INFO - Sync 1 DAGs
[2026-01-05T21:12:21.990+0000] {logging_mixin.py:188} INFO - [2026-01-05T21:12:21.989+0000] {dag.py:3823} INFO - Setting next_dagrun for diabetes_ml_pipeline to 2026-01-05 02:00:00+00:00, run_after=2026-01-06 02:00:00+00:00
[2026-01-05T21:12:22.015+0000] {processor.py:183} INFO - Processing /opt/airflow/dags/diabetes_ml_pipeline.py took 0.698 seconds
[2026-01-05T21:12:52.695+0000] {processor.py:161} INFO - Started process (PID=3775) to work on /opt/airflow/dags/diabetes_ml_pipeline.py
[2026-01-05T21:12:52.697+0000] {processor.py:830} INFO - Processing file /opt/airflow/dags/diabetes_ml_pipeline.py for tasks to queue
[2026-01-05T21:12:52.699+0000] {logging_mixin.py:188} INFO - [2026-01-05T21:12:52.698+0000] {dagbag.py:538} INFO - Filling up the DagBag from /opt/airflow/dags/diabetes_ml_pipeline.py
[2026-01-05T21:12:53.066+0000] {logging_mixin.py:188} WARNING - /home/airflow/.local/lib/python3.11/site-packages/airflow/models/baseoperator.py:437 RemovedInAirflow3Warning: provide_context is deprecated as of 2.0 and is no longer required
[2026-01-05T21:12:53.074+0000] {processor.py:840} INFO - DAG(s) 'diabetes_ml_pipeline' retrieved from /opt/airflow/dags/diabetes_ml_pipeline.py
[2026-01-05T21:12:53.119+0000] {logging_mixin.py:188} INFO - [2026-01-05T21:12:53.118+0000] {dag.py:3036} INFO - Sync 1 DAGs
[2026-01-05T21:12:53.146+0000] {logging_mixin.py:188} INFO - [2026-01-05T21:12:53.145+0000] {dag.py:3823} INFO - Setting next_dagrun for diabetes_ml_pipeline to 2026-01-05 02:00:00+00:00, run_after=2026-01-06 02:00:00+00:00
[2026-01-05T21:12:53.342+0000] {processor.py:183} INFO - Processing /opt/airflow/dags/diabetes_ml_pipeline.py took 0.653 seconds
[2026-01-05T21:13:23.912+0000] {processor.py:161} INFO - Started process (PID=3787) to work on /opt/airflow/dags/diabetes_ml_pipeline.py
[2026-01-05T21:13:23.914+0000] {processor.py:830} INFO - Processing file /opt/airflow/dags/diabetes_ml_pipeline.py for tasks to queue
[2026-01-05T21:13:23.915+0000] {logging_mixin.py:188} INFO - [2026-01-05T21:13:23.915+0000] {dagbag.py:538} INFO - Filling up the DagBag from /opt/airflow/dags/diabetes_ml_pipeline.py
[2026-01-05T21:13:24.262+0000] {logging_mixin.py:188} WARNING - /home/airflow/.local/lib/python3.11/site-packages/airflow/models/baseoperator.py:437 RemovedInAirflow3Warning: provide_context is deprecated as of 2.0 and is no longer required
[2026-01-05T21:13:24.267+0000] {processor.py:840} INFO - DAG(s) 'diabetes_ml_pipeline' retrieved from /opt/airflow/dags/diabetes_ml_pipeline.py
[2026-01-05T21:13:24.489+0000] {logging_mixin.py:188} INFO - [2026-01-05T21:13:24.489+0000] {dag.py:3036} INFO - Sync 1 DAGs
[2026-01-05T21:13:24.511+0000] {logging_mixin.py:188} INFO - [2026-01-05T21:13:24.511+0000] {dag.py:3823} INFO - Setting next_dagrun for diabetes_ml_pipeline to 2026-01-05 02:00:00+00:00, run_after=2026-01-06 02:00:00+00:00
[2026-01-05T21:13:24.537+0000] {processor.py:183} INFO - Processing /opt/airflow/dags/diabetes_ml_pipeline.py took 0.629 seconds
[2026-01-05T21:13:54.814+0000] {processor.py:161} INFO - Started process (PID=3799) to work on /opt/airflow/dags/diabetes_ml_pipeline.py
[2026-01-05T21:13:54.815+0000] {processor.py:830} INFO - Processing file /opt/airflow/dags/diabetes_ml_pipeline.py for tasks to queue
[2026-01-05T21:13:54.816+0000] {logging_mixin.py:188} INFO - [2026-01-05T21:13:54.816+0000] {dagbag.py:538} INFO - Filling up the DagBag from /opt/airflow/dags/diabetes_ml_pipeline.py
[2026-01-05T21:13:55.258+0000] {logging_mixin.py:188} WARNING - /home/airflow/.local/lib/python3.11/site-packages/airflow/models/baseoperator.py:437 RemovedInAirflow3Warning: provide_context is deprecated as of 2.0 and is no longer required
[2026-01-05T21:13:55.264+0000] {processor.py:840} INFO - DAG(s) 'diabetes_ml_pipeline' retrieved from /opt/airflow/dags/diabetes_ml_pipeline.py
[2026-01-05T21:13:55.293+0000] {logging_mixin.py:188} INFO - [2026-01-05T21:13:55.293+0000] {dag.py:3036} INFO - Sync 1 DAGs
[2026-01-05T21:13:55.311+0000] {logging_mixin.py:188} INFO - [2026-01-05T21:13:55.311+0000] {dag.py:3823} INFO - Setting next_dagrun for diabetes_ml_pipeline to 2026-01-05 02:00:00+00:00, run_after=2026-01-06 02:00:00+00:00
[2026-01-05T21:13:55.336+0000] {processor.py:183} INFO - Processing /opt/airflow/dags/diabetes_ml_pipeline.py took 0.525 seconds
[2026-01-05T21:14:25.524+0000] {processor.py:161} INFO - Started process (PID=3811) to work on /opt/airflow/dags/diabetes_ml_pipeline.py
[2026-01-05T21:14:25.525+0000] {processor.py:830} INFO - Processing file /opt/airflow/dags/diabetes_ml_pipeline.py for tasks to queue
[2026-01-05T21:14:25.527+0000] {logging_mixin.py:188} INFO - [2026-01-05T21:14:25.526+0000] {dagbag.py:538} INFO - Filling up the DagBag from /opt/airflow/dags/diabetes_ml_pipeline.py
[2026-01-05T21:14:25.848+0000] {logging_mixin.py:188} WARNING - /home/airflow/.local/lib/python3.11/site-packages/airflow/models/baseoperator.py:437 RemovedInAirflow3Warning: provide_context is deprecated as of 2.0 and is no longer required
[2026-01-05T21:14:25.853+0000] {processor.py:840} INFO - DAG(s) 'diabetes_ml_pipeline' retrieved from /opt/airflow/dags/diabetes_ml_pipeline.py
[2026-01-05T21:14:26.026+0000] {logging_mixin.py:188} INFO - [2026-01-05T21:14:26.026+0000] {dag.py:3036} INFO - Sync 1 DAGs
[2026-01-05T21:14:26.045+0000] {logging_mixin.py:188} INFO - [2026-01-05T21:14:26.045+0000] {dag.py:3823} INFO - Setting next_dagrun for diabetes_ml_pipeline to 2026-01-05 02:00:00+00:00, run_after=2026-01-06 02:00:00+00:00
[2026-01-05T21:14:26.065+0000] {processor.py:183} INFO - Processing /opt/airflow/dags/diabetes_ml_pipeline.py took 0.545 seconds
[2026-01-05T21:18:08.223+0000] {processor.py:161} INFO - Started process (PID=3823) to work on /opt/airflow/dags/diabetes_ml_pipeline.py
[2026-01-05T21:18:08.225+0000] {processor.py:830} INFO - Processing file /opt/airflow/dags/diabetes_ml_pipeline.py for tasks to queue
[2026-01-05T21:18:08.227+0000] {logging_mixin.py:188} INFO - [2026-01-05T21:18:08.226+0000] {dagbag.py:538} INFO - Filling up the DagBag from /opt/airflow/dags/diabetes_ml_pipeline.py
[2026-01-05T21:18:08.785+0000] {logging_mixin.py:188} WARNING - /home/airflow/.local/lib/python3.11/site-packages/airflow/models/baseoperator.py:437 RemovedInAirflow3Warning: provide_context is deprecated as of 2.0 and is no longer required
[2026-01-05T21:18:08.792+0000] {processor.py:840} INFO - DAG(s) 'diabetes_ml_pipeline' retrieved from /opt/airflow/dags/diabetes_ml_pipeline.py
[2026-01-05T21:18:08.830+0000] {logging_mixin.py:188} INFO - [2026-01-05T21:18:08.830+0000] {dag.py:3036} INFO - Sync 1 DAGs
[2026-01-05T21:18:08.865+0000] {logging_mixin.py:188} INFO - [2026-01-05T21:18:08.864+0000] {dag.py:3823} INFO - Setting next_dagrun for diabetes_ml_pipeline to 2026-01-05 02:00:00+00:00, run_after=2026-01-06 02:00:00+00:00
[2026-01-05T21:18:08.889+0000] {processor.py:183} INFO - Processing /opt/airflow/dags/diabetes_ml_pipeline.py took 0.671 seconds
[2026-01-05T21:18:39.234+0000] {processor.py:161} INFO - Started process (PID=3855) to work on /opt/airflow/dags/diabetes_ml_pipeline.py
[2026-01-05T21:18:39.236+0000] {processor.py:830} INFO - Processing file /opt/airflow/dags/diabetes_ml_pipeline.py for tasks to queue
[2026-01-05T21:18:39.238+0000] {logging_mixin.py:188} INFO - [2026-01-05T21:18:39.237+0000] {dagbag.py:538} INFO - Filling up the DagBag from /opt/airflow/dags/diabetes_ml_pipeline.py
[2026-01-05T21:18:39.728+0000] {logging_mixin.py:188} WARNING - /home/airflow/.local/lib/python3.11/site-packages/airflow/models/baseoperator.py:437 RemovedInAirflow3Warning: provide_context is deprecated as of 2.0 and is no longer required
[2026-01-05T21:18:39.733+0000] {processor.py:840} INFO - DAG(s) 'diabetes_ml_pipeline' retrieved from /opt/airflow/dags/diabetes_ml_pipeline.py
[2026-01-05T21:18:39.782+0000] {logging_mixin.py:188} INFO - [2026-01-05T21:18:39.781+0000] {dag.py:3036} INFO - Sync 1 DAGs
[2026-01-05T21:18:39.833+0000] {logging_mixin.py:188} INFO - [2026-01-05T21:18:39.832+0000] {dag.py:3823} INFO - Setting next_dagrun for diabetes_ml_pipeline to 2026-01-05 02:00:00+00:00, run_after=2026-01-06 02:00:00+00:00
[2026-01-05T21:18:39.883+0000] {processor.py:183} INFO - Processing /opt/airflow/dags/diabetes_ml_pipeline.py took 0.654 seconds
[2026-01-05T21:19:10.449+0000] {processor.py:161} INFO - Started process (PID=3867) to work on /opt/airflow/dags/diabetes_ml_pipeline.py
[2026-01-05T21:19:10.450+0000] {processor.py:830} INFO - Processing file /opt/airflow/dags/diabetes_ml_pipeline.py for tasks to queue
[2026-01-05T21:19:10.452+0000] {logging_mixin.py:188} INFO - [2026-01-05T21:19:10.452+0000] {dagbag.py:538} INFO - Filling up the DagBag from /opt/airflow/dags/diabetes_ml_pipeline.py
[2026-01-05T21:19:10.958+0000] {logging_mixin.py:188} WARNING - /home/airflow/.local/lib/python3.11/site-packages/airflow/models/baseoperator.py:437 RemovedInAirflow3Warning: provide_context is deprecated as of 2.0 and is no longer required
[2026-01-05T21:19:10.965+0000] {processor.py:840} INFO - DAG(s) 'diabetes_ml_pipeline' retrieved from /opt/airflow/dags/diabetes_ml_pipeline.py
[2026-01-05T21:19:11.001+0000] {logging_mixin.py:188} INFO - [2026-01-05T21:19:11.001+0000] {dag.py:3036} INFO - Sync 1 DAGs
[2026-01-05T21:19:11.023+0000] {logging_mixin.py:188} INFO - [2026-01-05T21:19:11.023+0000] {dag.py:3823} INFO - Setting next_dagrun for diabetes_ml_pipeline to 2026-01-05 02:00:00+00:00, run_after=2026-01-06 02:00:00+00:00
[2026-01-05T21:19:11.049+0000] {processor.py:183} INFO - Processing /opt/airflow/dags/diabetes_ml_pipeline.py took 0.605 seconds
[2026-01-05T21:19:41.417+0000] {processor.py:161} INFO - Started process (PID=3879) to work on /opt/airflow/dags/diabetes_ml_pipeline.py
[2026-01-05T21:19:41.419+0000] {processor.py:830} INFO - Processing file /opt/airflow/dags/diabetes_ml_pipeline.py for tasks to queue
[2026-01-05T21:19:41.421+0000] {logging_mixin.py:188} INFO - [2026-01-05T21:19:41.421+0000] {dagbag.py:538} INFO - Filling up the DagBag from /opt/airflow/dags/diabetes_ml_pipeline.py
[2026-01-05T21:19:41.958+0000] {logging_mixin.py:188} WARNING - /home/airflow/.local/lib/python3.11/site-packages/airflow/models/baseoperator.py:437 RemovedInAirflow3Warning: provide_context is deprecated as of 2.0 and is no longer required
[2026-01-05T21:19:41.963+0000] {processor.py:840} INFO - DAG(s) 'diabetes_ml_pipeline' retrieved from /opt/airflow/dags/diabetes_ml_pipeline.py
[2026-01-05T21:19:42.003+0000] {logging_mixin.py:188} INFO - [2026-01-05T21:19:42.003+0000] {dag.py:3036} INFO - Sync 1 DAGs
[2026-01-05T21:19:42.023+0000] {logging_mixin.py:188} INFO - [2026-01-05T21:19:42.023+0000] {dag.py:3823} INFO - Setting next_dagrun for diabetes_ml_pipeline to 2026-01-05 02:00:00+00:00, run_after=2026-01-06 02:00:00+00:00
[2026-01-05T21:19:42.047+0000] {processor.py:183} INFO - Processing /opt/airflow/dags/diabetes_ml_pipeline.py took 0.637 seconds
[2026-01-05T21:20:12.730+0000] {processor.py:161} INFO - Started process (PID=3891) to work on /opt/airflow/dags/diabetes_ml_pipeline.py
[2026-01-05T21:20:12.738+0000] {processor.py:830} INFO - Processing file /opt/airflow/dags/diabetes_ml_pipeline.py for tasks to queue
[2026-01-05T21:20:12.746+0000] {logging_mixin.py:188} INFO - [2026-01-05T21:20:12.745+0000] {dagbag.py:538} INFO - Filling up the DagBag from /opt/airflow/dags/diabetes_ml_pipeline.py
[2026-01-05T21:20:13.218+0000] {logging_mixin.py:188} WARNING - /home/airflow/.local/lib/python3.11/site-packages/airflow/models/baseoperator.py:437 RemovedInAirflow3Warning: provide_context is deprecated as of 2.0 and is no longer required
[2026-01-05T21:20:13.223+0000] {processor.py:840} INFO - DAG(s) 'diabetes_ml_pipeline' retrieved from /opt/airflow/dags/diabetes_ml_pipeline.py
[2026-01-05T21:20:13.250+0000] {logging_mixin.py:188} INFO - [2026-01-05T21:20:13.249+0000] {dag.py:3036} INFO - Sync 1 DAGs
[2026-01-05T21:20:13.268+0000] {logging_mixin.py:188} INFO - [2026-01-05T21:20:13.268+0000] {dag.py:3823} INFO - Setting next_dagrun for diabetes_ml_pipeline to 2026-01-05 02:00:00+00:00, run_after=2026-01-06 02:00:00+00:00
[2026-01-05T21:20:13.290+0000] {processor.py:183} INFO - Processing /opt/airflow/dags/diabetes_ml_pipeline.py took 0.571 seconds
[2026-01-05T21:20:43.437+0000] {processor.py:161} INFO - Started process (PID=3903) to work on /opt/airflow/dags/diabetes_ml_pipeline.py
[2026-01-05T21:20:43.439+0000] {processor.py:830} INFO - Processing file /opt/airflow/dags/diabetes_ml_pipeline.py for tasks to queue
[2026-01-05T21:20:43.440+0000] {logging_mixin.py:188} INFO - [2026-01-05T21:20:43.440+0000] {dagbag.py:538} INFO - Filling up the DagBag from /opt/airflow/dags/diabetes_ml_pipeline.py
[2026-01-05T21:20:44.001+0000] {logging_mixin.py:188} WARNING - /home/airflow/.local/lib/python3.11/site-packages/airflow/models/baseoperator.py:437 RemovedInAirflow3Warning: provide_context is deprecated as of 2.0 and is no longer required
[2026-01-05T21:20:44.010+0000] {processor.py:840} INFO - DAG(s) 'diabetes_ml_pipeline' retrieved from /opt/airflow/dags/diabetes_ml_pipeline.py
[2026-01-05T21:20:44.053+0000] {logging_mixin.py:188} INFO - [2026-01-05T21:20:44.052+0000] {dag.py:3036} INFO - Sync 1 DAGs
[2026-01-05T21:20:44.072+0000] {logging_mixin.py:188} INFO - [2026-01-05T21:20:44.072+0000] {dag.py:3823} INFO - Setting next_dagrun for diabetes_ml_pipeline to 2026-01-05 02:00:00+00:00, run_after=2026-01-06 02:00:00+00:00
[2026-01-05T21:20:44.106+0000] {processor.py:183} INFO - Processing /opt/airflow/dags/diabetes_ml_pipeline.py took 0.675 seconds
[2026-01-05T21:21:14.454+0000] {processor.py:161} INFO - Started process (PID=3915) to work on /opt/airflow/dags/diabetes_ml_pipeline.py
[2026-01-05T21:21:14.458+0000] {processor.py:830} INFO - Processing file /opt/airflow/dags/diabetes_ml_pipeline.py for tasks to queue
[2026-01-05T21:21:14.463+0000] {logging_mixin.py:188} INFO - [2026-01-05T21:21:14.462+0000] {dagbag.py:538} INFO - Filling up the DagBag from /opt/airflow/dags/diabetes_ml_pipeline.py
[2026-01-05T21:21:15.020+0000] {logging_mixin.py:188} WARNING - /home/airflow/.local/lib/python3.11/site-packages/airflow/models/baseoperator.py:437 RemovedInAirflow3Warning: provide_context is deprecated as of 2.0 and is no longer required
[2026-01-05T21:21:15.025+0000] {processor.py:840} INFO - DAG(s) 'diabetes_ml_pipeline' retrieved from /opt/airflow/dags/diabetes_ml_pipeline.py
[2026-01-05T21:21:15.057+0000] {logging_mixin.py:188} INFO - [2026-01-05T21:21:15.057+0000] {dag.py:3036} INFO - Sync 1 DAGs
[2026-01-05T21:21:15.082+0000] {logging_mixin.py:188} INFO - [2026-01-05T21:21:15.081+0000] {dag.py:3823} INFO - Setting next_dagrun for diabetes_ml_pipeline to 2026-01-05 02:00:00+00:00, run_after=2026-01-06 02:00:00+00:00
[2026-01-05T21:21:15.103+0000] {processor.py:183} INFO - Processing /opt/airflow/dags/diabetes_ml_pipeline.py took 0.658 seconds
[2026-01-05T21:21:45.568+0000] {processor.py:161} INFO - Started process (PID=3928) to work on /opt/airflow/dags/diabetes_ml_pipeline.py
[2026-01-05T21:21:45.569+0000] {processor.py:830} INFO - Processing file /opt/airflow/dags/diabetes_ml_pipeline.py for tasks to queue
[2026-01-05T21:21:45.570+0000] {logging_mixin.py:188} INFO - [2026-01-05T21:21:45.569+0000] {dagbag.py:538} INFO - Filling up the DagBag from /opt/airflow/dags/diabetes_ml_pipeline.py
[2026-01-05T21:21:45.989+0000] {logging_mixin.py:188} WARNING - /home/airflow/.local/lib/python3.11/site-packages/airflow/models/baseoperator.py:437 RemovedInAirflow3Warning: provide_context is deprecated as of 2.0 and is no longer required
[2026-01-05T21:21:45.994+0000] {processor.py:840} INFO - DAG(s) 'diabetes_ml_pipeline' retrieved from /opt/airflow/dags/diabetes_ml_pipeline.py
[2026-01-05T21:21:46.024+0000] {logging_mixin.py:188} INFO - [2026-01-05T21:21:46.024+0000] {dag.py:3036} INFO - Sync 1 DAGs
[2026-01-05T21:21:46.045+0000] {logging_mixin.py:188} INFO - [2026-01-05T21:21:46.045+0000] {dag.py:3823} INFO - Setting next_dagrun for diabetes_ml_pipeline to 2026-01-05 02:00:00+00:00, run_after=2026-01-06 02:00:00+00:00
[2026-01-05T21:21:46.077+0000] {processor.py:183} INFO - Processing /opt/airflow/dags/diabetes_ml_pipeline.py took 0.512 seconds
[2026-01-05T21:22:16.407+0000] {processor.py:161} INFO - Started process (PID=3940) to work on /opt/airflow/dags/diabetes_ml_pipeline.py
[2026-01-05T21:22:16.409+0000] {processor.py:830} INFO - Processing file /opt/airflow/dags/diabetes_ml_pipeline.py for tasks to queue
[2026-01-05T21:22:16.411+0000] {logging_mixin.py:188} INFO - [2026-01-05T21:22:16.411+0000] {dagbag.py:538} INFO - Filling up the DagBag from /opt/airflow/dags/diabetes_ml_pipeline.py
[2026-01-05T21:22:16.859+0000] {logging_mixin.py:188} WARNING - /home/airflow/.local/lib/python3.11/site-packages/airflow/models/baseoperator.py:437 RemovedInAirflow3Warning: provide_context is deprecated as of 2.0 and is no longer required
[2026-01-05T21:22:16.864+0000] {processor.py:840} INFO - DAG(s) 'diabetes_ml_pipeline' retrieved from /opt/airflow/dags/diabetes_ml_pipeline.py
[2026-01-05T21:22:16.893+0000] {logging_mixin.py:188} INFO - [2026-01-05T21:22:16.892+0000] {dag.py:3036} INFO - Sync 1 DAGs
[2026-01-05T21:22:16.914+0000] {logging_mixin.py:188} INFO - [2026-01-05T21:22:16.913+0000] {dag.py:3823} INFO - Setting next_dagrun for diabetes_ml_pipeline to 2026-01-05 02:00:00+00:00, run_after=2026-01-06 02:00:00+00:00
[2026-01-05T21:22:16.937+0000] {processor.py:183} INFO - Processing /opt/airflow/dags/diabetes_ml_pipeline.py took 0.536 seconds
[2026-01-05T21:22:47.280+0000] {processor.py:161} INFO - Started process (PID=3952) to work on /opt/airflow/dags/diabetes_ml_pipeline.py
[2026-01-05T21:22:47.283+0000] {processor.py:830} INFO - Processing file /opt/airflow/dags/diabetes_ml_pipeline.py for tasks to queue
[2026-01-05T21:22:47.285+0000] {logging_mixin.py:188} INFO - [2026-01-05T21:22:47.285+0000] {dagbag.py:538} INFO - Filling up the DagBag from /opt/airflow/dags/diabetes_ml_pipeline.py
[2026-01-05T21:22:47.734+0000] {logging_mixin.py:188} WARNING - /home/airflow/.local/lib/python3.11/site-packages/airflow/models/baseoperator.py:437 RemovedInAirflow3Warning: provide_context is deprecated as of 2.0 and is no longer required
[2026-01-05T21:22:47.739+0000] {processor.py:840} INFO - DAG(s) 'diabetes_ml_pipeline' retrieved from /opt/airflow/dags/diabetes_ml_pipeline.py
[2026-01-05T21:22:47.800+0000] {logging_mixin.py:188} INFO - [2026-01-05T21:22:47.799+0000] {dag.py:3036} INFO - Sync 1 DAGs
[2026-01-05T21:22:47.834+0000] {logging_mixin.py:188} INFO - [2026-01-05T21:22:47.833+0000] {dag.py:3823} INFO - Setting next_dagrun for diabetes_ml_pipeline to 2026-01-05 02:00:00+00:00, run_after=2026-01-06 02:00:00+00:00
[2026-01-05T21:22:47.858+0000] {processor.py:183} INFO - Processing /opt/airflow/dags/diabetes_ml_pipeline.py took 0.581 seconds
[2026-01-05T21:23:18.175+0000] {processor.py:161} INFO - Started process (PID=3964) to work on /opt/airflow/dags/diabetes_ml_pipeline.py
[2026-01-05T21:23:18.177+0000] {processor.py:830} INFO - Processing file /opt/airflow/dags/diabetes_ml_pipeline.py for tasks to queue
[2026-01-05T21:23:18.179+0000] {logging_mixin.py:188} INFO - [2026-01-05T21:23:18.179+0000] {dagbag.py:538} INFO - Filling up the DagBag from /opt/airflow/dags/diabetes_ml_pipeline.py
[2026-01-05T21:23:18.799+0000] {logging_mixin.py:188} WARNING - /home/airflow/.local/lib/python3.11/site-packages/airflow/models/baseoperator.py:437 RemovedInAirflow3Warning: provide_context is deprecated as of 2.0 and is no longer required
[2026-01-05T21:23:18.805+0000] {processor.py:840} INFO - DAG(s) 'diabetes_ml_pipeline' retrieved from /opt/airflow/dags/diabetes_ml_pipeline.py
[2026-01-05T21:23:18.859+0000] {logging_mixin.py:188} INFO - [2026-01-05T21:23:18.857+0000] {dag.py:3036} INFO - Sync 1 DAGs
[2026-01-05T21:23:18.900+0000] {logging_mixin.py:188} INFO - [2026-01-05T21:23:18.900+0000] {dag.py:3823} INFO - Setting next_dagrun for diabetes_ml_pipeline to 2026-01-05 02:00:00+00:00, run_after=2026-01-06 02:00:00+00:00
[2026-01-05T21:23:18.926+0000] {processor.py:183} INFO - Processing /opt/airflow/dags/diabetes_ml_pipeline.py took 0.756 seconds
[2026-01-05T21:23:49.373+0000] {processor.py:161} INFO - Started process (PID=3994) to work on /opt/airflow/dags/diabetes_ml_pipeline.py
[2026-01-05T21:23:49.375+0000] {processor.py:830} INFO - Processing file /opt/airflow/dags/diabetes_ml_pipeline.py for tasks to queue
[2026-01-05T21:23:49.377+0000] {logging_mixin.py:188} INFO - [2026-01-05T21:23:49.376+0000] {dagbag.py:538} INFO - Filling up the DagBag from /opt/airflow/dags/diabetes_ml_pipeline.py
[2026-01-05T21:23:49.864+0000] {logging_mixin.py:188} WARNING - /home/airflow/.local/lib/python3.11/site-packages/airflow/models/baseoperator.py:437 RemovedInAirflow3Warning: provide_context is deprecated as of 2.0 and is no longer required
[2026-01-05T21:23:49.869+0000] {processor.py:840} INFO - DAG(s) 'diabetes_ml_pipeline' retrieved from /opt/airflow/dags/diabetes_ml_pipeline.py
[2026-01-05T21:23:49.905+0000] {logging_mixin.py:188} INFO - [2026-01-05T21:23:49.905+0000] {dag.py:3036} INFO - Sync 1 DAGs
[2026-01-05T21:23:49.926+0000] {logging_mixin.py:188} INFO - [2026-01-05T21:23:49.925+0000] {dag.py:3823} INFO - Setting next_dagrun for diabetes_ml_pipeline to 2026-01-05 02:00:00+00:00, run_after=2026-01-06 02:00:00+00:00
[2026-01-05T21:23:49.948+0000] {processor.py:183} INFO - Processing /opt/airflow/dags/diabetes_ml_pipeline.py took 0.580 seconds
[2026-01-05T21:24:20.509+0000] {processor.py:161} INFO - Started process (PID=4000) to work on /opt/airflow/dags/diabetes_ml_pipeline.py
[2026-01-05T21:24:20.511+0000] {processor.py:830} INFO - Processing file /opt/airflow/dags/diabetes_ml_pipeline.py for tasks to queue
[2026-01-05T21:24:20.513+0000] {logging_mixin.py:188} INFO - [2026-01-05T21:24:20.513+0000] {dagbag.py:538} INFO - Filling up the DagBag from /opt/airflow/dags/diabetes_ml_pipeline.py
[2026-01-05T21:24:21.053+0000] {logging_mixin.py:188} WARNING - /home/airflow/.local/lib/python3.11/site-packages/airflow/models/baseoperator.py:437 RemovedInAirflow3Warning: provide_context is deprecated as of 2.0 and is no longer required
[2026-01-05T21:24:21.058+0000] {processor.py:840} INFO - DAG(s) 'diabetes_ml_pipeline' retrieved from /opt/airflow/dags/diabetes_ml_pipeline.py
[2026-01-05T21:24:21.088+0000] {logging_mixin.py:188} INFO - [2026-01-05T21:24:21.088+0000] {dag.py:3036} INFO - Sync 1 DAGs
[2026-01-05T21:24:21.108+0000] {logging_mixin.py:188} INFO - [2026-01-05T21:24:21.108+0000] {dag.py:3823} INFO - Setting next_dagrun for diabetes_ml_pipeline to 2026-01-05 02:00:00+00:00, run_after=2026-01-06 02:00:00+00:00
[2026-01-05T21:24:21.141+0000] {processor.py:183} INFO - Processing /opt/airflow/dags/diabetes_ml_pipeline.py took 0.643 seconds
[2026-01-05T21:24:51.554+0000] {processor.py:161} INFO - Started process (PID=4012) to work on /opt/airflow/dags/diabetes_ml_pipeline.py
[2026-01-05T21:24:51.560+0000] {processor.py:830} INFO - Processing file /opt/airflow/dags/diabetes_ml_pipeline.py for tasks to queue
[2026-01-05T21:24:51.564+0000] {logging_mixin.py:188} INFO - [2026-01-05T21:24:51.563+0000] {dagbag.py:538} INFO - Filling up the DagBag from /opt/airflow/dags/diabetes_ml_pipeline.py
[2026-01-05T21:24:52.185+0000] {logging_mixin.py:188} WARNING - /home/airflow/.local/lib/python3.11/site-packages/airflow/models/baseoperator.py:437 RemovedInAirflow3Warning: provide_context is deprecated as of 2.0 and is no longer required
[2026-01-05T21:24:52.193+0000] {processor.py:840} INFO - DAG(s) 'diabetes_ml_pipeline' retrieved from /opt/airflow/dags/diabetes_ml_pipeline.py
[2026-01-05T21:24:52.228+0000] {logging_mixin.py:188} INFO - [2026-01-05T21:24:52.228+0000] {dag.py:3036} INFO - Sync 1 DAGs
[2026-01-05T21:24:52.268+0000] {logging_mixin.py:188} INFO - [2026-01-05T21:24:52.268+0000] {dag.py:3823} INFO - Setting next_dagrun for diabetes_ml_pipeline to 2026-01-05 02:00:00+00:00, run_after=2026-01-06 02:00:00+00:00
[2026-01-05T21:24:52.310+0000] {processor.py:183} INFO - Processing /opt/airflow/dags/diabetes_ml_pipeline.py took 0.766 seconds
[2026-01-05T21:25:22.897+0000] {processor.py:161} INFO - Started process (PID=4024) to work on /opt/airflow/dags/diabetes_ml_pipeline.py
[2026-01-05T21:25:22.898+0000] {processor.py:830} INFO - Processing file /opt/airflow/dags/diabetes_ml_pipeline.py for tasks to queue
[2026-01-05T21:25:22.900+0000] {logging_mixin.py:188} INFO - [2026-01-05T21:25:22.899+0000] {dagbag.py:538} INFO - Filling up the DagBag from /opt/airflow/dags/diabetes_ml_pipeline.py
[2026-01-05T21:25:23.454+0000] {logging_mixin.py:188} WARNING - /home/airflow/.local/lib/python3.11/site-packages/airflow/models/baseoperator.py:437 RemovedInAirflow3Warning: provide_context is deprecated as of 2.0 and is no longer required
[2026-01-05T21:25:23.459+0000] {processor.py:840} INFO - DAG(s) 'diabetes_ml_pipeline' retrieved from /opt/airflow/dags/diabetes_ml_pipeline.py
[2026-01-05T21:25:23.487+0000] {logging_mixin.py:188} INFO - [2026-01-05T21:25:23.487+0000] {dag.py:3036} INFO - Sync 1 DAGs
[2026-01-05T21:25:23.508+0000] {logging_mixin.py:188} INFO - [2026-01-05T21:25:23.508+0000] {dag.py:3823} INFO - Setting next_dagrun for diabetes_ml_pipeline to 2026-01-05 02:00:00+00:00, run_after=2026-01-06 02:00:00+00:00
[2026-01-05T21:25:23.531+0000] {processor.py:183} INFO - Processing /opt/airflow/dags/diabetes_ml_pipeline.py took 0.637 seconds
[2026-01-05T21:25:53.817+0000] {processor.py:161} INFO - Started process (PID=4036) to work on /opt/airflow/dags/diabetes_ml_pipeline.py
[2026-01-05T21:25:53.818+0000] {processor.py:830} INFO - Processing file /opt/airflow/dags/diabetes_ml_pipeline.py for tasks to queue
[2026-01-05T21:25:53.820+0000] {logging_mixin.py:188} INFO - [2026-01-05T21:25:53.819+0000] {dagbag.py:538} INFO - Filling up the DagBag from /opt/airflow/dags/diabetes_ml_pipeline.py
[2026-01-05T21:25:54.319+0000] {logging_mixin.py:188} WARNING - /home/airflow/.local/lib/python3.11/site-packages/airflow/models/baseoperator.py:437 RemovedInAirflow3Warning: provide_context is deprecated as of 2.0 and is no longer required
[2026-01-05T21:25:54.325+0000] {processor.py:840} INFO - DAG(s) 'diabetes_ml_pipeline' retrieved from /opt/airflow/dags/diabetes_ml_pipeline.py
[2026-01-05T21:25:54.355+0000] {logging_mixin.py:188} INFO - [2026-01-05T21:25:54.354+0000] {dag.py:3036} INFO - Sync 1 DAGs
[2026-01-05T21:25:54.375+0000] {logging_mixin.py:188} INFO - [2026-01-05T21:25:54.374+0000] {dag.py:3823} INFO - Setting next_dagrun for diabetes_ml_pipeline to 2026-01-05 02:00:00+00:00, run_after=2026-01-06 02:00:00+00:00
[2026-01-05T21:25:54.396+0000] {processor.py:183} INFO - Processing /opt/airflow/dags/diabetes_ml_pipeline.py took 0.583 seconds
[2026-01-05T21:26:24.950+0000] {processor.py:161} INFO - Started process (PID=4048) to work on /opt/airflow/dags/diabetes_ml_pipeline.py
[2026-01-05T21:26:24.954+0000] {processor.py:830} INFO - Processing file /opt/airflow/dags/diabetes_ml_pipeline.py for tasks to queue
[2026-01-05T21:26:24.959+0000] {logging_mixin.py:188} INFO - [2026-01-05T21:26:24.957+0000] {dagbag.py:538} INFO - Filling up the DagBag from /opt/airflow/dags/diabetes_ml_pipeline.py
[2026-01-05T21:26:25.486+0000] {logging_mixin.py:188} WARNING - /home/airflow/.local/lib/python3.11/site-packages/airflow/models/baseoperator.py:437 RemovedInAirflow3Warning: provide_context is deprecated as of 2.0 and is no longer required
[2026-01-05T21:26:25.491+0000] {processor.py:840} INFO - DAG(s) 'diabetes_ml_pipeline' retrieved from /opt/airflow/dags/diabetes_ml_pipeline.py
[2026-01-05T21:26:25.521+0000] {logging_mixin.py:188} INFO - [2026-01-05T21:26:25.520+0000] {dag.py:3036} INFO - Sync 1 DAGs
[2026-01-05T21:26:25.554+0000] {logging_mixin.py:188} INFO - [2026-01-05T21:26:25.553+0000] {dag.py:3823} INFO - Setting next_dagrun for diabetes_ml_pipeline to 2026-01-05 02:00:00+00:00, run_after=2026-01-06 02:00:00+00:00
[2026-01-05T21:26:25.577+0000] {processor.py:183} INFO - Processing /opt/airflow/dags/diabetes_ml_pipeline.py took 0.638 seconds
[2026-01-05T21:26:55.914+0000] {processor.py:161} INFO - Started process (PID=4060) to work on /opt/airflow/dags/diabetes_ml_pipeline.py
[2026-01-05T21:26:55.916+0000] {processor.py:830} INFO - Processing file /opt/airflow/dags/diabetes_ml_pipeline.py for tasks to queue
[2026-01-05T21:26:55.917+0000] {logging_mixin.py:188} INFO - [2026-01-05T21:26:55.917+0000] {dagbag.py:538} INFO - Filling up the DagBag from /opt/airflow/dags/diabetes_ml_pipeline.py
[2026-01-05T21:26:56.386+0000] {logging_mixin.py:188} WARNING - /home/airflow/.local/lib/python3.11/site-packages/airflow/models/baseoperator.py:437 RemovedInAirflow3Warning: provide_context is deprecated as of 2.0 and is no longer required
[2026-01-05T21:26:56.391+0000] {processor.py:840} INFO - DAG(s) 'diabetes_ml_pipeline' retrieved from /opt/airflow/dags/diabetes_ml_pipeline.py
[2026-01-05T21:26:56.419+0000] {logging_mixin.py:188} INFO - [2026-01-05T21:26:56.419+0000] {dag.py:3036} INFO - Sync 1 DAGs
[2026-01-05T21:26:56.439+0000] {logging_mixin.py:188} INFO - [2026-01-05T21:26:56.439+0000] {dag.py:3823} INFO - Setting next_dagrun for diabetes_ml_pipeline to 2026-01-05 02:00:00+00:00, run_after=2026-01-06 02:00:00+00:00
[2026-01-05T21:26:56.465+0000] {processor.py:183} INFO - Processing /opt/airflow/dags/diabetes_ml_pipeline.py took 0.554 seconds
[2026-01-05T21:32:06.793+0000] {processor.py:161} INFO - Started process (PID=4074) to work on /opt/airflow/dags/diabetes_ml_pipeline.py
[2026-01-05T21:32:06.794+0000] {processor.py:830} INFO - Processing file /opt/airflow/dags/diabetes_ml_pipeline.py for tasks to queue
[2026-01-05T21:32:06.796+0000] {logging_mixin.py:188} INFO - [2026-01-05T21:32:06.795+0000] {dagbag.py:538} INFO - Filling up the DagBag from /opt/airflow/dags/diabetes_ml_pipeline.py
[2026-01-05T21:32:07.257+0000] {logging_mixin.py:188} WARNING - /home/airflow/.local/lib/python3.11/site-packages/airflow/models/baseoperator.py:437 RemovedInAirflow3Warning: provide_context is deprecated as of 2.0 and is no longer required
[2026-01-05T21:32:07.262+0000] {processor.py:840} INFO - DAG(s) 'diabetes_ml_pipeline' retrieved from /opt/airflow/dags/diabetes_ml_pipeline.py
[2026-01-05T21:32:07.291+0000] {logging_mixin.py:188} INFO - [2026-01-05T21:32:07.291+0000] {dag.py:3036} INFO - Sync 1 DAGs
[2026-01-05T21:32:07.313+0000] {logging_mixin.py:188} INFO - [2026-01-05T21:32:07.313+0000] {dag.py:3823} INFO - Setting next_dagrun for diabetes_ml_pipeline to 2026-01-05 02:00:00+00:00, run_after=2026-01-06 02:00:00+00:00
[2026-01-05T21:32:07.340+0000] {processor.py:183} INFO - Processing /opt/airflow/dags/diabetes_ml_pipeline.py took 0.556 seconds
[2026-01-05T21:32:37.748+0000] {processor.py:161} INFO - Started process (PID=4104) to work on /opt/airflow/dags/diabetes_ml_pipeline.py
[2026-01-05T21:32:37.750+0000] {processor.py:830} INFO - Processing file /opt/airflow/dags/diabetes_ml_pipeline.py for tasks to queue
[2026-01-05T21:32:37.751+0000] {logging_mixin.py:188} INFO - [2026-01-05T21:32:37.751+0000] {dagbag.py:538} INFO - Filling up the DagBag from /opt/airflow/dags/diabetes_ml_pipeline.py
[2026-01-05T21:32:38.241+0000] {logging_mixin.py:188} WARNING - /home/airflow/.local/lib/python3.11/site-packages/airflow/models/baseoperator.py:437 RemovedInAirflow3Warning: provide_context is deprecated as of 2.0 and is no longer required
[2026-01-05T21:32:38.248+0000] {processor.py:840} INFO - DAG(s) 'diabetes_ml_pipeline' retrieved from /opt/airflow/dags/diabetes_ml_pipeline.py
[2026-01-05T21:32:38.346+0000] {logging_mixin.py:188} INFO - [2026-01-05T21:32:38.345+0000] {dag.py:3036} INFO - Sync 1 DAGs
[2026-01-05T21:32:38.399+0000] {logging_mixin.py:188} INFO - [2026-01-05T21:32:38.399+0000] {dag.py:3823} INFO - Setting next_dagrun for diabetes_ml_pipeline to 2026-01-05 02:00:00+00:00, run_after=2026-01-06 02:00:00+00:00
[2026-01-05T21:32:38.426+0000] {processor.py:183} INFO - Processing /opt/airflow/dags/diabetes_ml_pipeline.py took 0.686 seconds
[2026-01-05T21:33:08.970+0000] {processor.py:161} INFO - Started process (PID=4116) to work on /opt/airflow/dags/diabetes_ml_pipeline.py
[2026-01-05T21:33:08.972+0000] {processor.py:830} INFO - Processing file /opt/airflow/dags/diabetes_ml_pipeline.py for tasks to queue
[2026-01-05T21:33:08.973+0000] {logging_mixin.py:188} INFO - [2026-01-05T21:33:08.973+0000] {dagbag.py:538} INFO - Filling up the DagBag from /opt/airflow/dags/diabetes_ml_pipeline.py
[2026-01-05T21:33:09.428+0000] {logging_mixin.py:188} WARNING - /home/airflow/.local/lib/python3.11/site-packages/airflow/models/baseoperator.py:437 RemovedInAirflow3Warning: provide_context is deprecated as of 2.0 and is no longer required
[2026-01-05T21:33:09.432+0000] {processor.py:840} INFO - DAG(s) 'diabetes_ml_pipeline' retrieved from /opt/airflow/dags/diabetes_ml_pipeline.py
[2026-01-05T21:33:09.469+0000] {logging_mixin.py:188} INFO - [2026-01-05T21:33:09.468+0000] {dag.py:3036} INFO - Sync 1 DAGs
[2026-01-05T21:33:09.491+0000] {logging_mixin.py:188} INFO - [2026-01-05T21:33:09.491+0000] {dag.py:3823} INFO - Setting next_dagrun for diabetes_ml_pipeline to 2026-01-05 02:00:00+00:00, run_after=2026-01-06 02:00:00+00:00
[2026-01-05T21:33:09.517+0000] {processor.py:183} INFO - Processing /opt/airflow/dags/diabetes_ml_pipeline.py took 0.551 seconds
[2026-01-05T21:33:39.887+0000] {processor.py:161} INFO - Started process (PID=4128) to work on /opt/airflow/dags/diabetes_ml_pipeline.py
[2026-01-05T21:33:39.889+0000] {processor.py:830} INFO - Processing file /opt/airflow/dags/diabetes_ml_pipeline.py for tasks to queue
[2026-01-05T21:33:39.890+0000] {logging_mixin.py:188} INFO - [2026-01-05T21:33:39.890+0000] {dagbag.py:538} INFO - Filling up the DagBag from /opt/airflow/dags/diabetes_ml_pipeline.py
[2026-01-05T21:33:40.399+0000] {logging_mixin.py:188} WARNING - /home/airflow/.local/lib/python3.11/site-packages/airflow/models/baseoperator.py:437 RemovedInAirflow3Warning: provide_context is deprecated as of 2.0 and is no longer required
[2026-01-05T21:33:40.406+0000] {processor.py:840} INFO - DAG(s) 'diabetes_ml_pipeline' retrieved from /opt/airflow/dags/diabetes_ml_pipeline.py
[2026-01-05T21:33:40.441+0000] {logging_mixin.py:188} INFO - [2026-01-05T21:33:40.441+0000] {dag.py:3036} INFO - Sync 1 DAGs
[2026-01-05T21:33:40.463+0000] {logging_mixin.py:188} INFO - [2026-01-05T21:33:40.463+0000] {dag.py:3823} INFO - Setting next_dagrun for diabetes_ml_pipeline to 2026-01-05 02:00:00+00:00, run_after=2026-01-06 02:00:00+00:00
[2026-01-05T21:33:40.507+0000] {processor.py:183} INFO - Processing /opt/airflow/dags/diabetes_ml_pipeline.py took 0.623 seconds
[2026-01-05T21:34:11.010+0000] {processor.py:161} INFO - Started process (PID=4134) to work on /opt/airflow/dags/diabetes_ml_pipeline.py
[2026-01-05T21:34:11.012+0000] {processor.py:830} INFO - Processing file /opt/airflow/dags/diabetes_ml_pipeline.py for tasks to queue
[2026-01-05T21:34:11.014+0000] {logging_mixin.py:188} INFO - [2026-01-05T21:34:11.014+0000] {dagbag.py:538} INFO - Filling up the DagBag from /opt/airflow/dags/diabetes_ml_pipeline.py
[2026-01-05T21:34:11.547+0000] {logging_mixin.py:188} WARNING - /home/airflow/.local/lib/python3.11/site-packages/airflow/models/baseoperator.py:437 RemovedInAirflow3Warning: provide_context is deprecated as of 2.0 and is no longer required
[2026-01-05T21:34:11.552+0000] {processor.py:840} INFO - DAG(s) 'diabetes_ml_pipeline' retrieved from /opt/airflow/dags/diabetes_ml_pipeline.py
[2026-01-05T21:34:11.584+0000] {logging_mixin.py:188} INFO - [2026-01-05T21:34:11.584+0000] {dag.py:3036} INFO - Sync 1 DAGs
[2026-01-05T21:34:11.606+0000] {logging_mixin.py:188} INFO - [2026-01-05T21:34:11.605+0000] {dag.py:3823} INFO - Setting next_dagrun for diabetes_ml_pipeline to 2026-01-05 02:00:00+00:00, run_after=2026-01-06 02:00:00+00:00
[2026-01-05T21:34:11.631+0000] {processor.py:183} INFO - Processing /opt/airflow/dags/diabetes_ml_pipeline.py took 0.625 seconds
[2026-01-05T21:34:41.821+0000] {processor.py:161} INFO - Started process (PID=4146) to work on /opt/airflow/dags/diabetes_ml_pipeline.py
[2026-01-05T21:34:41.823+0000] {processor.py:830} INFO - Processing file /opt/airflow/dags/diabetes_ml_pipeline.py for tasks to queue
[2026-01-05T21:34:41.824+0000] {logging_mixin.py:188} INFO - [2026-01-05T21:34:41.823+0000] {dagbag.py:538} INFO - Filling up the DagBag from /opt/airflow/dags/diabetes_ml_pipeline.py
[2026-01-05T21:34:42.324+0000] {logging_mixin.py:188} WARNING - /home/airflow/.local/lib/python3.11/site-packages/airflow/models/baseoperator.py:437 RemovedInAirflow3Warning: provide_context is deprecated as of 2.0 and is no longer required
[2026-01-05T21:34:42.329+0000] {processor.py:840} INFO - DAG(s) 'diabetes_ml_pipeline' retrieved from /opt/airflow/dags/diabetes_ml_pipeline.py
[2026-01-05T21:34:42.360+0000] {logging_mixin.py:188} INFO - [2026-01-05T21:34:42.360+0000] {dag.py:3036} INFO - Sync 1 DAGs
[2026-01-05T21:34:42.380+0000] {logging_mixin.py:188} INFO - [2026-01-05T21:34:42.380+0000] {dag.py:3823} INFO - Setting next_dagrun for diabetes_ml_pipeline to 2026-01-05 02:00:00+00:00, run_after=2026-01-06 02:00:00+00:00
[2026-01-05T21:34:42.405+0000] {processor.py:183} INFO - Processing /opt/airflow/dags/diabetes_ml_pipeline.py took 0.589 seconds
[2026-01-05T21:35:12.736+0000] {processor.py:161} INFO - Started process (PID=4158) to work on /opt/airflow/dags/diabetes_ml_pipeline.py
[2026-01-05T21:35:12.738+0000] {processor.py:830} INFO - Processing file /opt/airflow/dags/diabetes_ml_pipeline.py for tasks to queue
[2026-01-05T21:35:12.740+0000] {logging_mixin.py:188} INFO - [2026-01-05T21:35:12.739+0000] {dagbag.py:538} INFO - Filling up the DagBag from /opt/airflow/dags/diabetes_ml_pipeline.py
[2026-01-05T21:35:13.247+0000] {logging_mixin.py:188} WARNING - /home/airflow/.local/lib/python3.11/site-packages/airflow/models/baseoperator.py:437 RemovedInAirflow3Warning: provide_context is deprecated as of 2.0 and is no longer required
[2026-01-05T21:35:13.253+0000] {processor.py:840} INFO - DAG(s) 'diabetes_ml_pipeline' retrieved from /opt/airflow/dags/diabetes_ml_pipeline.py
[2026-01-05T21:35:13.293+0000] {logging_mixin.py:188} INFO - [2026-01-05T21:35:13.293+0000] {dag.py:3036} INFO - Sync 1 DAGs
[2026-01-05T21:35:13.315+0000] {logging_mixin.py:188} INFO - [2026-01-05T21:35:13.315+0000] {dag.py:3823} INFO - Setting next_dagrun for diabetes_ml_pipeline to 2026-01-05 02:00:00+00:00, run_after=2026-01-06 02:00:00+00:00
[2026-01-05T21:35:13.341+0000] {processor.py:183} INFO - Processing /opt/airflow/dags/diabetes_ml_pipeline.py took 0.610 seconds
[2026-01-05T21:35:43.682+0000] {processor.py:161} INFO - Started process (PID=4170) to work on /opt/airflow/dags/diabetes_ml_pipeline.py
[2026-01-05T21:35:43.689+0000] {processor.py:830} INFO - Processing file /opt/airflow/dags/diabetes_ml_pipeline.py for tasks to queue
[2026-01-05T21:35:43.699+0000] {logging_mixin.py:188} INFO - [2026-01-05T21:35:43.697+0000] {dagbag.py:538} INFO - Filling up the DagBag from /opt/airflow/dags/diabetes_ml_pipeline.py
[2026-01-05T21:35:44.192+0000] {logging_mixin.py:188} WARNING - /home/airflow/.local/lib/python3.11/site-packages/airflow/models/baseoperator.py:437 RemovedInAirflow3Warning: provide_context is deprecated as of 2.0 and is no longer required
[2026-01-05T21:35:44.197+0000] {processor.py:840} INFO - DAG(s) 'diabetes_ml_pipeline' retrieved from /opt/airflow/dags/diabetes_ml_pipeline.py
[2026-01-05T21:35:44.242+0000] {logging_mixin.py:188} INFO - [2026-01-05T21:35:44.241+0000] {dag.py:3036} INFO - Sync 1 DAGs
[2026-01-05T21:35:44.264+0000] {logging_mixin.py:188} INFO - [2026-01-05T21:35:44.263+0000] {dag.py:3823} INFO - Setting next_dagrun for diabetes_ml_pipeline to 2026-01-05 02:00:00+00:00, run_after=2026-01-06 02:00:00+00:00
[2026-01-05T21:35:44.292+0000] {processor.py:183} INFO - Processing /opt/airflow/dags/diabetes_ml_pipeline.py took 0.664 seconds
[2026-01-05T21:36:14.870+0000] {processor.py:161} INFO - Started process (PID=4182) to work on /opt/airflow/dags/diabetes_ml_pipeline.py
[2026-01-05T21:36:14.872+0000] {processor.py:830} INFO - Processing file /opt/airflow/dags/diabetes_ml_pipeline.py for tasks to queue
[2026-01-05T21:36:14.873+0000] {logging_mixin.py:188} INFO - [2026-01-05T21:36:14.873+0000] {dagbag.py:538} INFO - Filling up the DagBag from /opt/airflow/dags/diabetes_ml_pipeline.py
[2026-01-05T21:36:15.353+0000] {logging_mixin.py:188} WARNING - /home/airflow/.local/lib/python3.11/site-packages/airflow/models/baseoperator.py:437 RemovedInAirflow3Warning: provide_context is deprecated as of 2.0 and is no longer required
[2026-01-05T21:36:15.358+0000] {processor.py:840} INFO - DAG(s) 'diabetes_ml_pipeline' retrieved from /opt/airflow/dags/diabetes_ml_pipeline.py
[2026-01-05T21:36:15.388+0000] {logging_mixin.py:188} INFO - [2026-01-05T21:36:15.387+0000] {dag.py:3036} INFO - Sync 1 DAGs
[2026-01-05T21:36:15.406+0000] {logging_mixin.py:188} INFO - [2026-01-05T21:36:15.406+0000] {dag.py:3823} INFO - Setting next_dagrun for diabetes_ml_pipeline to 2026-01-05 02:00:00+00:00, run_after=2026-01-06 02:00:00+00:00
[2026-01-05T21:36:15.427+0000] {processor.py:183} INFO - Processing /opt/airflow/dags/diabetes_ml_pipeline.py took 0.561 seconds
[2026-01-05T21:36:45.657+0000] {processor.py:161} INFO - Started process (PID=4194) to work on /opt/airflow/dags/diabetes_ml_pipeline.py
[2026-01-05T21:36:45.659+0000] {processor.py:830} INFO - Processing file /opt/airflow/dags/diabetes_ml_pipeline.py for tasks to queue
[2026-01-05T21:36:45.662+0000] {logging_mixin.py:188} INFO - [2026-01-05T21:36:45.661+0000] {dagbag.py:538} INFO - Filling up the DagBag from /opt/airflow/dags/diabetes_ml_pipeline.py
[2026-01-05T21:36:46.172+0000] {logging_mixin.py:188} WARNING - /home/airflow/.local/lib/python3.11/site-packages/airflow/models/baseoperator.py:437 RemovedInAirflow3Warning: provide_context is deprecated as of 2.0 and is no longer required
[2026-01-05T21:36:46.177+0000] {processor.py:840} INFO - DAG(s) 'diabetes_ml_pipeline' retrieved from /opt/airflow/dags/diabetes_ml_pipeline.py
[2026-01-05T21:36:46.204+0000] {logging_mixin.py:188} INFO - [2026-01-05T21:36:46.204+0000] {dag.py:3036} INFO - Sync 1 DAGs
[2026-01-05T21:36:46.225+0000] {logging_mixin.py:188} INFO - [2026-01-05T21:36:46.225+0000] {dag.py:3823} INFO - Setting next_dagrun for diabetes_ml_pipeline to 2026-01-05 02:00:00+00:00, run_after=2026-01-06 02:00:00+00:00
[2026-01-05T21:36:46.247+0000] {processor.py:183} INFO - Processing /opt/airflow/dags/diabetes_ml_pipeline.py took 0.601 seconds
[2026-01-05T21:37:16.592+0000] {processor.py:161} INFO - Started process (PID=4206) to work on /opt/airflow/dags/diabetes_ml_pipeline.py
[2026-01-05T21:37:16.594+0000] {processor.py:830} INFO - Processing file /opt/airflow/dags/diabetes_ml_pipeline.py for tasks to queue
[2026-01-05T21:37:16.596+0000] {logging_mixin.py:188} INFO - [2026-01-05T21:37:16.595+0000] {dagbag.py:538} INFO - Filling up the DagBag from /opt/airflow/dags/diabetes_ml_pipeline.py
[2026-01-05T21:37:17.071+0000] {logging_mixin.py:188} WARNING - /home/airflow/.local/lib/python3.11/site-packages/airflow/models/baseoperator.py:437 RemovedInAirflow3Warning: provide_context is deprecated as of 2.0 and is no longer required
[2026-01-05T21:37:17.076+0000] {processor.py:840} INFO - DAG(s) 'diabetes_ml_pipeline' retrieved from /opt/airflow/dags/diabetes_ml_pipeline.py
[2026-01-05T21:37:17.105+0000] {logging_mixin.py:188} INFO - [2026-01-05T21:37:17.104+0000] {dag.py:3036} INFO - Sync 1 DAGs
[2026-01-05T21:37:17.124+0000] {logging_mixin.py:188} INFO - [2026-01-05T21:37:17.124+0000] {dag.py:3823} INFO - Setting next_dagrun for diabetes_ml_pipeline to 2026-01-05 02:00:00+00:00, run_after=2026-01-06 02:00:00+00:00
[2026-01-05T21:37:17.145+0000] {processor.py:183} INFO - Processing /opt/airflow/dags/diabetes_ml_pipeline.py took 0.558 seconds
[2026-01-05T21:37:35.497+0000] {processor.py:161} INFO - Started process (PID=4218) to work on /opt/airflow/dags/diabetes_ml_pipeline.py
[2026-01-05T21:37:35.499+0000] {processor.py:830} INFO - Processing file /opt/airflow/dags/diabetes_ml_pipeline.py for tasks to queue
[2026-01-05T21:37:35.500+0000] {logging_mixin.py:188} INFO - [2026-01-05T21:37:35.500+0000] {dagbag.py:538} INFO - Filling up the DagBag from /opt/airflow/dags/diabetes_ml_pipeline.py
[2026-01-05T21:37:36.016+0000] {logging_mixin.py:188} WARNING - /home/airflow/.local/lib/python3.11/site-packages/airflow/models/baseoperator.py:437 RemovedInAirflow3Warning: provide_context is deprecated as of 2.0 and is no longer required
[2026-01-05T21:37:36.022+0000] {processor.py:840} INFO - DAG(s) 'diabetes_ml_pipeline' retrieved from /opt/airflow/dags/diabetes_ml_pipeline.py
[2026-01-05T21:37:36.051+0000] {logging_mixin.py:188} INFO - [2026-01-05T21:37:36.051+0000] {dag.py:3036} INFO - Sync 1 DAGs
[2026-01-05T21:37:36.072+0000] {logging_mixin.py:188} INFO - [2026-01-05T21:37:36.072+0000] {dag.py:3823} INFO - Setting next_dagrun for diabetes_ml_pipeline to 2026-01-05 02:00:00+00:00, run_after=2026-01-06 02:00:00+00:00
[2026-01-05T21:37:36.106+0000] {processor.py:183} INFO - Processing /opt/airflow/dags/diabetes_ml_pipeline.py took 0.613 seconds
[2026-01-05T21:37:50.136+0000] {processor.py:161} INFO - Started process (PID=4224) to work on /opt/airflow/dags/diabetes_ml_pipeline.py
[2026-01-05T21:37:50.138+0000] {processor.py:830} INFO - Processing file /opt/airflow/dags/diabetes_ml_pipeline.py for tasks to queue
[2026-01-05T21:37:50.139+0000] {logging_mixin.py:188} INFO - [2026-01-05T21:37:50.139+0000] {dagbag.py:538} INFO - Filling up the DagBag from /opt/airflow/dags/diabetes_ml_pipeline.py
[2026-01-05T21:37:50.709+0000] {logging_mixin.py:188} WARNING - /home/airflow/.local/lib/python3.11/site-packages/airflow/models/baseoperator.py:437 RemovedInAirflow3Warning: provide_context is deprecated as of 2.0 and is no longer required
[2026-01-05T21:37:50.714+0000] {processor.py:840} INFO - DAG(s) 'diabetes_ml_pipeline' retrieved from /opt/airflow/dags/diabetes_ml_pipeline.py
[2026-01-05T21:37:50.744+0000] {logging_mixin.py:188} INFO - [2026-01-05T21:37:50.743+0000] {dag.py:3036} INFO - Sync 1 DAGs
[2026-01-05T21:37:50.764+0000] {logging_mixin.py:188} INFO - [2026-01-05T21:37:50.764+0000] {dag.py:3823} INFO - Setting next_dagrun for diabetes_ml_pipeline to 2026-01-05 02:00:00+00:00, run_after=2026-01-06 02:00:00+00:00
[2026-01-05T21:37:50.797+0000] {processor.py:183} INFO - Processing /opt/airflow/dags/diabetes_ml_pipeline.py took 0.666 seconds
[2026-01-05T21:38:06.752+0000] {processor.py:161} INFO - Started process (PID=4236) to work on /opt/airflow/dags/diabetes_ml_pipeline.py
[2026-01-05T21:38:06.754+0000] {processor.py:830} INFO - Processing file /opt/airflow/dags/diabetes_ml_pipeline.py for tasks to queue
[2026-01-05T21:38:06.755+0000] {logging_mixin.py:188} INFO - [2026-01-05T21:38:06.755+0000] {dagbag.py:538} INFO - Filling up the DagBag from /opt/airflow/dags/diabetes_ml_pipeline.py
[2026-01-05T21:38:07.320+0000] {logging_mixin.py:188} WARNING - /home/airflow/.local/lib/python3.11/site-packages/airflow/models/baseoperator.py:437 RemovedInAirflow3Warning: provide_context is deprecated as of 2.0 and is no longer required
[2026-01-05T21:38:07.326+0000] {processor.py:840} INFO - DAG(s) 'diabetes_ml_pipeline' retrieved from /opt/airflow/dags/diabetes_ml_pipeline.py
[2026-01-05T21:38:07.364+0000] {logging_mixin.py:188} INFO - [2026-01-05T21:38:07.363+0000] {dag.py:3036} INFO - Sync 1 DAGs
[2026-01-05T21:38:07.386+0000] {logging_mixin.py:188} INFO - [2026-01-05T21:38:07.386+0000] {dag.py:3823} INFO - Setting next_dagrun for diabetes_ml_pipeline to 2026-01-05 02:00:00+00:00, run_after=2026-01-06 02:00:00+00:00
[2026-01-05T21:38:07.432+0000] {processor.py:183} INFO - Processing /opt/airflow/dags/diabetes_ml_pipeline.py took 0.684 seconds
[2026-01-05T21:38:26.476+0000] {processor.py:161} INFO - Started process (PID=4242) to work on /opt/airflow/dags/diabetes_ml_pipeline.py
[2026-01-05T21:38:26.479+0000] {processor.py:830} INFO - Processing file /opt/airflow/dags/diabetes_ml_pipeline.py for tasks to queue
[2026-01-05T21:38:26.481+0000] {logging_mixin.py:188} INFO - [2026-01-05T21:38:26.480+0000] {dagbag.py:538} INFO - Filling up the DagBag from /opt/airflow/dags/diabetes_ml_pipeline.py
[2026-01-05T21:38:27.107+0000] {logging_mixin.py:188} WARNING - /home/airflow/.local/lib/python3.11/site-packages/airflow/models/baseoperator.py:437 RemovedInAirflow3Warning: provide_context is deprecated as of 2.0 and is no longer required
[2026-01-05T21:38:27.112+0000] {processor.py:840} INFO - DAG(s) 'diabetes_ml_pipeline' retrieved from /opt/airflow/dags/diabetes_ml_pipeline.py
[2026-01-05T21:38:27.148+0000] {logging_mixin.py:188} INFO - [2026-01-05T21:38:27.147+0000] {dag.py:3036} INFO - Sync 1 DAGs
[2026-01-05T21:38:27.174+0000] {logging_mixin.py:188} INFO - [2026-01-05T21:38:27.174+0000] {dag.py:3823} INFO - Setting next_dagrun for diabetes_ml_pipeline to 2026-01-05 02:00:00+00:00, run_after=2026-01-06 02:00:00+00:00
[2026-01-05T21:38:27.213+0000] {processor.py:183} INFO - Processing /opt/airflow/dags/diabetes_ml_pipeline.py took 0.741 seconds
[2026-01-05T21:38:41.087+0000] {processor.py:161} INFO - Started process (PID=4255) to work on /opt/airflow/dags/diabetes_ml_pipeline.py
[2026-01-05T21:38:41.089+0000] {processor.py:830} INFO - Processing file /opt/airflow/dags/diabetes_ml_pipeline.py for tasks to queue
[2026-01-05T21:38:41.090+0000] {logging_mixin.py:188} INFO - [2026-01-05T21:38:41.090+0000] {dagbag.py:538} INFO - Filling up the DagBag from /opt/airflow/dags/diabetes_ml_pipeline.py
[2026-01-05T21:38:41.544+0000] {logging_mixin.py:188} WARNING - /home/airflow/.local/lib/python3.11/site-packages/airflow/models/baseoperator.py:437 RemovedInAirflow3Warning: provide_context is deprecated as of 2.0 and is no longer required
[2026-01-05T21:38:41.550+0000] {processor.py:840} INFO - DAG(s) 'diabetes_ml_pipeline' retrieved from /opt/airflow/dags/diabetes_ml_pipeline.py
[2026-01-05T21:38:41.587+0000] {logging_mixin.py:188} INFO - [2026-01-05T21:38:41.586+0000] {dag.py:3036} INFO - Sync 1 DAGs
[2026-01-05T21:38:41.607+0000] {logging_mixin.py:188} INFO - [2026-01-05T21:38:41.607+0000] {dag.py:3823} INFO - Setting next_dagrun for diabetes_ml_pipeline to 2026-01-05 02:00:00+00:00, run_after=2026-01-06 02:00:00+00:00
[2026-01-05T21:38:41.632+0000] {processor.py:183} INFO - Processing /opt/airflow/dags/diabetes_ml_pipeline.py took 0.549 seconds
[2026-01-05T21:39:11.971+0000] {processor.py:161} INFO - Started process (PID=4267) to work on /opt/airflow/dags/diabetes_ml_pipeline.py
[2026-01-05T21:39:11.974+0000] {processor.py:830} INFO - Processing file /opt/airflow/dags/diabetes_ml_pipeline.py for tasks to queue
[2026-01-05T21:39:11.977+0000] {logging_mixin.py:188} INFO - [2026-01-05T21:39:11.976+0000] {dagbag.py:538} INFO - Filling up the DagBag from /opt/airflow/dags/diabetes_ml_pipeline.py
[2026-01-05T21:39:12.414+0000] {logging_mixin.py:188} WARNING - /home/airflow/.local/lib/python3.11/site-packages/airflow/models/baseoperator.py:437 RemovedInAirflow3Warning: provide_context is deprecated as of 2.0 and is no longer required
[2026-01-05T21:39:12.419+0000] {processor.py:840} INFO - DAG(s) 'diabetes_ml_pipeline' retrieved from /opt/airflow/dags/diabetes_ml_pipeline.py
[2026-01-05T21:39:12.502+0000] {logging_mixin.py:188} INFO - [2026-01-05T21:39:12.502+0000] {dag.py:3036} INFO - Sync 1 DAGs
[2026-01-05T21:39:12.525+0000] {logging_mixin.py:188} INFO - [2026-01-05T21:39:12.525+0000] {dag.py:3823} INFO - Setting next_dagrun for diabetes_ml_pipeline to 2026-01-05 02:00:00+00:00, run_after=2026-01-06 02:00:00+00:00
[2026-01-05T21:39:12.590+0000] {processor.py:183} INFO - Processing /opt/airflow/dags/diabetes_ml_pipeline.py took 0.626 seconds
[2026-01-05T21:39:43.708+0000] {processor.py:161} INFO - Started process (PID=4279) to work on /opt/airflow/dags/diabetes_ml_pipeline.py
[2026-01-05T21:39:43.711+0000] {processor.py:830} INFO - Processing file /opt/airflow/dags/diabetes_ml_pipeline.py for tasks to queue
[2026-01-05T21:39:43.715+0000] {logging_mixin.py:188} INFO - [2026-01-05T21:39:43.715+0000] {dagbag.py:538} INFO - Filling up the DagBag from /opt/airflow/dags/diabetes_ml_pipeline.py
[2026-01-05T21:39:44.263+0000] {logging_mixin.py:188} WARNING - /home/airflow/.local/lib/python3.11/site-packages/airflow/models/baseoperator.py:437 RemovedInAirflow3Warning: provide_context is deprecated as of 2.0 and is no longer required
[2026-01-05T21:39:44.270+0000] {processor.py:840} INFO - DAG(s) 'diabetes_ml_pipeline' retrieved from /opt/airflow/dags/diabetes_ml_pipeline.py
[2026-01-05T21:39:44.309+0000] {logging_mixin.py:188} INFO - [2026-01-05T21:39:44.308+0000] {dag.py:3036} INFO - Sync 1 DAGs
[2026-01-05T21:39:44.332+0000] {logging_mixin.py:188} INFO - [2026-01-05T21:39:44.331+0000] {dag.py:3823} INFO - Setting next_dagrun for diabetes_ml_pipeline to 2026-01-05 02:00:00+00:00, run_after=2026-01-06 02:00:00+00:00
[2026-01-05T21:39:44.358+0000] {processor.py:183} INFO - Processing /opt/airflow/dags/diabetes_ml_pipeline.py took 0.656 seconds
[2026-01-05T21:40:14.959+0000] {processor.py:161} INFO - Started process (PID=4291) to work on /opt/airflow/dags/diabetes_ml_pipeline.py
[2026-01-05T21:40:14.964+0000] {processor.py:830} INFO - Processing file /opt/airflow/dags/diabetes_ml_pipeline.py for tasks to queue
[2026-01-05T21:40:14.966+0000] {logging_mixin.py:188} INFO - [2026-01-05T21:40:14.965+0000] {dagbag.py:538} INFO - Filling up the DagBag from /opt/airflow/dags/diabetes_ml_pipeline.py
[2026-01-05T21:40:15.514+0000] {logging_mixin.py:188} WARNING - /home/airflow/.local/lib/python3.11/site-packages/airflow/models/baseoperator.py:437 RemovedInAirflow3Warning: provide_context is deprecated as of 2.0 and is no longer required
[2026-01-05T21:40:15.520+0000] {processor.py:840} INFO - DAG(s) 'diabetes_ml_pipeline' retrieved from /opt/airflow/dags/diabetes_ml_pipeline.py
[2026-01-05T21:40:15.550+0000] {logging_mixin.py:188} INFO - [2026-01-05T21:40:15.550+0000] {dag.py:3036} INFO - Sync 1 DAGs
[2026-01-05T21:40:15.571+0000] {logging_mixin.py:188} INFO - [2026-01-05T21:40:15.571+0000] {dag.py:3823} INFO - Setting next_dagrun for diabetes_ml_pipeline to 2026-01-05 02:00:00+00:00, run_after=2026-01-06 02:00:00+00:00
[2026-01-05T21:40:15.597+0000] {processor.py:183} INFO - Processing /opt/airflow/dags/diabetes_ml_pipeline.py took 0.652 seconds
[2026-01-05T21:40:45.801+0000] {processor.py:161} INFO - Started process (PID=4303) to work on /opt/airflow/dags/diabetes_ml_pipeline.py
[2026-01-05T21:40:45.803+0000] {processor.py:830} INFO - Processing file /opt/airflow/dags/diabetes_ml_pipeline.py for tasks to queue
[2026-01-05T21:40:45.806+0000] {logging_mixin.py:188} INFO - [2026-01-05T21:40:45.806+0000] {dagbag.py:538} INFO - Filling up the DagBag from /opt/airflow/dags/diabetes_ml_pipeline.py
[2026-01-05T21:40:46.256+0000] {logging_mixin.py:188} WARNING - /home/airflow/.local/lib/python3.11/site-packages/airflow/models/baseoperator.py:437 RemovedInAirflow3Warning: provide_context is deprecated as of 2.0 and is no longer required
[2026-01-05T21:40:46.261+0000] {processor.py:840} INFO - DAG(s) 'diabetes_ml_pipeline' retrieved from /opt/airflow/dags/diabetes_ml_pipeline.py
[2026-01-05T21:40:46.286+0000] {logging_mixin.py:188} INFO - [2026-01-05T21:40:46.286+0000] {dag.py:3036} INFO - Sync 1 DAGs
[2026-01-05T21:40:46.305+0000] {logging_mixin.py:188} INFO - [2026-01-05T21:40:46.304+0000] {dag.py:3823} INFO - Setting next_dagrun for diabetes_ml_pipeline to 2026-01-05 02:00:00+00:00, run_after=2026-01-06 02:00:00+00:00
[2026-01-05T21:40:46.323+0000] {processor.py:183} INFO - Processing /opt/airflow/dags/diabetes_ml_pipeline.py took 0.528 seconds
[2026-01-05T21:41:16.645+0000] {processor.py:161} INFO - Started process (PID=4315) to work on /opt/airflow/dags/diabetes_ml_pipeline.py
[2026-01-05T21:41:16.647+0000] {processor.py:830} INFO - Processing file /opt/airflow/dags/diabetes_ml_pipeline.py for tasks to queue
[2026-01-05T21:41:16.650+0000] {logging_mixin.py:188} INFO - [2026-01-05T21:41:16.648+0000] {dagbag.py:538} INFO - Filling up the DagBag from /opt/airflow/dags/diabetes_ml_pipeline.py
[2026-01-05T21:41:17.085+0000] {logging_mixin.py:188} WARNING - /home/airflow/.local/lib/python3.11/site-packages/airflow/models/baseoperator.py:437 RemovedInAirflow3Warning: provide_context is deprecated as of 2.0 and is no longer required
[2026-01-05T21:41:17.090+0000] {processor.py:840} INFO - DAG(s) 'diabetes_ml_pipeline' retrieved from /opt/airflow/dags/diabetes_ml_pipeline.py
[2026-01-05T21:41:17.124+0000] {logging_mixin.py:188} INFO - [2026-01-05T21:41:17.123+0000] {dag.py:3036} INFO - Sync 1 DAGs
[2026-01-05T21:41:17.154+0000] {logging_mixin.py:188} INFO - [2026-01-05T21:41:17.154+0000] {dag.py:3823} INFO - Setting next_dagrun for diabetes_ml_pipeline to 2026-01-05 02:00:00+00:00, run_after=2026-01-06 02:00:00+00:00
[2026-01-05T21:41:17.176+0000] {processor.py:183} INFO - Processing /opt/airflow/dags/diabetes_ml_pipeline.py took 0.537 seconds
[2026-01-05T21:41:47.574+0000] {processor.py:161} INFO - Started process (PID=4327) to work on /opt/airflow/dags/diabetes_ml_pipeline.py
[2026-01-05T21:41:47.577+0000] {processor.py:830} INFO - Processing file /opt/airflow/dags/diabetes_ml_pipeline.py for tasks to queue
[2026-01-05T21:41:47.581+0000] {logging_mixin.py:188} INFO - [2026-01-05T21:41:47.580+0000] {dagbag.py:538} INFO - Filling up the DagBag from /opt/airflow/dags/diabetes_ml_pipeline.py
[2026-01-05T21:41:48.032+0000] {logging_mixin.py:188} WARNING - /home/airflow/.local/lib/python3.11/site-packages/airflow/models/baseoperator.py:437 RemovedInAirflow3Warning: provide_context is deprecated as of 2.0 and is no longer required
[2026-01-05T21:41:48.037+0000] {processor.py:840} INFO - DAG(s) 'diabetes_ml_pipeline' retrieved from /opt/airflow/dags/diabetes_ml_pipeline.py
[2026-01-05T21:41:48.064+0000] {logging_mixin.py:188} INFO - [2026-01-05T21:41:48.064+0000] {dag.py:3036} INFO - Sync 1 DAGs
[2026-01-05T21:41:48.083+0000] {logging_mixin.py:188} INFO - [2026-01-05T21:41:48.083+0000] {dag.py:3823} INFO - Setting next_dagrun for diabetes_ml_pipeline to 2026-01-05 02:00:00+00:00, run_after=2026-01-06 02:00:00+00:00
[2026-01-05T21:41:48.103+0000] {processor.py:183} INFO - Processing /opt/airflow/dags/diabetes_ml_pipeline.py took 0.535 seconds
[2026-01-05T21:42:18.812+0000] {processor.py:161} INFO - Started process (PID=4342) to work on /opt/airflow/dags/diabetes_ml_pipeline.py
[2026-01-05T21:42:18.814+0000] {processor.py:830} INFO - Processing file /opt/airflow/dags/diabetes_ml_pipeline.py for tasks to queue
[2026-01-05T21:42:18.815+0000] {logging_mixin.py:188} INFO - [2026-01-05T21:42:18.815+0000] {dagbag.py:538} INFO - Filling up the DagBag from /opt/airflow/dags/diabetes_ml_pipeline.py
[2026-01-05T21:42:19.249+0000] {logging_mixin.py:188} WARNING - /home/airflow/.local/lib/python3.11/site-packages/airflow/models/baseoperator.py:437 RemovedInAirflow3Warning: provide_context is deprecated as of 2.0 and is no longer required
[2026-01-05T21:42:19.256+0000] {processor.py:840} INFO - DAG(s) 'diabetes_ml_pipeline' retrieved from /opt/airflow/dags/diabetes_ml_pipeline.py
[2026-01-05T21:42:19.287+0000] {logging_mixin.py:188} INFO - [2026-01-05T21:42:19.287+0000] {dag.py:3036} INFO - Sync 1 DAGs
[2026-01-05T21:42:19.307+0000] {logging_mixin.py:188} INFO - [2026-01-05T21:42:19.306+0000] {dag.py:3823} INFO - Setting next_dagrun for diabetes_ml_pipeline to 2026-01-05 02:00:00+00:00, run_after=2026-01-06 02:00:00+00:00
[2026-01-05T21:42:19.332+0000] {processor.py:183} INFO - Processing /opt/airflow/dags/diabetes_ml_pipeline.py took 0.523 seconds
[2026-01-05T21:42:49.962+0000] {processor.py:161} INFO - Started process (PID=4348) to work on /opt/airflow/dags/diabetes_ml_pipeline.py
[2026-01-05T21:42:49.968+0000] {processor.py:830} INFO - Processing file /opt/airflow/dags/diabetes_ml_pipeline.py for tasks to queue
[2026-01-05T21:42:49.973+0000] {logging_mixin.py:188} INFO - [2026-01-05T21:42:49.972+0000] {dagbag.py:538} INFO - Filling up the DagBag from /opt/airflow/dags/diabetes_ml_pipeline.py
[2026-01-05T21:42:50.481+0000] {logging_mixin.py:188} WARNING - /home/airflow/.local/lib/python3.11/site-packages/airflow/models/baseoperator.py:437 RemovedInAirflow3Warning: provide_context is deprecated as of 2.0 and is no longer required
[2026-01-05T21:42:50.486+0000] {processor.py:840} INFO - DAG(s) 'diabetes_ml_pipeline' retrieved from /opt/airflow/dags/diabetes_ml_pipeline.py
[2026-01-05T21:42:50.516+0000] {logging_mixin.py:188} INFO - [2026-01-05T21:42:50.516+0000] {dag.py:3036} INFO - Sync 1 DAGs
[2026-01-05T21:42:50.539+0000] {logging_mixin.py:188} INFO - [2026-01-05T21:42:50.538+0000] {dag.py:3823} INFO - Setting next_dagrun for diabetes_ml_pipeline to 2026-01-05 02:00:00+00:00, run_after=2026-01-06 02:00:00+00:00
[2026-01-05T21:42:50.561+0000] {processor.py:183} INFO - Processing /opt/airflow/dags/diabetes_ml_pipeline.py took 0.621 seconds
[2026-01-05T21:43:20.817+0000] {processor.py:161} INFO - Started process (PID=4360) to work on /opt/airflow/dags/diabetes_ml_pipeline.py
[2026-01-05T21:43:20.818+0000] {processor.py:830} INFO - Processing file /opt/airflow/dags/diabetes_ml_pipeline.py for tasks to queue
[2026-01-05T21:43:20.820+0000] {logging_mixin.py:188} INFO - [2026-01-05T21:43:20.819+0000] {dagbag.py:538} INFO - Filling up the DagBag from /opt/airflow/dags/diabetes_ml_pipeline.py
[2026-01-05T21:43:21.293+0000] {logging_mixin.py:188} WARNING - /home/airflow/.local/lib/python3.11/site-packages/airflow/models/baseoperator.py:437 RemovedInAirflow3Warning: provide_context is deprecated as of 2.0 and is no longer required
[2026-01-05T21:43:21.298+0000] {processor.py:840} INFO - DAG(s) 'diabetes_ml_pipeline' retrieved from /opt/airflow/dags/diabetes_ml_pipeline.py
[2026-01-05T21:43:21.328+0000] {logging_mixin.py:188} INFO - [2026-01-05T21:43:21.327+0000] {dag.py:3036} INFO - Sync 1 DAGs
[2026-01-05T21:43:21.347+0000] {logging_mixin.py:188} INFO - [2026-01-05T21:43:21.347+0000] {dag.py:3823} INFO - Setting next_dagrun for diabetes_ml_pipeline to 2026-01-05 02:00:00+00:00, run_after=2026-01-06 02:00:00+00:00
[2026-01-05T21:43:21.372+0000] {processor.py:183} INFO - Processing /opt/airflow/dags/diabetes_ml_pipeline.py took 0.559 seconds
[2026-01-05T21:43:51.516+0000] {processor.py:161} INFO - Started process (PID=4372) to work on /opt/airflow/dags/diabetes_ml_pipeline.py
[2026-01-05T21:43:51.518+0000] {processor.py:830} INFO - Processing file /opt/airflow/dags/diabetes_ml_pipeline.py for tasks to queue
[2026-01-05T21:43:51.520+0000] {logging_mixin.py:188} INFO - [2026-01-05T21:43:51.519+0000] {dagbag.py:538} INFO - Filling up the DagBag from /opt/airflow/dags/diabetes_ml_pipeline.py
[2026-01-05T21:43:51.989+0000] {logging_mixin.py:188} WARNING - /home/airflow/.local/lib/python3.11/site-packages/airflow/models/baseoperator.py:437 RemovedInAirflow3Warning: provide_context is deprecated as of 2.0 and is no longer required
[2026-01-05T21:43:51.994+0000] {processor.py:840} INFO - DAG(s) 'diabetes_ml_pipeline' retrieved from /opt/airflow/dags/diabetes_ml_pipeline.py
[2026-01-05T21:43:52.029+0000] {logging_mixin.py:188} INFO - [2026-01-05T21:43:52.028+0000] {dag.py:3036} INFO - Sync 1 DAGs
[2026-01-05T21:43:52.056+0000] {logging_mixin.py:188} INFO - [2026-01-05T21:43:52.056+0000] {dag.py:3823} INFO - Setting next_dagrun for diabetes_ml_pipeline to 2026-01-05 02:00:00+00:00, run_after=2026-01-06 02:00:00+00:00
[2026-01-05T21:43:52.082+0000] {processor.py:183} INFO - Processing /opt/airflow/dags/diabetes_ml_pipeline.py took 0.570 seconds
[2026-01-05T21:44:22.212+0000] {processor.py:161} INFO - Started process (PID=4384) to work on /opt/airflow/dags/diabetes_ml_pipeline.py
[2026-01-05T21:44:22.213+0000] {processor.py:830} INFO - Processing file /opt/airflow/dags/diabetes_ml_pipeline.py for tasks to queue
[2026-01-05T21:44:22.215+0000] {logging_mixin.py:188} INFO - [2026-01-05T21:44:22.214+0000] {dagbag.py:538} INFO - Filling up the DagBag from /opt/airflow/dags/diabetes_ml_pipeline.py
[2026-01-05T21:44:22.703+0000] {logging_mixin.py:188} WARNING - /home/airflow/.local/lib/python3.11/site-packages/airflow/models/baseoperator.py:437 RemovedInAirflow3Warning: provide_context is deprecated as of 2.0 and is no longer required
[2026-01-05T21:44:22.711+0000] {processor.py:840} INFO - DAG(s) 'diabetes_ml_pipeline' retrieved from /opt/airflow/dags/diabetes_ml_pipeline.py
[2026-01-05T21:44:22.744+0000] {logging_mixin.py:188} INFO - [2026-01-05T21:44:22.743+0000] {dag.py:3036} INFO - Sync 1 DAGs
[2026-01-05T21:44:22.784+0000] {logging_mixin.py:188} INFO - [2026-01-05T21:44:22.783+0000] {dag.py:3823} INFO - Setting next_dagrun for diabetes_ml_pipeline to 2026-01-05 02:00:00+00:00, run_after=2026-01-06 02:00:00+00:00
[2026-01-05T21:44:22.808+0000] {processor.py:183} INFO - Processing /opt/airflow/dags/diabetes_ml_pipeline.py took 0.600 seconds
[2026-01-05T21:44:52.906+0000] {processor.py:161} INFO - Started process (PID=4397) to work on /opt/airflow/dags/diabetes_ml_pipeline.py
[2026-01-05T21:44:52.908+0000] {processor.py:830} INFO - Processing file /opt/airflow/dags/diabetes_ml_pipeline.py for tasks to queue
[2026-01-05T21:44:52.910+0000] {logging_mixin.py:188} INFO - [2026-01-05T21:44:52.909+0000] {dagbag.py:538} INFO - Filling up the DagBag from /opt/airflow/dags/diabetes_ml_pipeline.py
[2026-01-05T21:44:53.362+0000] {logging_mixin.py:188} WARNING - /home/airflow/.local/lib/python3.11/site-packages/airflow/models/baseoperator.py:437 RemovedInAirflow3Warning: provide_context is deprecated as of 2.0 and is no longer required
[2026-01-05T21:44:53.368+0000] {processor.py:840} INFO - DAG(s) 'diabetes_ml_pipeline' retrieved from /opt/airflow/dags/diabetes_ml_pipeline.py
[2026-01-05T21:44:53.402+0000] {logging_mixin.py:188} INFO - [2026-01-05T21:44:53.401+0000] {dag.py:3036} INFO - Sync 1 DAGs
[2026-01-05T21:44:53.421+0000] {logging_mixin.py:188} INFO - [2026-01-05T21:44:53.420+0000] {dag.py:3823} INFO - Setting next_dagrun for diabetes_ml_pipeline to 2026-01-05 02:00:00+00:00, run_after=2026-01-06 02:00:00+00:00
[2026-01-05T21:44:53.441+0000] {processor.py:183} INFO - Processing /opt/airflow/dags/diabetes_ml_pipeline.py took 0.540 seconds
[2026-01-05T21:45:23.823+0000] {processor.py:161} INFO - Started process (PID=4409) to work on /opt/airflow/dags/diabetes_ml_pipeline.py
[2026-01-05T21:45:23.825+0000] {processor.py:830} INFO - Processing file /opt/airflow/dags/diabetes_ml_pipeline.py for tasks to queue
[2026-01-05T21:45:23.827+0000] {logging_mixin.py:188} INFO - [2026-01-05T21:45:23.827+0000] {dagbag.py:538} INFO - Filling up the DagBag from /opt/airflow/dags/diabetes_ml_pipeline.py
[2026-01-05T21:45:24.301+0000] {logging_mixin.py:188} WARNING - /home/airflow/.local/lib/python3.11/site-packages/airflow/models/baseoperator.py:437 RemovedInAirflow3Warning: provide_context is deprecated as of 2.0 and is no longer required
[2026-01-05T21:45:24.306+0000] {processor.py:840} INFO - DAG(s) 'diabetes_ml_pipeline' retrieved from /opt/airflow/dags/diabetes_ml_pipeline.py
[2026-01-05T21:45:24.334+0000] {logging_mixin.py:188} INFO - [2026-01-05T21:45:24.334+0000] {dag.py:3036} INFO - Sync 1 DAGs
[2026-01-05T21:45:24.355+0000] {logging_mixin.py:188} INFO - [2026-01-05T21:45:24.354+0000] {dag.py:3823} INFO - Setting next_dagrun for diabetes_ml_pipeline to 2026-01-05 02:00:00+00:00, run_after=2026-01-06 02:00:00+00:00
[2026-01-05T21:45:24.378+0000] {processor.py:183} INFO - Processing /opt/airflow/dags/diabetes_ml_pipeline.py took 0.561 seconds
[2026-01-05T21:45:55.091+0000] {processor.py:161} INFO - Started process (PID=4421) to work on /opt/airflow/dags/diabetes_ml_pipeline.py
[2026-01-05T21:45:55.106+0000] {processor.py:830} INFO - Processing file /opt/airflow/dags/diabetes_ml_pipeline.py for tasks to queue
[2026-01-05T21:45:55.122+0000] {logging_mixin.py:188} INFO - [2026-01-05T21:45:55.118+0000] {dagbag.py:538} INFO - Filling up the DagBag from /opt/airflow/dags/diabetes_ml_pipeline.py
[2026-01-05T21:45:55.616+0000] {logging_mixin.py:188} WARNING - /home/airflow/.local/lib/python3.11/site-packages/airflow/models/baseoperator.py:437 RemovedInAirflow3Warning: provide_context is deprecated as of 2.0 and is no longer required
[2026-01-05T21:45:55.623+0000] {processor.py:840} INFO - DAG(s) 'diabetes_ml_pipeline' retrieved from /opt/airflow/dags/diabetes_ml_pipeline.py
[2026-01-05T21:45:55.668+0000] {logging_mixin.py:188} INFO - [2026-01-05T21:45:55.667+0000] {dag.py:3036} INFO - Sync 1 DAGs
[2026-01-05T21:45:55.694+0000] {logging_mixin.py:188} INFO - [2026-01-05T21:45:55.694+0000] {dag.py:3823} INFO - Setting next_dagrun for diabetes_ml_pipeline to 2026-01-05 02:00:00+00:00, run_after=2026-01-06 02:00:00+00:00
[2026-01-05T21:45:55.734+0000] {processor.py:183} INFO - Processing /opt/airflow/dags/diabetes_ml_pipeline.py took 0.664 seconds
[2026-01-05T21:46:26.206+0000] {processor.py:161} INFO - Started process (PID=4433) to work on /opt/airflow/dags/diabetes_ml_pipeline.py
[2026-01-05T21:46:26.208+0000] {processor.py:830} INFO - Processing file /opt/airflow/dags/diabetes_ml_pipeline.py for tasks to queue
[2026-01-05T21:46:26.210+0000] {logging_mixin.py:188} INFO - [2026-01-05T21:46:26.209+0000] {dagbag.py:538} INFO - Filling up the DagBag from /opt/airflow/dags/diabetes_ml_pipeline.py
[2026-01-05T21:46:26.684+0000] {logging_mixin.py:188} WARNING - /home/airflow/.local/lib/python3.11/site-packages/airflow/models/baseoperator.py:437 RemovedInAirflow3Warning: provide_context is deprecated as of 2.0 and is no longer required
[2026-01-05T21:46:26.690+0000] {processor.py:840} INFO - DAG(s) 'diabetes_ml_pipeline' retrieved from /opt/airflow/dags/diabetes_ml_pipeline.py
[2026-01-05T21:46:26.722+0000] {logging_mixin.py:188} INFO - [2026-01-05T21:46:26.721+0000] {dag.py:3036} INFO - Sync 1 DAGs
[2026-01-05T21:46:26.744+0000] {logging_mixin.py:188} INFO - [2026-01-05T21:46:26.744+0000] {dag.py:3823} INFO - Setting next_dagrun for diabetes_ml_pipeline to 2026-01-05 02:00:00+00:00, run_after=2026-01-06 02:00:00+00:00
[2026-01-05T21:46:26.776+0000] {processor.py:183} INFO - Processing /opt/airflow/dags/diabetes_ml_pipeline.py took 0.574 seconds
[2026-01-05T21:46:57.064+0000] {processor.py:161} INFO - Started process (PID=4445) to work on /opt/airflow/dags/diabetes_ml_pipeline.py
[2026-01-05T21:46:57.065+0000] {processor.py:830} INFO - Processing file /opt/airflow/dags/diabetes_ml_pipeline.py for tasks to queue
[2026-01-05T21:46:57.066+0000] {logging_mixin.py:188} INFO - [2026-01-05T21:46:57.066+0000] {dagbag.py:538} INFO - Filling up the DagBag from /opt/airflow/dags/diabetes_ml_pipeline.py
[2026-01-05T21:46:57.568+0000] {logging_mixin.py:188} WARNING - /home/airflow/.local/lib/python3.11/site-packages/airflow/models/baseoperator.py:437 RemovedInAirflow3Warning: provide_context is deprecated as of 2.0 and is no longer required
[2026-01-05T21:46:57.572+0000] {processor.py:840} INFO - DAG(s) 'diabetes_ml_pipeline' retrieved from /opt/airflow/dags/diabetes_ml_pipeline.py
[2026-01-05T21:46:57.599+0000] {logging_mixin.py:188} INFO - [2026-01-05T21:46:57.598+0000] {dag.py:3036} INFO - Sync 1 DAGs
[2026-01-05T21:46:57.618+0000] {logging_mixin.py:188} INFO - [2026-01-05T21:46:57.618+0000] {dag.py:3823} INFO - Setting next_dagrun for diabetes_ml_pipeline to 2026-01-05 02:00:00+00:00, run_after=2026-01-06 02:00:00+00:00
[2026-01-05T21:46:57.639+0000] {processor.py:183} INFO - Processing /opt/airflow/dags/diabetes_ml_pipeline.py took 0.579 seconds
[2026-01-05T21:47:28.413+0000] {processor.py:161} INFO - Started process (PID=4460) to work on /opt/airflow/dags/diabetes_ml_pipeline.py
[2026-01-05T21:47:28.415+0000] {processor.py:830} INFO - Processing file /opt/airflow/dags/diabetes_ml_pipeline.py for tasks to queue
[2026-01-05T21:47:28.417+0000] {logging_mixin.py:188} INFO - [2026-01-05T21:47:28.417+0000] {dagbag.py:538} INFO - Filling up the DagBag from /opt/airflow/dags/diabetes_ml_pipeline.py
[2026-01-05T21:47:28.882+0000] {logging_mixin.py:188} WARNING - /home/airflow/.local/lib/python3.11/site-packages/airflow/models/baseoperator.py:437 RemovedInAirflow3Warning: provide_context is deprecated as of 2.0 and is no longer required
[2026-01-05T21:47:28.887+0000] {processor.py:840} INFO - DAG(s) 'diabetes_ml_pipeline' retrieved from /opt/airflow/dags/diabetes_ml_pipeline.py
[2026-01-05T21:47:28.913+0000] {logging_mixin.py:188} INFO - [2026-01-05T21:47:28.913+0000] {dag.py:3036} INFO - Sync 1 DAGs
[2026-01-05T21:47:28.933+0000] {logging_mixin.py:188} INFO - [2026-01-05T21:47:28.932+0000] {dag.py:3823} INFO - Setting next_dagrun for diabetes_ml_pipeline to 2026-01-05 02:00:00+00:00, run_after=2026-01-06 02:00:00+00:00
[2026-01-05T21:47:28.976+0000] {processor.py:183} INFO - Processing /opt/airflow/dags/diabetes_ml_pipeline.py took 0.567 seconds
[2026-01-05T21:47:59.384+0000] {processor.py:161} INFO - Started process (PID=4472) to work on /opt/airflow/dags/diabetes_ml_pipeline.py
[2026-01-05T21:47:59.386+0000] {processor.py:830} INFO - Processing file /opt/airflow/dags/diabetes_ml_pipeline.py for tasks to queue
[2026-01-05T21:47:59.388+0000] {logging_mixin.py:188} INFO - [2026-01-05T21:47:59.387+0000] {dagbag.py:538} INFO - Filling up the DagBag from /opt/airflow/dags/diabetes_ml_pipeline.py
[2026-01-05T21:47:59.825+0000] {logging_mixin.py:188} WARNING - /home/airflow/.local/lib/python3.11/site-packages/airflow/models/baseoperator.py:437 RemovedInAirflow3Warning: provide_context is deprecated as of 2.0 and is no longer required
[2026-01-05T21:47:59.830+0000] {processor.py:840} INFO - DAG(s) 'diabetes_ml_pipeline' retrieved from /opt/airflow/dags/diabetes_ml_pipeline.py
[2026-01-05T21:47:59.861+0000] {logging_mixin.py:188} INFO - [2026-01-05T21:47:59.861+0000] {dag.py:3036} INFO - Sync 1 DAGs
[2026-01-05T21:47:59.883+0000] {logging_mixin.py:188} INFO - [2026-01-05T21:47:59.882+0000] {dag.py:3823} INFO - Setting next_dagrun for diabetes_ml_pipeline to 2026-01-05 02:00:00+00:00, run_after=2026-01-06 02:00:00+00:00
[2026-01-05T21:47:59.909+0000] {processor.py:183} INFO - Processing /opt/airflow/dags/diabetes_ml_pipeline.py took 0.529 seconds
[2026-01-05T21:48:30.240+0000] {processor.py:161} INFO - Started process (PID=4484) to work on /opt/airflow/dags/diabetes_ml_pipeline.py
[2026-01-05T21:48:30.243+0000] {processor.py:830} INFO - Processing file /opt/airflow/dags/diabetes_ml_pipeline.py for tasks to queue
[2026-01-05T21:48:30.244+0000] {logging_mixin.py:188} INFO - [2026-01-05T21:48:30.244+0000] {dagbag.py:538} INFO - Filling up the DagBag from /opt/airflow/dags/diabetes_ml_pipeline.py
[2026-01-05T21:48:30.747+0000] {logging_mixin.py:188} WARNING - /home/airflow/.local/lib/python3.11/site-packages/airflow/models/baseoperator.py:437 RemovedInAirflow3Warning: provide_context is deprecated as of 2.0 and is no longer required
[2026-01-05T21:48:30.753+0000] {processor.py:840} INFO - DAG(s) 'diabetes_ml_pipeline' retrieved from /opt/airflow/dags/diabetes_ml_pipeline.py
[2026-01-05T21:48:30.784+0000] {logging_mixin.py:188} INFO - [2026-01-05T21:48:30.784+0000] {dag.py:3036} INFO - Sync 1 DAGs
[2026-01-05T21:48:30.805+0000] {logging_mixin.py:188} INFO - [2026-01-05T21:48:30.805+0000] {dag.py:3823} INFO - Setting next_dagrun for diabetes_ml_pipeline to 2026-01-05 02:00:00+00:00, run_after=2026-01-06 02:00:00+00:00
[2026-01-05T21:48:30.828+0000] {processor.py:183} INFO - Processing /opt/airflow/dags/diabetes_ml_pipeline.py took 0.595 seconds
[2026-01-05T21:49:01.294+0000] {processor.py:161} INFO - Started process (PID=4496) to work on /opt/airflow/dags/diabetes_ml_pipeline.py
[2026-01-05T21:49:01.295+0000] {processor.py:830} INFO - Processing file /opt/airflow/dags/diabetes_ml_pipeline.py for tasks to queue
[2026-01-05T21:49:01.298+0000] {logging_mixin.py:188} INFO - [2026-01-05T21:49:01.297+0000] {dagbag.py:538} INFO - Filling up the DagBag from /opt/airflow/dags/diabetes_ml_pipeline.py
[2026-01-05T21:49:01.901+0000] {logging_mixin.py:188} WARNING - /home/airflow/.local/lib/python3.11/site-packages/airflow/models/baseoperator.py:437 RemovedInAirflow3Warning: provide_context is deprecated as of 2.0 and is no longer required
[2026-01-05T21:49:01.909+0000] {processor.py:840} INFO - DAG(s) 'diabetes_ml_pipeline' retrieved from /opt/airflow/dags/diabetes_ml_pipeline.py
[2026-01-05T21:49:01.942+0000] {logging_mixin.py:188} INFO - [2026-01-05T21:49:01.941+0000] {dag.py:3036} INFO - Sync 1 DAGs
[2026-01-05T21:49:01.965+0000] {logging_mixin.py:188} INFO - [2026-01-05T21:49:01.965+0000] {dag.py:3823} INFO - Setting next_dagrun for diabetes_ml_pipeline to 2026-01-05 02:00:00+00:00, run_after=2026-01-06 02:00:00+00:00
[2026-01-05T21:49:01.994+0000] {processor.py:183} INFO - Processing /opt/airflow/dags/diabetes_ml_pipeline.py took 0.705 seconds
[2026-01-05T21:49:32.239+0000] {processor.py:161} INFO - Started process (PID=4508) to work on /opt/airflow/dags/diabetes_ml_pipeline.py
[2026-01-05T21:49:32.242+0000] {processor.py:830} INFO - Processing file /opt/airflow/dags/diabetes_ml_pipeline.py for tasks to queue
[2026-01-05T21:49:32.245+0000] {logging_mixin.py:188} INFO - [2026-01-05T21:49:32.244+0000] {dagbag.py:538} INFO - Filling up the DagBag from /opt/airflow/dags/diabetes_ml_pipeline.py
[2026-01-05T21:49:32.781+0000] {logging_mixin.py:188} WARNING - /home/airflow/.local/lib/python3.11/site-packages/airflow/models/baseoperator.py:437 RemovedInAirflow3Warning: provide_context is deprecated as of 2.0 and is no longer required
[2026-01-05T21:49:32.787+0000] {processor.py:840} INFO - DAG(s) 'diabetes_ml_pipeline' retrieved from /opt/airflow/dags/diabetes_ml_pipeline.py
[2026-01-05T21:49:32.832+0000] {logging_mixin.py:188} INFO - [2026-01-05T21:49:32.832+0000] {dag.py:3036} INFO - Sync 1 DAGs
[2026-01-05T21:49:32.883+0000] {logging_mixin.py:188} INFO - [2026-01-05T21:49:32.883+0000] {dag.py:3823} INFO - Setting next_dagrun for diabetes_ml_pipeline to 2026-01-05 02:00:00+00:00, run_after=2026-01-06 02:00:00+00:00
[2026-01-05T21:49:32.930+0000] {processor.py:183} INFO - Processing /opt/airflow/dags/diabetes_ml_pipeline.py took 0.707 seconds
[2026-01-05T21:50:03.445+0000] {processor.py:161} INFO - Started process (PID=4520) to work on /opt/airflow/dags/diabetes_ml_pipeline.py
[2026-01-05T21:50:03.446+0000] {processor.py:830} INFO - Processing file /opt/airflow/dags/diabetes_ml_pipeline.py for tasks to queue
[2026-01-05T21:50:03.448+0000] {logging_mixin.py:188} INFO - [2026-01-05T21:50:03.448+0000] {dagbag.py:538} INFO - Filling up the DagBag from /opt/airflow/dags/diabetes_ml_pipeline.py
[2026-01-05T21:50:03.939+0000] {logging_mixin.py:188} WARNING - /home/airflow/.local/lib/python3.11/site-packages/airflow/models/baseoperator.py:437 RemovedInAirflow3Warning: provide_context is deprecated as of 2.0 and is no longer required
[2026-01-05T21:50:03.945+0000] {processor.py:840} INFO - DAG(s) 'diabetes_ml_pipeline' retrieved from /opt/airflow/dags/diabetes_ml_pipeline.py
[2026-01-05T21:50:03.976+0000] {logging_mixin.py:188} INFO - [2026-01-05T21:50:03.976+0000] {dag.py:3036} INFO - Sync 1 DAGs
[2026-01-05T21:50:03.997+0000] {logging_mixin.py:188} INFO - [2026-01-05T21:50:03.997+0000] {dag.py:3823} INFO - Setting next_dagrun for diabetes_ml_pipeline to 2026-01-05 02:00:00+00:00, run_after=2026-01-06 02:00:00+00:00
[2026-01-05T21:50:04.026+0000] {processor.py:183} INFO - Processing /opt/airflow/dags/diabetes_ml_pipeline.py took 0.585 seconds
[2026-01-05T21:50:34.174+0000] {processor.py:161} INFO - Started process (PID=4532) to work on /opt/airflow/dags/diabetes_ml_pipeline.py
[2026-01-05T21:50:34.180+0000] {processor.py:830} INFO - Processing file /opt/airflow/dags/diabetes_ml_pipeline.py for tasks to queue
[2026-01-05T21:50:34.184+0000] {logging_mixin.py:188} INFO - [2026-01-05T21:50:34.183+0000] {dagbag.py:538} INFO - Filling up the DagBag from /opt/airflow/dags/diabetes_ml_pipeline.py
[2026-01-05T21:50:34.833+0000] {logging_mixin.py:188} WARNING - /home/airflow/.local/lib/python3.11/site-packages/airflow/models/baseoperator.py:437 RemovedInAirflow3Warning: provide_context is deprecated as of 2.0 and is no longer required
[2026-01-05T21:50:34.838+0000] {processor.py:840} INFO - DAG(s) 'diabetes_ml_pipeline' retrieved from /opt/airflow/dags/diabetes_ml_pipeline.py
[2026-01-05T21:50:34.871+0000] {logging_mixin.py:188} INFO - [2026-01-05T21:50:34.870+0000] {dag.py:3036} INFO - Sync 1 DAGs
[2026-01-05T21:50:34.896+0000] {logging_mixin.py:188} INFO - [2026-01-05T21:50:34.895+0000] {dag.py:3823} INFO - Setting next_dagrun for diabetes_ml_pipeline to 2026-01-05 02:00:00+00:00, run_after=2026-01-06 02:00:00+00:00
[2026-01-05T21:50:34.931+0000] {processor.py:183} INFO - Processing /opt/airflow/dags/diabetes_ml_pipeline.py took 0.771 seconds
[2026-01-05T21:51:05.270+0000] {processor.py:161} INFO - Started process (PID=4544) to work on /opt/airflow/dags/diabetes_ml_pipeline.py
[2026-01-05T21:51:05.272+0000] {processor.py:830} INFO - Processing file /opt/airflow/dags/diabetes_ml_pipeline.py for tasks to queue
[2026-01-05T21:51:05.273+0000] {logging_mixin.py:188} INFO - [2026-01-05T21:51:05.273+0000] {dagbag.py:538} INFO - Filling up the DagBag from /opt/airflow/dags/diabetes_ml_pipeline.py
[2026-01-05T21:51:06.171+0000] {logging_mixin.py:188} WARNING - /home/airflow/.local/lib/python3.11/site-packages/airflow/models/baseoperator.py:437 RemovedInAirflow3Warning: provide_context is deprecated as of 2.0 and is no longer required
[2026-01-05T21:51:06.184+0000] {processor.py:840} INFO - DAG(s) 'diabetes_ml_pipeline' retrieved from /opt/airflow/dags/diabetes_ml_pipeline.py
[2026-01-05T21:51:06.238+0000] {logging_mixin.py:188} INFO - [2026-01-05T21:51:06.237+0000] {dag.py:3036} INFO - Sync 1 DAGs
[2026-01-05T21:51:06.290+0000] {logging_mixin.py:188} INFO - [2026-01-05T21:51:06.290+0000] {dag.py:3823} INFO - Setting next_dagrun for diabetes_ml_pipeline to 2026-01-05 02:00:00+00:00, run_after=2026-01-06 02:00:00+00:00
[2026-01-05T21:51:06.347+0000] {processor.py:183} INFO - Processing /opt/airflow/dags/diabetes_ml_pipeline.py took 1.082 seconds
[2026-01-05T21:51:36.861+0000] {processor.py:161} INFO - Started process (PID=4556) to work on /opt/airflow/dags/diabetes_ml_pipeline.py
[2026-01-05T21:51:36.862+0000] {processor.py:830} INFO - Processing file /opt/airflow/dags/diabetes_ml_pipeline.py for tasks to queue
[2026-01-05T21:51:36.865+0000] {logging_mixin.py:188} INFO - [2026-01-05T21:51:36.864+0000] {dagbag.py:538} INFO - Filling up the DagBag from /opt/airflow/dags/diabetes_ml_pipeline.py
[2026-01-05T21:51:37.376+0000] {logging_mixin.py:188} WARNING - /home/airflow/.local/lib/python3.11/site-packages/airflow/models/baseoperator.py:437 RemovedInAirflow3Warning: provide_context is deprecated as of 2.0 and is no longer required
[2026-01-05T21:51:37.384+0000] {processor.py:840} INFO - DAG(s) 'diabetes_ml_pipeline' retrieved from /opt/airflow/dags/diabetes_ml_pipeline.py
[2026-01-05T21:51:37.440+0000] {logging_mixin.py:188} INFO - [2026-01-05T21:51:37.440+0000] {dag.py:3036} INFO - Sync 1 DAGs
[2026-01-05T21:51:37.477+0000] {logging_mixin.py:188} INFO - [2026-01-05T21:51:37.477+0000] {dag.py:3823} INFO - Setting next_dagrun for diabetes_ml_pipeline to 2026-01-05 02:00:00+00:00, run_after=2026-01-06 02:00:00+00:00
[2026-01-05T21:51:37.515+0000] {processor.py:183} INFO - Processing /opt/airflow/dags/diabetes_ml_pipeline.py took 0.660 seconds
[2026-01-05T21:52:07.998+0000] {processor.py:161} INFO - Started process (PID=4568) to work on /opt/airflow/dags/diabetes_ml_pipeline.py
[2026-01-05T21:52:08.000+0000] {processor.py:830} INFO - Processing file /opt/airflow/dags/diabetes_ml_pipeline.py for tasks to queue
[2026-01-05T21:52:08.001+0000] {logging_mixin.py:188} INFO - [2026-01-05T21:52:08.001+0000] {dagbag.py:538} INFO - Filling up the DagBag from /opt/airflow/dags/diabetes_ml_pipeline.py
[2026-01-05T21:52:08.351+0000] {logging_mixin.py:188} WARNING - /home/airflow/.local/lib/python3.11/site-packages/airflow/models/baseoperator.py:437 RemovedInAirflow3Warning: provide_context is deprecated as of 2.0 and is no longer required
[2026-01-05T21:52:08.358+0000] {processor.py:840} INFO - DAG(s) 'diabetes_ml_pipeline' retrieved from /opt/airflow/dags/diabetes_ml_pipeline.py
[2026-01-05T21:52:08.398+0000] {logging_mixin.py:188} INFO - [2026-01-05T21:52:08.397+0000] {dag.py:3036} INFO - Sync 1 DAGs
[2026-01-05T21:52:08.427+0000] {logging_mixin.py:188} INFO - [2026-01-05T21:52:08.427+0000] {dag.py:3823} INFO - Setting next_dagrun for diabetes_ml_pipeline to 2026-01-05 02:00:00+00:00, run_after=2026-01-06 02:00:00+00:00
[2026-01-05T21:52:08.456+0000] {processor.py:183} INFO - Processing /opt/airflow/dags/diabetes_ml_pipeline.py took 0.461 seconds
[2026-01-05T21:52:38.536+0000] {processor.py:161} INFO - Started process (PID=4583) to work on /opt/airflow/dags/diabetes_ml_pipeline.py
[2026-01-05T21:52:38.538+0000] {processor.py:830} INFO - Processing file /opt/airflow/dags/diabetes_ml_pipeline.py for tasks to queue
[2026-01-05T21:52:38.540+0000] {logging_mixin.py:188} INFO - [2026-01-05T21:52:38.539+0000] {dagbag.py:538} INFO - Filling up the DagBag from /opt/airflow/dags/diabetes_ml_pipeline.py
[2026-01-05T21:52:38.859+0000] {logging_mixin.py:188} WARNING - /home/airflow/.local/lib/python3.11/site-packages/airflow/models/baseoperator.py:437 RemovedInAirflow3Warning: provide_context is deprecated as of 2.0 and is no longer required
[2026-01-05T21:52:38.865+0000] {processor.py:840} INFO - DAG(s) 'diabetes_ml_pipeline' retrieved from /opt/airflow/dags/diabetes_ml_pipeline.py
[2026-01-05T21:52:38.899+0000] {logging_mixin.py:188} INFO - [2026-01-05T21:52:38.898+0000] {dag.py:3036} INFO - Sync 1 DAGs
[2026-01-05T21:52:38.921+0000] {logging_mixin.py:188} INFO - [2026-01-05T21:52:38.920+0000] {dag.py:3823} INFO - Setting next_dagrun for diabetes_ml_pipeline to 2026-01-05 02:00:00+00:00, run_after=2026-01-06 02:00:00+00:00
[2026-01-05T21:52:38.945+0000] {processor.py:183} INFO - Processing /opt/airflow/dags/diabetes_ml_pipeline.py took 0.413 seconds
[2026-01-05T21:53:09.330+0000] {processor.py:161} INFO - Started process (PID=4596) to work on /opt/airflow/dags/diabetes_ml_pipeline.py
[2026-01-05T21:53:09.334+0000] {processor.py:830} INFO - Processing file /opt/airflow/dags/diabetes_ml_pipeline.py for tasks to queue
[2026-01-05T21:53:09.337+0000] {logging_mixin.py:188} INFO - [2026-01-05T21:53:09.336+0000] {dagbag.py:538} INFO - Filling up the DagBag from /opt/airflow/dags/diabetes_ml_pipeline.py
[2026-01-05T21:53:09.680+0000] {logging_mixin.py:188} WARNING - /home/airflow/.local/lib/python3.11/site-packages/airflow/models/baseoperator.py:437 RemovedInAirflow3Warning: provide_context is deprecated as of 2.0 and is no longer required
[2026-01-05T21:53:09.686+0000] {processor.py:840} INFO - DAG(s) 'diabetes_ml_pipeline' retrieved from /opt/airflow/dags/diabetes_ml_pipeline.py
[2026-01-05T21:53:09.716+0000] {logging_mixin.py:188} INFO - [2026-01-05T21:53:09.716+0000] {dag.py:3036} INFO - Sync 1 DAGs
[2026-01-05T21:53:09.735+0000] {logging_mixin.py:188} INFO - [2026-01-05T21:53:09.735+0000] {dag.py:3823} INFO - Setting next_dagrun for diabetes_ml_pipeline to 2026-01-05 02:00:00+00:00, run_after=2026-01-06 02:00:00+00:00
[2026-01-05T21:53:09.758+0000] {processor.py:183} INFO - Processing /opt/airflow/dags/diabetes_ml_pipeline.py took 0.435 seconds
[2026-01-05T21:53:39.834+0000] {processor.py:161} INFO - Started process (PID=4608) to work on /opt/airflow/dags/diabetes_ml_pipeline.py
[2026-01-05T21:53:39.835+0000] {processor.py:830} INFO - Processing file /opt/airflow/dags/diabetes_ml_pipeline.py for tasks to queue
[2026-01-05T21:53:39.836+0000] {logging_mixin.py:188} INFO - [2026-01-05T21:53:39.836+0000] {dagbag.py:538} INFO - Filling up the DagBag from /opt/airflow/dags/diabetes_ml_pipeline.py
[2026-01-05T21:53:40.143+0000] {logging_mixin.py:188} WARNING - /home/airflow/.local/lib/python3.11/site-packages/airflow/models/baseoperator.py:437 RemovedInAirflow3Warning: provide_context is deprecated as of 2.0 and is no longer required
[2026-01-05T21:53:40.148+0000] {processor.py:840} INFO - DAG(s) 'diabetes_ml_pipeline' retrieved from /opt/airflow/dags/diabetes_ml_pipeline.py
[2026-01-05T21:53:40.181+0000] {logging_mixin.py:188} INFO - [2026-01-05T21:53:40.180+0000] {dag.py:3036} INFO - Sync 1 DAGs
[2026-01-05T21:53:40.203+0000] {logging_mixin.py:188} INFO - [2026-01-05T21:53:40.203+0000] {dag.py:3823} INFO - Setting next_dagrun for diabetes_ml_pipeline to 2026-01-05 02:00:00+00:00, run_after=2026-01-06 02:00:00+00:00
[2026-01-05T21:53:40.226+0000] {processor.py:183} INFO - Processing /opt/airflow/dags/diabetes_ml_pipeline.py took 0.397 seconds
[2026-01-05T21:54:10.728+0000] {processor.py:161} INFO - Started process (PID=4614) to work on /opt/airflow/dags/diabetes_ml_pipeline.py
[2026-01-05T21:54:10.729+0000] {processor.py:830} INFO - Processing file /opt/airflow/dags/diabetes_ml_pipeline.py for tasks to queue
[2026-01-05T21:54:10.731+0000] {logging_mixin.py:188} INFO - [2026-01-05T21:54:10.730+0000] {dagbag.py:538} INFO - Filling up the DagBag from /opt/airflow/dags/diabetes_ml_pipeline.py
[2026-01-05T21:54:11.049+0000] {logging_mixin.py:188} WARNING - /home/airflow/.local/lib/python3.11/site-packages/airflow/models/baseoperator.py:437 RemovedInAirflow3Warning: provide_context is deprecated as of 2.0 and is no longer required
[2026-01-05T21:54:11.055+0000] {processor.py:840} INFO - DAG(s) 'diabetes_ml_pipeline' retrieved from /opt/airflow/dags/diabetes_ml_pipeline.py
[2026-01-05T21:54:11.091+0000] {logging_mixin.py:188} INFO - [2026-01-05T21:54:11.091+0000] {dag.py:3036} INFO - Sync 1 DAGs
[2026-01-05T21:54:11.113+0000] {logging_mixin.py:188} INFO - [2026-01-05T21:54:11.113+0000] {dag.py:3823} INFO - Setting next_dagrun for diabetes_ml_pipeline to 2026-01-05 02:00:00+00:00, run_after=2026-01-06 02:00:00+00:00
[2026-01-05T21:54:11.141+0000] {processor.py:183} INFO - Processing /opt/airflow/dags/diabetes_ml_pipeline.py took 0.416 seconds
[2026-01-05T21:54:42.877+0000] {processor.py:161} INFO - Started process (PID=4627) to work on /opt/airflow/dags/diabetes_ml_pipeline.py
[2026-01-05T21:54:42.887+0000] {processor.py:830} INFO - Processing file /opt/airflow/dags/diabetes_ml_pipeline.py for tasks to queue
[2026-01-05T21:54:42.898+0000] {logging_mixin.py:188} INFO - [2026-01-05T21:54:42.897+0000] {dagbag.py:538} INFO - Filling up the DagBag from /opt/airflow/dags/diabetes_ml_pipeline.py
[2026-01-05T21:54:43.402+0000] {logging_mixin.py:188} WARNING - /home/airflow/.local/lib/python3.11/site-packages/airflow/models/baseoperator.py:437 RemovedInAirflow3Warning: provide_context is deprecated as of 2.0 and is no longer required
[2026-01-05T21:54:43.411+0000] {processor.py:840} INFO - DAG(s) 'diabetes_ml_pipeline' retrieved from /opt/airflow/dags/diabetes_ml_pipeline.py
[2026-01-05T21:54:43.455+0000] {logging_mixin.py:188} INFO - [2026-01-05T21:54:43.454+0000] {dag.py:3036} INFO - Sync 1 DAGs
[2026-01-05T21:54:43.486+0000] {logging_mixin.py:188} INFO - [2026-01-05T21:54:43.485+0000] {dag.py:3823} INFO - Setting next_dagrun for diabetes_ml_pipeline to 2026-01-05 02:00:00+00:00, run_after=2026-01-06 02:00:00+00:00
[2026-01-05T21:54:43.519+0000] {processor.py:183} INFO - Processing /opt/airflow/dags/diabetes_ml_pipeline.py took 0.647 seconds
[2026-01-05T21:55:13.741+0000] {processor.py:161} INFO - Started process (PID=4639) to work on /opt/airflow/dags/diabetes_ml_pipeline.py
[2026-01-05T21:55:13.744+0000] {processor.py:830} INFO - Processing file /opt/airflow/dags/diabetes_ml_pipeline.py for tasks to queue
[2026-01-05T21:55:13.746+0000] {logging_mixin.py:188} INFO - [2026-01-05T21:55:13.746+0000] {dagbag.py:538} INFO - Filling up the DagBag from /opt/airflow/dags/diabetes_ml_pipeline.py
[2026-01-05T21:55:14.072+0000] {logging_mixin.py:188} WARNING - /home/airflow/.local/lib/python3.11/site-packages/airflow/models/baseoperator.py:437 RemovedInAirflow3Warning: provide_context is deprecated as of 2.0 and is no longer required
[2026-01-05T21:55:14.078+0000] {processor.py:840} INFO - DAG(s) 'diabetes_ml_pipeline' retrieved from /opt/airflow/dags/diabetes_ml_pipeline.py
[2026-01-05T21:55:14.111+0000] {logging_mixin.py:188} INFO - [2026-01-05T21:55:14.111+0000] {dag.py:3036} INFO - Sync 1 DAGs
[2026-01-05T21:55:14.134+0000] {logging_mixin.py:188} INFO - [2026-01-05T21:55:14.134+0000] {dag.py:3823} INFO - Setting next_dagrun for diabetes_ml_pipeline to 2026-01-05 02:00:00+00:00, run_after=2026-01-06 02:00:00+00:00
[2026-01-05T21:55:14.156+0000] {processor.py:183} INFO - Processing /opt/airflow/dags/diabetes_ml_pipeline.py took 0.424 seconds
[2026-01-05T21:55:44.328+0000] {processor.py:161} INFO - Started process (PID=4651) to work on /opt/airflow/dags/diabetes_ml_pipeline.py
[2026-01-05T21:55:44.330+0000] {processor.py:830} INFO - Processing file /opt/airflow/dags/diabetes_ml_pipeline.py for tasks to queue
[2026-01-05T21:55:44.332+0000] {logging_mixin.py:188} INFO - [2026-01-05T21:55:44.331+0000] {dagbag.py:538} INFO - Filling up the DagBag from /opt/airflow/dags/diabetes_ml_pipeline.py
[2026-01-05T21:55:44.644+0000] {logging_mixin.py:188} WARNING - /home/airflow/.local/lib/python3.11/site-packages/airflow/models/baseoperator.py:437 RemovedInAirflow3Warning: provide_context is deprecated as of 2.0 and is no longer required
[2026-01-05T21:55:44.650+0000] {processor.py:840} INFO - DAG(s) 'diabetes_ml_pipeline' retrieved from /opt/airflow/dags/diabetes_ml_pipeline.py
[2026-01-05T21:55:44.690+0000] {logging_mixin.py:188} INFO - [2026-01-05T21:55:44.690+0000] {dag.py:3036} INFO - Sync 1 DAGs
[2026-01-05T21:55:44.714+0000] {logging_mixin.py:188} INFO - [2026-01-05T21:55:44.714+0000] {dag.py:3823} INFO - Setting next_dagrun for diabetes_ml_pipeline to 2026-01-05 02:00:00+00:00, run_after=2026-01-06 02:00:00+00:00
[2026-01-05T21:55:44.738+0000] {processor.py:183} INFO - Processing /opt/airflow/dags/diabetes_ml_pipeline.py took 0.413 seconds
[2026-01-05T21:56:14.953+0000] {processor.py:161} INFO - Started process (PID=4663) to work on /opt/airflow/dags/diabetes_ml_pipeline.py
[2026-01-05T21:56:14.955+0000] {processor.py:830} INFO - Processing file /opt/airflow/dags/diabetes_ml_pipeline.py for tasks to queue
[2026-01-05T21:56:14.956+0000] {logging_mixin.py:188} INFO - [2026-01-05T21:56:14.956+0000] {dagbag.py:538} INFO - Filling up the DagBag from /opt/airflow/dags/diabetes_ml_pipeline.py
[2026-01-05T21:56:15.319+0000] {logging_mixin.py:188} WARNING - /home/airflow/.local/lib/python3.11/site-packages/airflow/models/baseoperator.py:437 RemovedInAirflow3Warning: provide_context is deprecated as of 2.0 and is no longer required
[2026-01-05T21:56:15.327+0000] {processor.py:840} INFO - DAG(s) 'diabetes_ml_pipeline' retrieved from /opt/airflow/dags/diabetes_ml_pipeline.py
[2026-01-05T21:56:15.376+0000] {logging_mixin.py:188} INFO - [2026-01-05T21:56:15.376+0000] {dag.py:3036} INFO - Sync 1 DAGs
[2026-01-05T21:56:15.402+0000] {logging_mixin.py:188} INFO - [2026-01-05T21:56:15.402+0000] {dag.py:3823} INFO - Setting next_dagrun for diabetes_ml_pipeline to 2026-01-05 02:00:00+00:00, run_after=2026-01-06 02:00:00+00:00
[2026-01-05T21:56:15.439+0000] {processor.py:183} INFO - Processing /opt/airflow/dags/diabetes_ml_pipeline.py took 0.491 seconds
[2026-01-05T21:56:45.891+0000] {processor.py:161} INFO - Started process (PID=4675) to work on /opt/airflow/dags/diabetes_ml_pipeline.py
[2026-01-05T21:56:45.894+0000] {processor.py:830} INFO - Processing file /opt/airflow/dags/diabetes_ml_pipeline.py for tasks to queue
[2026-01-05T21:56:45.898+0000] {logging_mixin.py:188} INFO - [2026-01-05T21:56:45.896+0000] {dagbag.py:538} INFO - Filling up the DagBag from /opt/airflow/dags/diabetes_ml_pipeline.py
[2026-01-05T21:56:46.314+0000] {logging_mixin.py:188} WARNING - /home/airflow/.local/lib/python3.11/site-packages/airflow/models/baseoperator.py:437 RemovedInAirflow3Warning: provide_context is deprecated as of 2.0 and is no longer required
[2026-01-05T21:56:46.320+0000] {processor.py:840} INFO - DAG(s) 'diabetes_ml_pipeline' retrieved from /opt/airflow/dags/diabetes_ml_pipeline.py
[2026-01-05T21:56:46.360+0000] {logging_mixin.py:188} INFO - [2026-01-05T21:56:46.359+0000] {dag.py:3036} INFO - Sync 1 DAGs
[2026-01-05T21:56:46.384+0000] {logging_mixin.py:188} INFO - [2026-01-05T21:56:46.384+0000] {dag.py:3823} INFO - Setting next_dagrun for diabetes_ml_pipeline to 2026-01-05 02:00:00+00:00, run_after=2026-01-06 02:00:00+00:00
[2026-01-05T21:56:46.415+0000] {processor.py:183} INFO - Processing /opt/airflow/dags/diabetes_ml_pipeline.py took 0.536 seconds
[2026-01-05T21:57:16.965+0000] {processor.py:161} INFO - Started process (PID=4687) to work on /opt/airflow/dags/diabetes_ml_pipeline.py
[2026-01-05T21:57:16.967+0000] {processor.py:830} INFO - Processing file /opt/airflow/dags/diabetes_ml_pipeline.py for tasks to queue
[2026-01-05T21:57:16.969+0000] {logging_mixin.py:188} INFO - [2026-01-05T21:57:16.968+0000] {dagbag.py:538} INFO - Filling up the DagBag from /opt/airflow/dags/diabetes_ml_pipeline.py
[2026-01-05T21:57:17.316+0000] {logging_mixin.py:188} WARNING - /home/airflow/.local/lib/python3.11/site-packages/airflow/models/baseoperator.py:437 RemovedInAirflow3Warning: provide_context is deprecated as of 2.0 and is no longer required
[2026-01-05T21:57:17.323+0000] {processor.py:840} INFO - DAG(s) 'diabetes_ml_pipeline' retrieved from /opt/airflow/dags/diabetes_ml_pipeline.py
[2026-01-05T21:57:17.353+0000] {logging_mixin.py:188} INFO - [2026-01-05T21:57:17.353+0000] {dag.py:3036} INFO - Sync 1 DAGs
[2026-01-05T21:57:17.376+0000] {logging_mixin.py:188} INFO - [2026-01-05T21:57:17.376+0000] {dag.py:3823} INFO - Setting next_dagrun for diabetes_ml_pipeline to 2026-01-05 02:00:00+00:00, run_after=2026-01-06 02:00:00+00:00
[2026-01-05T21:57:17.401+0000] {processor.py:183} INFO - Processing /opt/airflow/dags/diabetes_ml_pipeline.py took 0.440 seconds
[2026-01-05T21:57:47.904+0000] {processor.py:161} INFO - Started process (PID=4699) to work on /opt/airflow/dags/diabetes_ml_pipeline.py
[2026-01-05T21:57:47.905+0000] {processor.py:830} INFO - Processing file /opt/airflow/dags/diabetes_ml_pipeline.py for tasks to queue
[2026-01-05T21:57:47.907+0000] {logging_mixin.py:188} INFO - [2026-01-05T21:57:47.906+0000] {dagbag.py:538} INFO - Filling up the DagBag from /opt/airflow/dags/diabetes_ml_pipeline.py
[2026-01-05T21:57:48.243+0000] {logging_mixin.py:188} WARNING - /home/airflow/.local/lib/python3.11/site-packages/airflow/models/baseoperator.py:437 RemovedInAirflow3Warning: provide_context is deprecated as of 2.0 and is no longer required
[2026-01-05T21:57:48.248+0000] {processor.py:840} INFO - DAG(s) 'diabetes_ml_pipeline' retrieved from /opt/airflow/dags/diabetes_ml_pipeline.py
[2026-01-05T21:57:48.294+0000] {logging_mixin.py:188} INFO - [2026-01-05T21:57:48.293+0000] {dag.py:3036} INFO - Sync 1 DAGs
[2026-01-05T21:57:48.327+0000] {logging_mixin.py:188} INFO - [2026-01-05T21:57:48.327+0000] {dag.py:3823} INFO - Setting next_dagrun for diabetes_ml_pipeline to 2026-01-05 02:00:00+00:00, run_after=2026-01-06 02:00:00+00:00
[2026-01-05T21:57:48.357+0000] {processor.py:183} INFO - Processing /opt/airflow/dags/diabetes_ml_pipeline.py took 0.458 seconds
[2026-01-05T21:58:18.741+0000] {processor.py:161} INFO - Started process (PID=4711) to work on /opt/airflow/dags/diabetes_ml_pipeline.py
[2026-01-05T21:58:18.743+0000] {processor.py:830} INFO - Processing file /opt/airflow/dags/diabetes_ml_pipeline.py for tasks to queue
[2026-01-05T21:58:18.747+0000] {logging_mixin.py:188} INFO - [2026-01-05T21:58:18.745+0000] {dagbag.py:538} INFO - Filling up the DagBag from /opt/airflow/dags/diabetes_ml_pipeline.py
[2026-01-05T21:58:19.123+0000] {logging_mixin.py:188} WARNING - /home/airflow/.local/lib/python3.11/site-packages/airflow/models/baseoperator.py:437 RemovedInAirflow3Warning: provide_context is deprecated as of 2.0 and is no longer required
[2026-01-05T21:58:19.130+0000] {processor.py:840} INFO - DAG(s) 'diabetes_ml_pipeline' retrieved from /opt/airflow/dags/diabetes_ml_pipeline.py
[2026-01-05T21:58:19.172+0000] {logging_mixin.py:188} INFO - [2026-01-05T21:58:19.172+0000] {dag.py:3036} INFO - Sync 1 DAGs
[2026-01-05T21:58:19.196+0000] {logging_mixin.py:188} INFO - [2026-01-05T21:58:19.195+0000] {dag.py:3823} INFO - Setting next_dagrun for diabetes_ml_pipeline to 2026-01-05 02:00:00+00:00, run_after=2026-01-06 02:00:00+00:00
[2026-01-05T21:58:19.226+0000] {processor.py:183} INFO - Processing /opt/airflow/dags/diabetes_ml_pipeline.py took 0.499 seconds
[2026-01-05T21:58:49.558+0000] {processor.py:161} INFO - Started process (PID=4723) to work on /opt/airflow/dags/diabetes_ml_pipeline.py
[2026-01-05T21:58:49.560+0000] {processor.py:830} INFO - Processing file /opt/airflow/dags/diabetes_ml_pipeline.py for tasks to queue
[2026-01-05T21:58:49.562+0000] {logging_mixin.py:188} INFO - [2026-01-05T21:58:49.562+0000] {dagbag.py:538} INFO - Filling up the DagBag from /opt/airflow/dags/diabetes_ml_pipeline.py
[2026-01-05T21:58:49.877+0000] {logging_mixin.py:188} WARNING - /home/airflow/.local/lib/python3.11/site-packages/airflow/models/baseoperator.py:437 RemovedInAirflow3Warning: provide_context is deprecated as of 2.0 and is no longer required
[2026-01-05T21:58:49.882+0000] {processor.py:840} INFO - DAG(s) 'diabetes_ml_pipeline' retrieved from /opt/airflow/dags/diabetes_ml_pipeline.py
[2026-01-05T21:58:49.919+0000] {logging_mixin.py:188} INFO - [2026-01-05T21:58:49.919+0000] {dag.py:3036} INFO - Sync 1 DAGs
[2026-01-05T21:58:49.939+0000] {logging_mixin.py:188} INFO - [2026-01-05T21:58:49.939+0000] {dag.py:3823} INFO - Setting next_dagrun for diabetes_ml_pipeline to 2026-01-05 02:00:00+00:00, run_after=2026-01-06 02:00:00+00:00
[2026-01-05T21:58:49.962+0000] {processor.py:183} INFO - Processing /opt/airflow/dags/diabetes_ml_pipeline.py took 0.408 seconds
[2026-01-05T21:59:20.166+0000] {processor.py:161} INFO - Started process (PID=4735) to work on /opt/airflow/dags/diabetes_ml_pipeline.py
[2026-01-05T21:59:20.167+0000] {processor.py:830} INFO - Processing file /opt/airflow/dags/diabetes_ml_pipeline.py for tasks to queue
[2026-01-05T21:59:20.168+0000] {logging_mixin.py:188} INFO - [2026-01-05T21:59:20.168+0000] {dagbag.py:538} INFO - Filling up the DagBag from /opt/airflow/dags/diabetes_ml_pipeline.py
[2026-01-05T21:59:20.478+0000] {logging_mixin.py:188} WARNING - /home/airflow/.local/lib/python3.11/site-packages/airflow/models/baseoperator.py:437 RemovedInAirflow3Warning: provide_context is deprecated as of 2.0 and is no longer required
[2026-01-05T21:59:20.484+0000] {processor.py:840} INFO - DAG(s) 'diabetes_ml_pipeline' retrieved from /opt/airflow/dags/diabetes_ml_pipeline.py
[2026-01-05T21:59:20.517+0000] {logging_mixin.py:188} INFO - [2026-01-05T21:59:20.516+0000] {dag.py:3036} INFO - Sync 1 DAGs
[2026-01-05T21:59:20.539+0000] {logging_mixin.py:188} INFO - [2026-01-05T21:59:20.539+0000] {dag.py:3823} INFO - Setting next_dagrun for diabetes_ml_pipeline to 2026-01-05 02:00:00+00:00, run_after=2026-01-06 02:00:00+00:00
[2026-01-05T21:59:20.562+0000] {processor.py:183} INFO - Processing /opt/airflow/dags/diabetes_ml_pipeline.py took 0.400 seconds
[2026-01-05T22:00:59.661+0000] {processor.py:161} INFO - Started process (PID=4741) to work on /opt/airflow/dags/diabetes_ml_pipeline.py
[2026-01-05T22:00:59.662+0000] {processor.py:830} INFO - Processing file /opt/airflow/dags/diabetes_ml_pipeline.py for tasks to queue
[2026-01-05T22:00:59.664+0000] {logging_mixin.py:188} INFO - [2026-01-05T22:00:59.663+0000] {dagbag.py:538} INFO - Filling up the DagBag from /opt/airflow/dags/diabetes_ml_pipeline.py
[2026-01-05T22:01:00.180+0000] {logging_mixin.py:188} WARNING - /home/airflow/.local/lib/python3.11/site-packages/airflow/models/baseoperator.py:437 RemovedInAirflow3Warning: provide_context is deprecated as of 2.0 and is no longer required
[2026-01-05T22:01:00.193+0000] {processor.py:840} INFO - DAG(s) 'diabetes_ml_pipeline' retrieved from /opt/airflow/dags/diabetes_ml_pipeline.py
[2026-01-05T22:01:00.264+0000] {logging_mixin.py:188} INFO - [2026-01-05T22:01:00.263+0000] {dag.py:3036} INFO - Sync 1 DAGs
[2026-01-05T22:01:00.304+0000] {logging_mixin.py:188} INFO - [2026-01-05T22:01:00.304+0000] {dag.py:3823} INFO - Setting next_dagrun for diabetes_ml_pipeline to 2026-01-05 02:00:00+00:00, run_after=2026-01-06 02:00:00+00:00
[2026-01-05T22:01:00.344+0000] {processor.py:183} INFO - Processing /opt/airflow/dags/diabetes_ml_pipeline.py took 0.687 seconds
[2026-01-05T22:01:30.590+0000] {processor.py:161} INFO - Started process (PID=4755) to work on /opt/airflow/dags/diabetes_ml_pipeline.py
[2026-01-05T22:01:30.593+0000] {processor.py:830} INFO - Processing file /opt/airflow/dags/diabetes_ml_pipeline.py for tasks to queue
[2026-01-05T22:01:30.597+0000] {logging_mixin.py:188} INFO - [2026-01-05T22:01:30.596+0000] {dagbag.py:538} INFO - Filling up the DagBag from /opt/airflow/dags/diabetes_ml_pipeline.py
[2026-01-05T22:01:30.993+0000] {logging_mixin.py:188} WARNING - /home/airflow/.local/lib/python3.11/site-packages/airflow/models/baseoperator.py:437 RemovedInAirflow3Warning: provide_context is deprecated as of 2.0 and is no longer required
[2026-01-05T22:01:31.007+0000] {processor.py:840} INFO - DAG(s) 'diabetes_ml_pipeline' retrieved from /opt/airflow/dags/diabetes_ml_pipeline.py
[2026-01-05T22:01:31.054+0000] {logging_mixin.py:188} INFO - [2026-01-05T22:01:31.054+0000] {dag.py:3036} INFO - Sync 1 DAGs
[2026-01-05T22:01:31.096+0000] {logging_mixin.py:188} INFO - [2026-01-05T22:01:31.095+0000] {dag.py:3823} INFO - Setting next_dagrun for diabetes_ml_pipeline to 2026-01-05 02:00:00+00:00, run_after=2026-01-06 02:00:00+00:00
[2026-01-05T22:01:31.122+0000] {processor.py:183} INFO - Processing /opt/airflow/dags/diabetes_ml_pipeline.py took 0.539 seconds
[2026-01-05T22:02:01.357+0000] {processor.py:161} INFO - Started process (PID=4767) to work on /opt/airflow/dags/diabetes_ml_pipeline.py
[2026-01-05T22:02:01.359+0000] {processor.py:830} INFO - Processing file /opt/airflow/dags/diabetes_ml_pipeline.py for tasks to queue
[2026-01-05T22:02:01.362+0000] {logging_mixin.py:188} INFO - [2026-01-05T22:02:01.361+0000] {dagbag.py:538} INFO - Filling up the DagBag from /opt/airflow/dags/diabetes_ml_pipeline.py
[2026-01-05T22:02:01.728+0000] {logging_mixin.py:188} WARNING - /home/airflow/.local/lib/python3.11/site-packages/airflow/models/baseoperator.py:437 RemovedInAirflow3Warning: provide_context is deprecated as of 2.0 and is no longer required
[2026-01-05T22:02:01.733+0000] {processor.py:840} INFO - DAG(s) 'diabetes_ml_pipeline' retrieved from /opt/airflow/dags/diabetes_ml_pipeline.py
[2026-01-05T22:02:01.763+0000] {logging_mixin.py:188} INFO - [2026-01-05T22:02:01.763+0000] {dag.py:3036} INFO - Sync 1 DAGs
[2026-01-05T22:02:01.783+0000] {logging_mixin.py:188} INFO - [2026-01-05T22:02:01.783+0000] {dag.py:3823} INFO - Setting next_dagrun for diabetes_ml_pipeline to 2026-01-05 02:00:00+00:00, run_after=2026-01-06 02:00:00+00:00
[2026-01-05T22:02:01.809+0000] {processor.py:183} INFO - Processing /opt/airflow/dags/diabetes_ml_pipeline.py took 0.458 seconds
[2026-01-05T22:02:31.966+0000] {processor.py:161} INFO - Started process (PID=4779) to work on /opt/airflow/dags/diabetes_ml_pipeline.py
[2026-01-05T22:02:31.972+0000] {processor.py:830} INFO - Processing file /opt/airflow/dags/diabetes_ml_pipeline.py for tasks to queue
[2026-01-05T22:02:31.975+0000] {logging_mixin.py:188} INFO - [2026-01-05T22:02:31.974+0000] {dagbag.py:538} INFO - Filling up the DagBag from /opt/airflow/dags/diabetes_ml_pipeline.py
[2026-01-05T22:02:32.364+0000] {logging_mixin.py:188} WARNING - /home/airflow/.local/lib/python3.11/site-packages/airflow/models/baseoperator.py:437 RemovedInAirflow3Warning: provide_context is deprecated as of 2.0 and is no longer required
[2026-01-05T22:02:32.370+0000] {processor.py:840} INFO - DAG(s) 'diabetes_ml_pipeline' retrieved from /opt/airflow/dags/diabetes_ml_pipeline.py
[2026-01-05T22:02:32.403+0000] {logging_mixin.py:188} INFO - [2026-01-05T22:02:32.403+0000] {dag.py:3036} INFO - Sync 1 DAGs
[2026-01-05T22:02:32.424+0000] {logging_mixin.py:188} INFO - [2026-01-05T22:02:32.423+0000] {dag.py:3823} INFO - Setting next_dagrun for diabetes_ml_pipeline to 2026-01-05 02:00:00+00:00, run_after=2026-01-06 02:00:00+00:00
[2026-01-05T22:02:32.447+0000] {processor.py:183} INFO - Processing /opt/airflow/dags/diabetes_ml_pipeline.py took 0.496 seconds
[2026-01-05T22:03:02.993+0000] {processor.py:161} INFO - Started process (PID=4792) to work on /opt/airflow/dags/diabetes_ml_pipeline.py
[2026-01-05T22:03:03.000+0000] {processor.py:830} INFO - Processing file /opt/airflow/dags/diabetes_ml_pipeline.py for tasks to queue
[2026-01-05T22:03:03.006+0000] {logging_mixin.py:188} INFO - [2026-01-05T22:03:03.004+0000] {dagbag.py:538} INFO - Filling up the DagBag from /opt/airflow/dags/diabetes_ml_pipeline.py
[2026-01-05T22:03:03.464+0000] {logging_mixin.py:188} WARNING - /home/airflow/.local/lib/python3.11/site-packages/airflow/models/baseoperator.py:437 RemovedInAirflow3Warning: provide_context is deprecated as of 2.0 and is no longer required
[2026-01-05T22:03:03.469+0000] {processor.py:840} INFO - DAG(s) 'diabetes_ml_pipeline' retrieved from /opt/airflow/dags/diabetes_ml_pipeline.py
[2026-01-05T22:03:03.500+0000] {logging_mixin.py:188} INFO - [2026-01-05T22:03:03.500+0000] {dag.py:3036} INFO - Sync 1 DAGs
[2026-01-05T22:03:03.522+0000] {logging_mixin.py:188} INFO - [2026-01-05T22:03:03.521+0000] {dag.py:3823} INFO - Setting next_dagrun for diabetes_ml_pipeline to 2026-01-05 02:00:00+00:00, run_after=2026-01-06 02:00:00+00:00
[2026-01-05T22:03:03.546+0000] {processor.py:183} INFO - Processing /opt/airflow/dags/diabetes_ml_pipeline.py took 0.569 seconds
[2026-01-05T22:28:56.751+0000] {processor.py:161} INFO - Started process (PID=184) to work on /opt/airflow/dags/diabetes_ml_pipeline.py
[2026-01-05T22:28:56.753+0000] {processor.py:830} INFO - Processing file /opt/airflow/dags/diabetes_ml_pipeline.py for tasks to queue
[2026-01-05T22:28:56.755+0000] {logging_mixin.py:188} INFO - [2026-01-05T22:28:56.754+0000] {dagbag.py:538} INFO - Filling up the DagBag from /opt/airflow/dags/diabetes_ml_pipeline.py
[2026-01-05T22:28:57.193+0000] {logging_mixin.py:188} WARNING - /home/airflow/.local/lib/python3.11/site-packages/airflow/models/baseoperator.py:437 RemovedInAirflow3Warning: provide_context is deprecated as of 2.0 and is no longer required
[2026-01-05T22:28:57.208+0000] {processor.py:840} INFO - DAG(s) 'diabetes_ml_pipeline' retrieved from /opt/airflow/dags/diabetes_ml_pipeline.py
[2026-01-05T22:28:57.240+0000] {logging_mixin.py:188} INFO - [2026-01-05T22:28:57.240+0000] {dag.py:3036} INFO - Sync 1 DAGs
[2026-01-05T22:28:57.269+0000] {logging_mixin.py:188} INFO - [2026-01-05T22:28:57.269+0000] {dag.py:3823} INFO - Setting next_dagrun for diabetes_ml_pipeline to 2026-01-05 02:00:00+00:00, run_after=2026-01-06 02:00:00+00:00
[2026-01-05T22:28:57.319+0000] {processor.py:183} INFO - Processing /opt/airflow/dags/diabetes_ml_pipeline.py took 0.571 seconds
[2026-01-05T22:29:27.523+0000] {processor.py:161} INFO - Started process (PID=190) to work on /opt/airflow/dags/diabetes_ml_pipeline.py
[2026-01-05T22:29:27.525+0000] {processor.py:830} INFO - Processing file /opt/airflow/dags/diabetes_ml_pipeline.py for tasks to queue
[2026-01-05T22:29:27.526+0000] {logging_mixin.py:188} INFO - [2026-01-05T22:29:27.525+0000] {dagbag.py:538} INFO - Filling up the DagBag from /opt/airflow/dags/diabetes_ml_pipeline.py
[2026-01-05T22:29:27.878+0000] {logging_mixin.py:188} WARNING - /home/airflow/.local/lib/python3.11/site-packages/airflow/models/baseoperator.py:437 RemovedInAirflow3Warning: provide_context is deprecated as of 2.0 and is no longer required
[2026-01-05T22:29:27.886+0000] {processor.py:840} INFO - DAG(s) 'diabetes_ml_pipeline' retrieved from /opt/airflow/dags/diabetes_ml_pipeline.py
[2026-01-05T22:29:28.128+0000] {logging_mixin.py:188} INFO - [2026-01-05T22:29:28.127+0000] {dag.py:3036} INFO - Sync 1 DAGs
[2026-01-05T22:29:28.156+0000] {logging_mixin.py:188} INFO - [2026-01-05T22:29:28.156+0000] {dag.py:3823} INFO - Setting next_dagrun for diabetes_ml_pipeline to 2026-01-05 02:00:00+00:00, run_after=2026-01-06 02:00:00+00:00
[2026-01-05T22:29:28.186+0000] {processor.py:183} INFO - Processing /opt/airflow/dags/diabetes_ml_pipeline.py took 0.667 seconds
[2026-01-05T22:29:58.357+0000] {processor.py:161} INFO - Started process (PID=205) to work on /opt/airflow/dags/diabetes_ml_pipeline.py
[2026-01-05T22:29:58.359+0000] {processor.py:830} INFO - Processing file /opt/airflow/dags/diabetes_ml_pipeline.py for tasks to queue
[2026-01-05T22:29:58.361+0000] {logging_mixin.py:188} INFO - [2026-01-05T22:29:58.360+0000] {dagbag.py:538} INFO - Filling up the DagBag from /opt/airflow/dags/diabetes_ml_pipeline.py
[2026-01-05T22:29:58.730+0000] {logging_mixin.py:188} WARNING - /home/airflow/.local/lib/python3.11/site-packages/airflow/models/baseoperator.py:437 RemovedInAirflow3Warning: provide_context is deprecated as of 2.0 and is no longer required
[2026-01-05T22:29:58.736+0000] {processor.py:840} INFO - DAG(s) 'diabetes_ml_pipeline' retrieved from /opt/airflow/dags/diabetes_ml_pipeline.py
[2026-01-05T22:29:58.773+0000] {logging_mixin.py:188} INFO - [2026-01-05T22:29:58.773+0000] {dag.py:3036} INFO - Sync 1 DAGs
[2026-01-05T22:29:58.796+0000] {logging_mixin.py:188} INFO - [2026-01-05T22:29:58.796+0000] {dag.py:3823} INFO - Setting next_dagrun for diabetes_ml_pipeline to 2026-01-05 02:00:00+00:00, run_after=2026-01-06 02:00:00+00:00
[2026-01-05T22:29:58.975+0000] {processor.py:183} INFO - Processing /opt/airflow/dags/diabetes_ml_pipeline.py took 0.622 seconds
[2026-01-05T22:30:29.335+0000] {processor.py:161} INFO - Started process (PID=217) to work on /opt/airflow/dags/diabetes_ml_pipeline.py
[2026-01-05T22:30:29.338+0000] {processor.py:830} INFO - Processing file /opt/airflow/dags/diabetes_ml_pipeline.py for tasks to queue
[2026-01-05T22:30:29.341+0000] {logging_mixin.py:188} INFO - [2026-01-05T22:30:29.340+0000] {dagbag.py:538} INFO - Filling up the DagBag from /opt/airflow/dags/diabetes_ml_pipeline.py
[2026-01-05T22:30:29.726+0000] {logging_mixin.py:188} WARNING - /home/airflow/.local/lib/python3.11/site-packages/airflow/models/baseoperator.py:437 RemovedInAirflow3Warning: provide_context is deprecated as of 2.0 and is no longer required
[2026-01-05T22:30:29.731+0000] {processor.py:840} INFO - DAG(s) 'diabetes_ml_pipeline' retrieved from /opt/airflow/dags/diabetes_ml_pipeline.py
[2026-01-05T22:30:29.775+0000] {logging_mixin.py:188} INFO - [2026-01-05T22:30:29.775+0000] {dag.py:3036} INFO - Sync 1 DAGs
[2026-01-05T22:30:29.800+0000] {logging_mixin.py:188} INFO - [2026-01-05T22:30:29.800+0000] {dag.py:3823} INFO - Setting next_dagrun for diabetes_ml_pipeline to 2026-01-05 02:00:00+00:00, run_after=2026-01-06 02:00:00+00:00
[2026-01-05T22:30:29.826+0000] {processor.py:183} INFO - Processing /opt/airflow/dags/diabetes_ml_pipeline.py took 0.499 seconds
[2026-01-05T22:30:59.983+0000] {processor.py:161} INFO - Started process (PID=229) to work on /opt/airflow/dags/diabetes_ml_pipeline.py
[2026-01-05T22:30:59.986+0000] {processor.py:830} INFO - Processing file /opt/airflow/dags/diabetes_ml_pipeline.py for tasks to queue
[2026-01-05T22:30:59.988+0000] {logging_mixin.py:188} INFO - [2026-01-05T22:30:59.987+0000] {dagbag.py:538} INFO - Filling up the DagBag from /opt/airflow/dags/diabetes_ml_pipeline.py
[2026-01-05T22:31:00.410+0000] {logging_mixin.py:188} WARNING - /home/airflow/.local/lib/python3.11/site-packages/airflow/models/baseoperator.py:437 RemovedInAirflow3Warning: provide_context is deprecated as of 2.0 and is no longer required
[2026-01-05T22:31:00.417+0000] {processor.py:840} INFO - DAG(s) 'diabetes_ml_pipeline' retrieved from /opt/airflow/dags/diabetes_ml_pipeline.py
[2026-01-05T22:31:00.460+0000] {logging_mixin.py:188} INFO - [2026-01-05T22:31:00.459+0000] {dag.py:3036} INFO - Sync 1 DAGs
[2026-01-05T22:31:00.483+0000] {logging_mixin.py:188} INFO - [2026-01-05T22:31:00.483+0000] {dag.py:3823} INFO - Setting next_dagrun for diabetes_ml_pipeline to 2026-01-05 02:00:00+00:00, run_after=2026-01-06 02:00:00+00:00
[2026-01-05T22:31:00.508+0000] {processor.py:183} INFO - Processing /opt/airflow/dags/diabetes_ml_pipeline.py took 0.533 seconds
[2026-01-05T22:31:31.024+0000] {processor.py:161} INFO - Started process (PID=241) to work on /opt/airflow/dags/diabetes_ml_pipeline.py
[2026-01-05T22:31:31.029+0000] {processor.py:830} INFO - Processing file /opt/airflow/dags/diabetes_ml_pipeline.py for tasks to queue
[2026-01-05T22:31:31.033+0000] {logging_mixin.py:188} INFO - [2026-01-05T22:31:31.031+0000] {dagbag.py:538} INFO - Filling up the DagBag from /opt/airflow/dags/diabetes_ml_pipeline.py
[2026-01-05T22:31:31.429+0000] {logging_mixin.py:188} WARNING - /home/airflow/.local/lib/python3.11/site-packages/airflow/models/baseoperator.py:437 RemovedInAirflow3Warning: provide_context is deprecated as of 2.0 and is no longer required
[2026-01-05T22:31:31.434+0000] {processor.py:840} INFO - DAG(s) 'diabetes_ml_pipeline' retrieved from /opt/airflow/dags/diabetes_ml_pipeline.py
[2026-01-05T22:31:31.464+0000] {logging_mixin.py:188} INFO - [2026-01-05T22:31:31.463+0000] {dag.py:3036} INFO - Sync 1 DAGs
[2026-01-05T22:31:31.485+0000] {logging_mixin.py:188} INFO - [2026-01-05T22:31:31.485+0000] {dag.py:3823} INFO - Setting next_dagrun for diabetes_ml_pipeline to 2026-01-05 02:00:00+00:00, run_after=2026-01-06 02:00:00+00:00
[2026-01-05T22:31:31.512+0000] {processor.py:183} INFO - Processing /opt/airflow/dags/diabetes_ml_pipeline.py took 0.507 seconds
[2026-01-05T22:32:01.838+0000] {processor.py:161} INFO - Started process (PID=253) to work on /opt/airflow/dags/diabetes_ml_pipeline.py
[2026-01-05T22:32:01.839+0000] {processor.py:830} INFO - Processing file /opt/airflow/dags/diabetes_ml_pipeline.py for tasks to queue
[2026-01-05T22:32:01.841+0000] {logging_mixin.py:188} INFO - [2026-01-05T22:32:01.840+0000] {dagbag.py:538} INFO - Filling up the DagBag from /opt/airflow/dags/diabetes_ml_pipeline.py
[2026-01-05T22:32:02.144+0000] {logging_mixin.py:188} WARNING - /home/airflow/.local/lib/python3.11/site-packages/airflow/models/baseoperator.py:437 RemovedInAirflow3Warning: provide_context is deprecated as of 2.0 and is no longer required
[2026-01-05T22:32:02.151+0000] {processor.py:840} INFO - DAG(s) 'diabetes_ml_pipeline' retrieved from /opt/airflow/dags/diabetes_ml_pipeline.py
[2026-01-05T22:32:02.186+0000] {logging_mixin.py:188} INFO - [2026-01-05T22:32:02.185+0000] {dag.py:3036} INFO - Sync 1 DAGs
[2026-01-05T22:32:02.208+0000] {logging_mixin.py:188} INFO - [2026-01-05T22:32:02.208+0000] {dag.py:3823} INFO - Setting next_dagrun for diabetes_ml_pipeline to 2026-01-05 02:00:00+00:00, run_after=2026-01-06 02:00:00+00:00
[2026-01-05T22:32:02.227+0000] {processor.py:183} INFO - Processing /opt/airflow/dags/diabetes_ml_pipeline.py took 0.393 seconds
[2026-01-05T22:32:32.615+0000] {processor.py:161} INFO - Started process (PID=265) to work on /opt/airflow/dags/diabetes_ml_pipeline.py
[2026-01-05T22:32:32.618+0000] {processor.py:830} INFO - Processing file /opt/airflow/dags/diabetes_ml_pipeline.py for tasks to queue
[2026-01-05T22:32:32.620+0000] {logging_mixin.py:188} INFO - [2026-01-05T22:32:32.619+0000] {dagbag.py:538} INFO - Filling up the DagBag from /opt/airflow/dags/diabetes_ml_pipeline.py
[2026-01-05T22:32:32.981+0000] {logging_mixin.py:188} WARNING - /home/airflow/.local/lib/python3.11/site-packages/airflow/models/baseoperator.py:437 RemovedInAirflow3Warning: provide_context is deprecated as of 2.0 and is no longer required
[2026-01-05T22:32:32.986+0000] {processor.py:840} INFO - DAG(s) 'diabetes_ml_pipeline' retrieved from /opt/airflow/dags/diabetes_ml_pipeline.py
[2026-01-05T22:32:33.023+0000] {logging_mixin.py:188} INFO - [2026-01-05T22:32:33.022+0000] {dag.py:3036} INFO - Sync 1 DAGs
[2026-01-05T22:32:33.047+0000] {logging_mixin.py:188} INFO - [2026-01-05T22:32:33.046+0000] {dag.py:3823} INFO - Setting next_dagrun for diabetes_ml_pipeline to 2026-01-05 02:00:00+00:00, run_after=2026-01-06 02:00:00+00:00
[2026-01-05T22:32:33.082+0000] {processor.py:183} INFO - Processing /opt/airflow/dags/diabetes_ml_pipeline.py took 0.473 seconds
[2026-01-05T22:33:03.488+0000] {processor.py:161} INFO - Started process (PID=277) to work on /opt/airflow/dags/diabetes_ml_pipeline.py
[2026-01-05T22:33:03.490+0000] {processor.py:830} INFO - Processing file /opt/airflow/dags/diabetes_ml_pipeline.py for tasks to queue
[2026-01-05T22:33:03.492+0000] {logging_mixin.py:188} INFO - [2026-01-05T22:33:03.491+0000] {dagbag.py:538} INFO - Filling up the DagBag from /opt/airflow/dags/diabetes_ml_pipeline.py
[2026-01-05T22:33:03.837+0000] {logging_mixin.py:188} WARNING - /home/airflow/.local/lib/python3.11/site-packages/airflow/models/baseoperator.py:437 RemovedInAirflow3Warning: provide_context is deprecated as of 2.0 and is no longer required
[2026-01-05T22:33:03.843+0000] {processor.py:840} INFO - DAG(s) 'diabetes_ml_pipeline' retrieved from /opt/airflow/dags/diabetes_ml_pipeline.py
[2026-01-05T22:33:03.884+0000] {logging_mixin.py:188} INFO - [2026-01-05T22:33:03.883+0000] {dag.py:3036} INFO - Sync 1 DAGs
[2026-01-05T22:33:03.910+0000] {logging_mixin.py:188} INFO - [2026-01-05T22:33:03.910+0000] {dag.py:3823} INFO - Setting next_dagrun for diabetes_ml_pipeline to 2026-01-05 02:00:00+00:00, run_after=2026-01-06 02:00:00+00:00
[2026-01-05T22:33:03.932+0000] {processor.py:183} INFO - Processing /opt/airflow/dags/diabetes_ml_pipeline.py took 0.448 seconds
[2026-01-05T22:33:34.327+0000] {processor.py:161} INFO - Started process (PID=289) to work on /opt/airflow/dags/diabetes_ml_pipeline.py
[2026-01-05T22:33:34.328+0000] {processor.py:830} INFO - Processing file /opt/airflow/dags/diabetes_ml_pipeline.py for tasks to queue
[2026-01-05T22:33:34.332+0000] {logging_mixin.py:188} INFO - [2026-01-05T22:33:34.331+0000] {dagbag.py:538} INFO - Filling up the DagBag from /opt/airflow/dags/diabetes_ml_pipeline.py
[2026-01-05T22:33:34.651+0000] {logging_mixin.py:188} WARNING - /home/airflow/.local/lib/python3.11/site-packages/airflow/models/baseoperator.py:437 RemovedInAirflow3Warning: provide_context is deprecated as of 2.0 and is no longer required
[2026-01-05T22:33:34.656+0000] {processor.py:840} INFO - DAG(s) 'diabetes_ml_pipeline' retrieved from /opt/airflow/dags/diabetes_ml_pipeline.py
[2026-01-05T22:33:34.687+0000] {logging_mixin.py:188} INFO - [2026-01-05T22:33:34.687+0000] {dag.py:3036} INFO - Sync 1 DAGs
[2026-01-05T22:33:34.711+0000] {logging_mixin.py:188} INFO - [2026-01-05T22:33:34.711+0000] {dag.py:3823} INFO - Setting next_dagrun for diabetes_ml_pipeline to 2026-01-05 02:00:00+00:00, run_after=2026-01-06 02:00:00+00:00
[2026-01-05T22:33:34.734+0000] {processor.py:183} INFO - Processing /opt/airflow/dags/diabetes_ml_pipeline.py took 0.413 seconds
[2026-01-05T22:34:05.183+0000] {processor.py:161} INFO - Started process (PID=301) to work on /opt/airflow/dags/diabetes_ml_pipeline.py
[2026-01-05T22:34:05.185+0000] {processor.py:830} INFO - Processing file /opt/airflow/dags/diabetes_ml_pipeline.py for tasks to queue
[2026-01-05T22:34:05.188+0000] {logging_mixin.py:188} INFO - [2026-01-05T22:34:05.187+0000] {dagbag.py:538} INFO - Filling up the DagBag from /opt/airflow/dags/diabetes_ml_pipeline.py
[2026-01-05T22:34:05.566+0000] {logging_mixin.py:188} WARNING - /home/airflow/.local/lib/python3.11/site-packages/airflow/models/baseoperator.py:437 RemovedInAirflow3Warning: provide_context is deprecated as of 2.0 and is no longer required
[2026-01-05T22:34:05.571+0000] {processor.py:840} INFO - DAG(s) 'diabetes_ml_pipeline' retrieved from /opt/airflow/dags/diabetes_ml_pipeline.py
[2026-01-05T22:34:05.602+0000] {logging_mixin.py:188} INFO - [2026-01-05T22:34:05.602+0000] {dag.py:3036} INFO - Sync 1 DAGs
[2026-01-05T22:34:05.624+0000] {logging_mixin.py:188} INFO - [2026-01-05T22:34:05.624+0000] {dag.py:3823} INFO - Setting next_dagrun for diabetes_ml_pipeline to 2026-01-05 02:00:00+00:00, run_after=2026-01-06 02:00:00+00:00
[2026-01-05T22:34:05.646+0000] {processor.py:183} INFO - Processing /opt/airflow/dags/diabetes_ml_pipeline.py took 0.471 seconds
[2026-01-05T22:34:36.137+0000] {processor.py:161} INFO - Started process (PID=313) to work on /opt/airflow/dags/diabetes_ml_pipeline.py
[2026-01-05T22:34:36.139+0000] {processor.py:830} INFO - Processing file /opt/airflow/dags/diabetes_ml_pipeline.py for tasks to queue
[2026-01-05T22:34:36.142+0000] {logging_mixin.py:188} INFO - [2026-01-05T22:34:36.141+0000] {dagbag.py:538} INFO - Filling up the DagBag from /opt/airflow/dags/diabetes_ml_pipeline.py
[2026-01-05T22:34:36.569+0000] {logging_mixin.py:188} WARNING - /home/airflow/.local/lib/python3.11/site-packages/airflow/models/baseoperator.py:437 RemovedInAirflow3Warning: provide_context is deprecated as of 2.0 and is no longer required
[2026-01-05T22:34:36.577+0000] {processor.py:840} INFO - DAG(s) 'diabetes_ml_pipeline' retrieved from /opt/airflow/dags/diabetes_ml_pipeline.py
[2026-01-05T22:34:36.608+0000] {logging_mixin.py:188} INFO - [2026-01-05T22:34:36.607+0000] {dag.py:3036} INFO - Sync 1 DAGs
[2026-01-05T22:34:36.629+0000] {logging_mixin.py:188} INFO - [2026-01-05T22:34:36.629+0000] {dag.py:3823} INFO - Setting next_dagrun for diabetes_ml_pipeline to 2026-01-05 02:00:00+00:00, run_after=2026-01-06 02:00:00+00:00
[2026-01-05T22:34:36.659+0000] {processor.py:183} INFO - Processing /opt/airflow/dags/diabetes_ml_pipeline.py took 0.531 seconds
[2026-01-05T22:35:07.157+0000] {processor.py:161} INFO - Started process (PID=328) to work on /opt/airflow/dags/diabetes_ml_pipeline.py
[2026-01-05T22:35:07.158+0000] {processor.py:830} INFO - Processing file /opt/airflow/dags/diabetes_ml_pipeline.py for tasks to queue
[2026-01-05T22:35:07.160+0000] {logging_mixin.py:188} INFO - [2026-01-05T22:35:07.159+0000] {dagbag.py:538} INFO - Filling up the DagBag from /opt/airflow/dags/diabetes_ml_pipeline.py
[2026-01-05T22:35:07.538+0000] {logging_mixin.py:188} WARNING - /home/airflow/.local/lib/python3.11/site-packages/airflow/models/baseoperator.py:437 RemovedInAirflow3Warning: provide_context is deprecated as of 2.0 and is no longer required
[2026-01-05T22:35:07.543+0000] {processor.py:840} INFO - DAG(s) 'diabetes_ml_pipeline' retrieved from /opt/airflow/dags/diabetes_ml_pipeline.py
[2026-01-05T22:35:07.575+0000] {logging_mixin.py:188} INFO - [2026-01-05T22:35:07.575+0000] {dag.py:3036} INFO - Sync 1 DAGs
[2026-01-05T22:35:07.596+0000] {logging_mixin.py:188} INFO - [2026-01-05T22:35:07.596+0000] {dag.py:3823} INFO - Setting next_dagrun for diabetes_ml_pipeline to 2026-01-05 02:00:00+00:00, run_after=2026-01-06 02:00:00+00:00
[2026-01-05T22:35:07.617+0000] {processor.py:183} INFO - Processing /opt/airflow/dags/diabetes_ml_pipeline.py took 0.465 seconds
[2026-01-05T22:35:37.988+0000] {processor.py:161} INFO - Started process (PID=340) to work on /opt/airflow/dags/diabetes_ml_pipeline.py
[2026-01-05T22:35:37.991+0000] {processor.py:830} INFO - Processing file /opt/airflow/dags/diabetes_ml_pipeline.py for tasks to queue
[2026-01-05T22:35:37.993+0000] {logging_mixin.py:188} INFO - [2026-01-05T22:35:37.992+0000] {dagbag.py:538} INFO - Filling up the DagBag from /opt/airflow/dags/diabetes_ml_pipeline.py
[2026-01-05T22:35:38.337+0000] {logging_mixin.py:188} WARNING - /home/airflow/.local/lib/python3.11/site-packages/airflow/models/baseoperator.py:437 RemovedInAirflow3Warning: provide_context is deprecated as of 2.0 and is no longer required
[2026-01-05T22:35:38.342+0000] {processor.py:840} INFO - DAG(s) 'diabetes_ml_pipeline' retrieved from /opt/airflow/dags/diabetes_ml_pipeline.py
[2026-01-05T22:35:38.370+0000] {logging_mixin.py:188} INFO - [2026-01-05T22:35:38.370+0000] {dag.py:3036} INFO - Sync 1 DAGs
[2026-01-05T22:35:38.389+0000] {logging_mixin.py:188} INFO - [2026-01-05T22:35:38.389+0000] {dag.py:3823} INFO - Setting next_dagrun for diabetes_ml_pipeline to 2026-01-05 02:00:00+00:00, run_after=2026-01-06 02:00:00+00:00
[2026-01-05T22:35:38.407+0000] {processor.py:183} INFO - Processing /opt/airflow/dags/diabetes_ml_pipeline.py took 0.428 seconds
[2026-01-05T22:36:08.974+0000] {processor.py:161} INFO - Started process (PID=352) to work on /opt/airflow/dags/diabetes_ml_pipeline.py
[2026-01-05T22:36:08.977+0000] {processor.py:830} INFO - Processing file /opt/airflow/dags/diabetes_ml_pipeline.py for tasks to queue
[2026-01-05T22:36:08.985+0000] {logging_mixin.py:188} INFO - [2026-01-05T22:36:08.983+0000] {dagbag.py:538} INFO - Filling up the DagBag from /opt/airflow/dags/diabetes_ml_pipeline.py
[2026-01-05T22:36:09.341+0000] {logging_mixin.py:188} WARNING - /home/airflow/.local/lib/python3.11/site-packages/airflow/models/baseoperator.py:437 RemovedInAirflow3Warning: provide_context is deprecated as of 2.0 and is no longer required
[2026-01-05T22:36:09.348+0000] {processor.py:840} INFO - DAG(s) 'diabetes_ml_pipeline' retrieved from /opt/airflow/dags/diabetes_ml_pipeline.py
[2026-01-05T22:36:09.380+0000] {logging_mixin.py:188} INFO - [2026-01-05T22:36:09.380+0000] {dag.py:3036} INFO - Sync 1 DAGs
[2026-01-05T22:36:09.401+0000] {logging_mixin.py:188} INFO - [2026-01-05T22:36:09.401+0000] {dag.py:3823} INFO - Setting next_dagrun for diabetes_ml_pipeline to 2026-01-05 02:00:00+00:00, run_after=2026-01-06 02:00:00+00:00
[2026-01-05T22:36:09.420+0000] {processor.py:183} INFO - Processing /opt/airflow/dags/diabetes_ml_pipeline.py took 0.459 seconds
[2026-01-05T22:36:39.786+0000] {processor.py:161} INFO - Started process (PID=364) to work on /opt/airflow/dags/diabetes_ml_pipeline.py
[2026-01-05T22:36:39.788+0000] {processor.py:830} INFO - Processing file /opt/airflow/dags/diabetes_ml_pipeline.py for tasks to queue
[2026-01-05T22:36:39.790+0000] {logging_mixin.py:188} INFO - [2026-01-05T22:36:39.789+0000] {dagbag.py:538} INFO - Filling up the DagBag from /opt/airflow/dags/diabetes_ml_pipeline.py
[2026-01-05T22:36:40.180+0000] {logging_mixin.py:188} WARNING - /home/airflow/.local/lib/python3.11/site-packages/airflow/models/baseoperator.py:437 RemovedInAirflow3Warning: provide_context is deprecated as of 2.0 and is no longer required
[2026-01-05T22:36:40.187+0000] {processor.py:840} INFO - DAG(s) 'diabetes_ml_pipeline' retrieved from /opt/airflow/dags/diabetes_ml_pipeline.py
[2026-01-05T22:36:40.235+0000] {logging_mixin.py:188} INFO - [2026-01-05T22:36:40.235+0000] {dag.py:3036} INFO - Sync 1 DAGs
[2026-01-05T22:36:40.262+0000] {logging_mixin.py:188} INFO - [2026-01-05T22:36:40.262+0000] {dag.py:3823} INFO - Setting next_dagrun for diabetes_ml_pipeline to 2026-01-05 02:00:00+00:00, run_after=2026-01-06 02:00:00+00:00
[2026-01-05T22:36:40.286+0000] {processor.py:183} INFO - Processing /opt/airflow/dags/diabetes_ml_pipeline.py took 0.504 seconds
[2026-01-05T22:37:10.703+0000] {processor.py:161} INFO - Started process (PID=382) to work on /opt/airflow/dags/diabetes_ml_pipeline.py
[2026-01-05T22:37:10.705+0000] {processor.py:830} INFO - Processing file /opt/airflow/dags/diabetes_ml_pipeline.py for tasks to queue
[2026-01-05T22:37:10.706+0000] {logging_mixin.py:188} INFO - [2026-01-05T22:37:10.706+0000] {dagbag.py:538} INFO - Filling up the DagBag from /opt/airflow/dags/diabetes_ml_pipeline.py
[2026-01-05T22:37:11.096+0000] {logging_mixin.py:188} WARNING - /home/airflow/.local/lib/python3.11/site-packages/airflow/models/baseoperator.py:437 RemovedInAirflow3Warning: provide_context is deprecated as of 2.0 and is no longer required
[2026-01-05T22:37:11.106+0000] {processor.py:840} INFO - DAG(s) 'diabetes_ml_pipeline' retrieved from /opt/airflow/dags/diabetes_ml_pipeline.py
[2026-01-05T22:37:11.144+0000] {logging_mixin.py:188} INFO - [2026-01-05T22:37:11.144+0000] {dag.py:3036} INFO - Sync 1 DAGs
[2026-01-05T22:37:11.167+0000] {logging_mixin.py:188} INFO - [2026-01-05T22:37:11.166+0000] {dag.py:3823} INFO - Setting next_dagrun for diabetes_ml_pipeline to 2026-01-05 02:00:00+00:00, run_after=2026-01-06 02:00:00+00:00
[2026-01-05T22:37:11.197+0000] {processor.py:183} INFO - Processing /opt/airflow/dags/diabetes_ml_pipeline.py took 0.499 seconds
[2026-01-05T22:37:41.686+0000] {processor.py:161} INFO - Started process (PID=394) to work on /opt/airflow/dags/diabetes_ml_pipeline.py
[2026-01-05T22:37:41.689+0000] {processor.py:830} INFO - Processing file /opt/airflow/dags/diabetes_ml_pipeline.py for tasks to queue
[2026-01-05T22:37:41.691+0000] {logging_mixin.py:188} INFO - [2026-01-05T22:37:41.690+0000] {dagbag.py:538} INFO - Filling up the DagBag from /opt/airflow/dags/diabetes_ml_pipeline.py
[2026-01-05T22:37:42.112+0000] {logging_mixin.py:188} WARNING - /home/airflow/.local/lib/python3.11/site-packages/airflow/models/baseoperator.py:437 RemovedInAirflow3Warning: provide_context is deprecated as of 2.0 and is no longer required
[2026-01-05T22:37:42.117+0000] {processor.py:840} INFO - DAG(s) 'diabetes_ml_pipeline' retrieved from /opt/airflow/dags/diabetes_ml_pipeline.py
[2026-01-05T22:37:42.151+0000] {logging_mixin.py:188} INFO - [2026-01-05T22:37:42.150+0000] {dag.py:3036} INFO - Sync 1 DAGs
[2026-01-05T22:37:42.177+0000] {logging_mixin.py:188} INFO - [2026-01-05T22:37:42.177+0000] {dag.py:3823} INFO - Setting next_dagrun for diabetes_ml_pipeline to 2026-01-05 02:00:00+00:00, run_after=2026-01-06 02:00:00+00:00
[2026-01-05T22:37:42.214+0000] {processor.py:183} INFO - Processing /opt/airflow/dags/diabetes_ml_pipeline.py took 0.535 seconds
[2026-01-05T22:38:12.798+0000] {processor.py:161} INFO - Started process (PID=406) to work on /opt/airflow/dags/diabetes_ml_pipeline.py
[2026-01-05T22:38:12.803+0000] {processor.py:830} INFO - Processing file /opt/airflow/dags/diabetes_ml_pipeline.py for tasks to queue
[2026-01-05T22:38:12.806+0000] {logging_mixin.py:188} INFO - [2026-01-05T22:38:12.806+0000] {dagbag.py:538} INFO - Filling up the DagBag from /opt/airflow/dags/diabetes_ml_pipeline.py
[2026-01-05T22:38:13.216+0000] {logging_mixin.py:188} WARNING - /home/airflow/.local/lib/python3.11/site-packages/airflow/models/baseoperator.py:437 RemovedInAirflow3Warning: provide_context is deprecated as of 2.0 and is no longer required
[2026-01-05T22:38:13.222+0000] {processor.py:840} INFO - DAG(s) 'diabetes_ml_pipeline' retrieved from /opt/airflow/dags/diabetes_ml_pipeline.py
[2026-01-05T22:38:13.254+0000] {logging_mixin.py:188} INFO - [2026-01-05T22:38:13.253+0000] {dag.py:3036} INFO - Sync 1 DAGs
[2026-01-05T22:38:13.274+0000] {logging_mixin.py:188} INFO - [2026-01-05T22:38:13.274+0000] {dag.py:3823} INFO - Setting next_dagrun for diabetes_ml_pipeline to 2026-01-05 02:00:00+00:00, run_after=2026-01-06 02:00:00+00:00
[2026-01-05T22:38:13.294+0000] {processor.py:183} INFO - Processing /opt/airflow/dags/diabetes_ml_pipeline.py took 0.531 seconds
[2026-01-05T22:38:43.585+0000] {processor.py:161} INFO - Started process (PID=418) to work on /opt/airflow/dags/diabetes_ml_pipeline.py
[2026-01-05T22:38:43.588+0000] {processor.py:830} INFO - Processing file /opt/airflow/dags/diabetes_ml_pipeline.py for tasks to queue
[2026-01-05T22:38:43.589+0000] {logging_mixin.py:188} INFO - [2026-01-05T22:38:43.589+0000] {dagbag.py:538} INFO - Filling up the DagBag from /opt/airflow/dags/diabetes_ml_pipeline.py
[2026-01-05T22:38:43.907+0000] {logging_mixin.py:188} WARNING - /home/airflow/.local/lib/python3.11/site-packages/airflow/models/baseoperator.py:437 RemovedInAirflow3Warning: provide_context is deprecated as of 2.0 and is no longer required
[2026-01-05T22:38:43.913+0000] {processor.py:840} INFO - DAG(s) 'diabetes_ml_pipeline' retrieved from /opt/airflow/dags/diabetes_ml_pipeline.py
[2026-01-05T22:38:43.943+0000] {logging_mixin.py:188} INFO - [2026-01-05T22:38:43.943+0000] {dag.py:3036} INFO - Sync 1 DAGs
[2026-01-05T22:38:43.964+0000] {logging_mixin.py:188} INFO - [2026-01-05T22:38:43.963+0000] {dag.py:3823} INFO - Setting next_dagrun for diabetes_ml_pipeline to 2026-01-05 02:00:00+00:00, run_after=2026-01-06 02:00:00+00:00
[2026-01-05T22:38:44.002+0000] {processor.py:183} INFO - Processing /opt/airflow/dags/diabetes_ml_pipeline.py took 0.421 seconds
[2026-01-05T22:39:14.715+0000] {processor.py:161} INFO - Started process (PID=430) to work on /opt/airflow/dags/diabetes_ml_pipeline.py
[2026-01-05T22:39:14.716+0000] {processor.py:830} INFO - Processing file /opt/airflow/dags/diabetes_ml_pipeline.py for tasks to queue
[2026-01-05T22:39:14.717+0000] {logging_mixin.py:188} INFO - [2026-01-05T22:39:14.717+0000] {dagbag.py:538} INFO - Filling up the DagBag from /opt/airflow/dags/diabetes_ml_pipeline.py
[2026-01-05T22:39:15.548+0000] {logging_mixin.py:188} WARNING - /home/airflow/.local/lib/python3.11/site-packages/airflow/models/baseoperator.py:437 RemovedInAirflow3Warning: provide_context is deprecated as of 2.0 and is no longer required
[2026-01-05T22:39:15.560+0000] {processor.py:840} INFO - DAG(s) 'diabetes_ml_pipeline' retrieved from /opt/airflow/dags/diabetes_ml_pipeline.py
[2026-01-05T22:39:15.623+0000] {logging_mixin.py:188} INFO - [2026-01-05T22:39:15.622+0000] {dag.py:3036} INFO - Sync 1 DAGs
[2026-01-05T22:39:15.675+0000] {logging_mixin.py:188} INFO - [2026-01-05T22:39:15.674+0000] {dag.py:3823} INFO - Setting next_dagrun for diabetes_ml_pipeline to 2026-01-05 02:00:00+00:00, run_after=2026-01-06 02:00:00+00:00
[2026-01-05T22:39:16.000+0000] {processor.py:183} INFO - Processing /opt/airflow/dags/diabetes_ml_pipeline.py took 1.290 seconds
[2026-01-05T22:39:46.495+0000] {processor.py:161} INFO - Started process (PID=448) to work on /opt/airflow/dags/diabetes_ml_pipeline.py
[2026-01-05T22:39:46.497+0000] {processor.py:830} INFO - Processing file /opt/airflow/dags/diabetes_ml_pipeline.py for tasks to queue
[2026-01-05T22:39:46.500+0000] {logging_mixin.py:188} INFO - [2026-01-05T22:39:46.499+0000] {dagbag.py:538} INFO - Filling up the DagBag from /opt/airflow/dags/diabetes_ml_pipeline.py
[2026-01-05T22:39:46.911+0000] {logging_mixin.py:188} WARNING - /home/airflow/.local/lib/python3.11/site-packages/airflow/models/baseoperator.py:437 RemovedInAirflow3Warning: provide_context is deprecated as of 2.0 and is no longer required
[2026-01-05T22:39:46.918+0000] {processor.py:840} INFO - DAG(s) 'diabetes_ml_pipeline' retrieved from /opt/airflow/dags/diabetes_ml_pipeline.py
[2026-01-05T22:39:46.952+0000] {logging_mixin.py:188} INFO - [2026-01-05T22:39:46.952+0000] {dag.py:3036} INFO - Sync 1 DAGs
[2026-01-05T22:39:46.975+0000] {logging_mixin.py:188} INFO - [2026-01-05T22:39:46.974+0000] {dag.py:3823} INFO - Setting next_dagrun for diabetes_ml_pipeline to 2026-01-05 02:00:00+00:00, run_after=2026-01-06 02:00:00+00:00
[2026-01-05T22:39:47.001+0000] {processor.py:183} INFO - Processing /opt/airflow/dags/diabetes_ml_pipeline.py took 0.510 seconds
[2026-01-05T22:40:17.088+0000] {processor.py:161} INFO - Started process (PID=457) to work on /opt/airflow/dags/diabetes_ml_pipeline.py
[2026-01-05T22:40:17.090+0000] {processor.py:830} INFO - Processing file /opt/airflow/dags/diabetes_ml_pipeline.py for tasks to queue
[2026-01-05T22:40:17.092+0000] {logging_mixin.py:188} INFO - [2026-01-05T22:40:17.091+0000] {dagbag.py:538} INFO - Filling up the DagBag from /opt/airflow/dags/diabetes_ml_pipeline.py
[2026-01-05T22:40:17.449+0000] {logging_mixin.py:188} WARNING - /home/airflow/.local/lib/python3.11/site-packages/airflow/models/baseoperator.py:437 RemovedInAirflow3Warning: provide_context is deprecated as of 2.0 and is no longer required
[2026-01-05T22:40:17.456+0000] {processor.py:840} INFO - DAG(s) 'diabetes_ml_pipeline' retrieved from /opt/airflow/dags/diabetes_ml_pipeline.py
[2026-01-05T22:40:17.491+0000] {logging_mixin.py:188} INFO - [2026-01-05T22:40:17.490+0000] {dag.py:3036} INFO - Sync 1 DAGs
[2026-01-05T22:40:17.516+0000] {logging_mixin.py:188} INFO - [2026-01-05T22:40:17.516+0000] {dag.py:3823} INFO - Setting next_dagrun for diabetes_ml_pipeline to 2026-01-05 02:00:00+00:00, run_after=2026-01-06 02:00:00+00:00
[2026-01-05T22:40:17.692+0000] {processor.py:183} INFO - Processing /opt/airflow/dags/diabetes_ml_pipeline.py took 0.609 seconds
[2026-01-05T22:40:47.912+0000] {processor.py:161} INFO - Started process (PID=469) to work on /opt/airflow/dags/diabetes_ml_pipeline.py
[2026-01-05T22:40:47.914+0000] {processor.py:830} INFO - Processing file /opt/airflow/dags/diabetes_ml_pipeline.py for tasks to queue
[2026-01-05T22:40:47.916+0000] {logging_mixin.py:188} INFO - [2026-01-05T22:40:47.916+0000] {dagbag.py:538} INFO - Filling up the DagBag from /opt/airflow/dags/diabetes_ml_pipeline.py
[2026-01-05T22:40:48.258+0000] {logging_mixin.py:188} WARNING - /home/airflow/.local/lib/python3.11/site-packages/airflow/models/baseoperator.py:437 RemovedInAirflow3Warning: provide_context is deprecated as of 2.0 and is no longer required
[2026-01-05T22:40:48.266+0000] {processor.py:840} INFO - DAG(s) 'diabetes_ml_pipeline' retrieved from /opt/airflow/dags/diabetes_ml_pipeline.py
[2026-01-05T22:40:48.429+0000] {logging_mixin.py:188} INFO - [2026-01-05T22:40:48.429+0000] {dag.py:3036} INFO - Sync 1 DAGs
[2026-01-05T22:40:48.448+0000] {logging_mixin.py:188} INFO - [2026-01-05T22:40:48.448+0000] {dag.py:3823} INFO - Setting next_dagrun for diabetes_ml_pipeline to 2026-01-05 02:00:00+00:00, run_after=2026-01-06 02:00:00+00:00
[2026-01-05T22:40:48.466+0000] {processor.py:183} INFO - Processing /opt/airflow/dags/diabetes_ml_pipeline.py took 0.561 seconds
[2026-01-05T22:41:19.065+0000] {processor.py:161} INFO - Started process (PID=481) to work on /opt/airflow/dags/diabetes_ml_pipeline.py
[2026-01-05T22:41:19.069+0000] {processor.py:830} INFO - Processing file /opt/airflow/dags/diabetes_ml_pipeline.py for tasks to queue
[2026-01-05T22:41:19.072+0000] {logging_mixin.py:188} INFO - [2026-01-05T22:41:19.071+0000] {dagbag.py:538} INFO - Filling up the DagBag from /opt/airflow/dags/diabetes_ml_pipeline.py
[2026-01-05T22:41:19.606+0000] {logging_mixin.py:188} WARNING - /home/airflow/.local/lib/python3.11/site-packages/airflow/models/baseoperator.py:437 RemovedInAirflow3Warning: provide_context is deprecated as of 2.0 and is no longer required
[2026-01-05T22:41:19.611+0000] {processor.py:840} INFO - DAG(s) 'diabetes_ml_pipeline' retrieved from /opt/airflow/dags/diabetes_ml_pipeline.py
[2026-01-05T22:41:19.644+0000] {logging_mixin.py:188} INFO - [2026-01-05T22:41:19.643+0000] {dag.py:3036} INFO - Sync 1 DAGs
[2026-01-05T22:41:19.673+0000] {logging_mixin.py:188} INFO - [2026-01-05T22:41:19.673+0000] {dag.py:3823} INFO - Setting next_dagrun for diabetes_ml_pipeline to 2026-01-05 02:00:00+00:00, run_after=2026-01-06 02:00:00+00:00
[2026-01-05T22:41:19.723+0000] {processor.py:183} INFO - Processing /opt/airflow/dags/diabetes_ml_pipeline.py took 0.674 seconds
[2026-01-05T22:41:50.142+0000] {processor.py:161} INFO - Started process (PID=493) to work on /opt/airflow/dags/diabetes_ml_pipeline.py
[2026-01-05T22:41:50.144+0000] {processor.py:830} INFO - Processing file /opt/airflow/dags/diabetes_ml_pipeline.py for tasks to queue
[2026-01-05T22:41:50.146+0000] {logging_mixin.py:188} INFO - [2026-01-05T22:41:50.145+0000] {dagbag.py:538} INFO - Filling up the DagBag from /opt/airflow/dags/diabetes_ml_pipeline.py
[2026-01-05T22:41:50.517+0000] {logging_mixin.py:188} WARNING - /home/airflow/.local/lib/python3.11/site-packages/airflow/models/baseoperator.py:437 RemovedInAirflow3Warning: provide_context is deprecated as of 2.0 and is no longer required
[2026-01-05T22:41:50.523+0000] {processor.py:840} INFO - DAG(s) 'diabetes_ml_pipeline' retrieved from /opt/airflow/dags/diabetes_ml_pipeline.py
[2026-01-05T22:41:50.684+0000] {logging_mixin.py:188} INFO - [2026-01-05T22:41:50.684+0000] {dag.py:3036} INFO - Sync 1 DAGs
[2026-01-05T22:41:50.704+0000] {logging_mixin.py:188} INFO - [2026-01-05T22:41:50.704+0000] {dag.py:3823} INFO - Setting next_dagrun for diabetes_ml_pipeline to 2026-01-05 02:00:00+00:00, run_after=2026-01-06 02:00:00+00:00
[2026-01-05T22:41:50.723+0000] {processor.py:183} INFO - Processing /opt/airflow/dags/diabetes_ml_pipeline.py took 0.588 seconds
[2026-01-05T22:42:21.253+0000] {processor.py:161} INFO - Started process (PID=505) to work on /opt/airflow/dags/diabetes_ml_pipeline.py
[2026-01-05T22:42:21.255+0000] {processor.py:830} INFO - Processing file /opt/airflow/dags/diabetes_ml_pipeline.py for tasks to queue
[2026-01-05T22:42:21.258+0000] {logging_mixin.py:188} INFO - [2026-01-05T22:42:21.257+0000] {dagbag.py:538} INFO - Filling up the DagBag from /opt/airflow/dags/diabetes_ml_pipeline.py
[2026-01-05T22:42:21.766+0000] {logging_mixin.py:188} WARNING - /home/airflow/.local/lib/python3.11/site-packages/airflow/models/baseoperator.py:437 RemovedInAirflow3Warning: provide_context is deprecated as of 2.0 and is no longer required
[2026-01-05T22:42:21.771+0000] {processor.py:840} INFO - DAG(s) 'diabetes_ml_pipeline' retrieved from /opt/airflow/dags/diabetes_ml_pipeline.py
[2026-01-05T22:42:21.803+0000] {logging_mixin.py:188} INFO - [2026-01-05T22:42:21.803+0000] {dag.py:3036} INFO - Sync 1 DAGs
[2026-01-05T22:42:21.822+0000] {logging_mixin.py:188} INFO - [2026-01-05T22:42:21.822+0000] {dag.py:3823} INFO - Setting next_dagrun for diabetes_ml_pipeline to 2026-01-05 02:00:00+00:00, run_after=2026-01-06 02:00:00+00:00
[2026-01-05T22:42:21.853+0000] {processor.py:183} INFO - Processing /opt/airflow/dags/diabetes_ml_pipeline.py took 0.610 seconds
[2026-01-05T22:42:52.402+0000] {processor.py:161} INFO - Started process (PID=517) to work on /opt/airflow/dags/diabetes_ml_pipeline.py
[2026-01-05T22:42:52.403+0000] {processor.py:830} INFO - Processing file /opt/airflow/dags/diabetes_ml_pipeline.py for tasks to queue
[2026-01-05T22:42:52.406+0000] {logging_mixin.py:188} INFO - [2026-01-05T22:42:52.405+0000] {dagbag.py:538} INFO - Filling up the DagBag from /opt/airflow/dags/diabetes_ml_pipeline.py
[2026-01-05T22:42:52.914+0000] {logging_mixin.py:188} WARNING - /home/airflow/.local/lib/python3.11/site-packages/airflow/models/baseoperator.py:437 RemovedInAirflow3Warning: provide_context is deprecated as of 2.0 and is no longer required
[2026-01-05T22:42:52.921+0000] {processor.py:840} INFO - DAG(s) 'diabetes_ml_pipeline' retrieved from /opt/airflow/dags/diabetes_ml_pipeline.py
[2026-01-05T22:42:52.975+0000] {logging_mixin.py:188} INFO - [2026-01-05T22:42:52.973+0000] {dag.py:3036} INFO - Sync 1 DAGs
[2026-01-05T22:42:53.001+0000] {logging_mixin.py:188} INFO - [2026-01-05T22:42:53.001+0000] {dag.py:3823} INFO - Setting next_dagrun for diabetes_ml_pipeline to 2026-01-05 02:00:00+00:00, run_after=2026-01-06 02:00:00+00:00
[2026-01-05T22:42:53.023+0000] {processor.py:183} INFO - Processing /opt/airflow/dags/diabetes_ml_pipeline.py took 0.626 seconds
[2026-01-05T22:43:23.305+0000] {processor.py:161} INFO - Started process (PID=529) to work on /opt/airflow/dags/diabetes_ml_pipeline.py
[2026-01-05T22:43:23.307+0000] {processor.py:830} INFO - Processing file /opt/airflow/dags/diabetes_ml_pipeline.py for tasks to queue
[2026-01-05T22:43:23.308+0000] {logging_mixin.py:188} INFO - [2026-01-05T22:43:23.308+0000] {dagbag.py:538} INFO - Filling up the DagBag from /opt/airflow/dags/diabetes_ml_pipeline.py
[2026-01-05T22:43:23.832+0000] {logging_mixin.py:188} WARNING - /home/airflow/.local/lib/python3.11/site-packages/airflow/models/baseoperator.py:437 RemovedInAirflow3Warning: provide_context is deprecated as of 2.0 and is no longer required
[2026-01-05T22:43:23.838+0000] {processor.py:840} INFO - DAG(s) 'diabetes_ml_pipeline' retrieved from /opt/airflow/dags/diabetes_ml_pipeline.py
[2026-01-05T22:43:23.873+0000] {logging_mixin.py:188} INFO - [2026-01-05T22:43:23.872+0000] {dag.py:3036} INFO - Sync 1 DAGs
[2026-01-05T22:43:23.893+0000] {logging_mixin.py:188} INFO - [2026-01-05T22:43:23.892+0000] {dag.py:3823} INFO - Setting next_dagrun for diabetes_ml_pipeline to 2026-01-05 02:00:00+00:00, run_after=2026-01-06 02:00:00+00:00
[2026-01-05T22:43:23.914+0000] {processor.py:183} INFO - Processing /opt/airflow/dags/diabetes_ml_pipeline.py took 0.614 seconds
[2026-01-05T22:43:54.495+0000] {processor.py:161} INFO - Started process (PID=541) to work on /opt/airflow/dags/diabetes_ml_pipeline.py
[2026-01-05T22:43:54.498+0000] {processor.py:830} INFO - Processing file /opt/airflow/dags/diabetes_ml_pipeline.py for tasks to queue
[2026-01-05T22:43:54.500+0000] {logging_mixin.py:188} INFO - [2026-01-05T22:43:54.500+0000] {dagbag.py:538} INFO - Filling up the DagBag from /opt/airflow/dags/diabetes_ml_pipeline.py
[2026-01-05T22:43:55.081+0000] {logging_mixin.py:188} WARNING - /home/airflow/.local/lib/python3.11/site-packages/airflow/models/baseoperator.py:437 RemovedInAirflow3Warning: provide_context is deprecated as of 2.0 and is no longer required
[2026-01-05T22:43:55.086+0000] {processor.py:840} INFO - DAG(s) 'diabetes_ml_pipeline' retrieved from /opt/airflow/dags/diabetes_ml_pipeline.py
[2026-01-05T22:43:55.133+0000] {logging_mixin.py:188} INFO - [2026-01-05T22:43:55.132+0000] {dag.py:3036} INFO - Sync 1 DAGs
[2026-01-05T22:43:55.152+0000] {logging_mixin.py:188} INFO - [2026-01-05T22:43:55.152+0000] {dag.py:3823} INFO - Setting next_dagrun for diabetes_ml_pipeline to 2026-01-05 02:00:00+00:00, run_after=2026-01-06 02:00:00+00:00
[2026-01-05T22:43:55.172+0000] {processor.py:183} INFO - Processing /opt/airflow/dags/diabetes_ml_pipeline.py took 0.686 seconds
[2026-01-05T22:44:25.379+0000] {processor.py:161} INFO - Started process (PID=553) to work on /opt/airflow/dags/diabetes_ml_pipeline.py
[2026-01-05T22:44:25.381+0000] {processor.py:830} INFO - Processing file /opt/airflow/dags/diabetes_ml_pipeline.py for tasks to queue
[2026-01-05T22:44:25.384+0000] {logging_mixin.py:188} INFO - [2026-01-05T22:44:25.382+0000] {dagbag.py:538} INFO - Filling up the DagBag from /opt/airflow/dags/diabetes_ml_pipeline.py
[2026-01-05T22:44:25.880+0000] {logging_mixin.py:188} WARNING - /home/airflow/.local/lib/python3.11/site-packages/airflow/models/baseoperator.py:437 RemovedInAirflow3Warning: provide_context is deprecated as of 2.0 and is no longer required
[2026-01-05T22:44:25.888+0000] {processor.py:840} INFO - DAG(s) 'diabetes_ml_pipeline' retrieved from /opt/airflow/dags/diabetes_ml_pipeline.py
[2026-01-05T22:44:25.920+0000] {logging_mixin.py:188} INFO - [2026-01-05T22:44:25.920+0000] {dag.py:3036} INFO - Sync 1 DAGs
[2026-01-05T22:44:25.944+0000] {logging_mixin.py:188} INFO - [2026-01-05T22:44:25.943+0000] {dag.py:3823} INFO - Setting next_dagrun for diabetes_ml_pipeline to 2026-01-05 02:00:00+00:00, run_after=2026-01-06 02:00:00+00:00
[2026-01-05T22:44:25.972+0000] {processor.py:183} INFO - Processing /opt/airflow/dags/diabetes_ml_pipeline.py took 0.597 seconds
[2026-01-05T22:44:56.462+0000] {processor.py:161} INFO - Started process (PID=565) to work on /opt/airflow/dags/diabetes_ml_pipeline.py
[2026-01-05T22:44:56.464+0000] {processor.py:830} INFO - Processing file /opt/airflow/dags/diabetes_ml_pipeline.py for tasks to queue
[2026-01-05T22:44:56.466+0000] {logging_mixin.py:188} INFO - [2026-01-05T22:44:56.465+0000] {dagbag.py:538} INFO - Filling up the DagBag from /opt/airflow/dags/diabetes_ml_pipeline.py
[2026-01-05T22:44:57.049+0000] {logging_mixin.py:188} WARNING - /home/airflow/.local/lib/python3.11/site-packages/airflow/models/baseoperator.py:437 RemovedInAirflow3Warning: provide_context is deprecated as of 2.0 and is no longer required
[2026-01-05T22:44:57.054+0000] {processor.py:840} INFO - DAG(s) 'diabetes_ml_pipeline' retrieved from /opt/airflow/dags/diabetes_ml_pipeline.py
[2026-01-05T22:44:57.088+0000] {logging_mixin.py:188} INFO - [2026-01-05T22:44:57.087+0000] {dag.py:3036} INFO - Sync 1 DAGs
[2026-01-05T22:44:57.111+0000] {logging_mixin.py:188} INFO - [2026-01-05T22:44:57.111+0000] {dag.py:3823} INFO - Setting next_dagrun for diabetes_ml_pipeline to 2026-01-05 02:00:00+00:00, run_after=2026-01-06 02:00:00+00:00
[2026-01-05T22:44:57.137+0000] {processor.py:183} INFO - Processing /opt/airflow/dags/diabetes_ml_pipeline.py took 0.682 seconds
[2026-01-05T22:45:27.227+0000] {processor.py:161} INFO - Started process (PID=577) to work on /opt/airflow/dags/diabetes_ml_pipeline.py
[2026-01-05T22:45:27.228+0000] {processor.py:830} INFO - Processing file /opt/airflow/dags/diabetes_ml_pipeline.py for tasks to queue
[2026-01-05T22:45:27.230+0000] {logging_mixin.py:188} INFO - [2026-01-05T22:45:27.229+0000] {dagbag.py:538} INFO - Filling up the DagBag from /opt/airflow/dags/diabetes_ml_pipeline.py
[2026-01-05T22:45:27.730+0000] {logging_mixin.py:188} WARNING - /home/airflow/.local/lib/python3.11/site-packages/airflow/models/baseoperator.py:437 RemovedInAirflow3Warning: provide_context is deprecated as of 2.0 and is no longer required
[2026-01-05T22:45:27.735+0000] {processor.py:840} INFO - DAG(s) 'diabetes_ml_pipeline' retrieved from /opt/airflow/dags/diabetes_ml_pipeline.py
[2026-01-05T22:45:27.775+0000] {logging_mixin.py:188} INFO - [2026-01-05T22:45:27.774+0000] {dag.py:3036} INFO - Sync 1 DAGs
[2026-01-05T22:45:27.805+0000] {logging_mixin.py:188} INFO - [2026-01-05T22:45:27.805+0000] {dag.py:3823} INFO - Setting next_dagrun for diabetes_ml_pipeline to 2026-01-05 02:00:00+00:00, run_after=2026-01-06 02:00:00+00:00
[2026-01-05T22:45:27.831+0000] {processor.py:183} INFO - Processing /opt/airflow/dags/diabetes_ml_pipeline.py took 0.608 seconds
[2026-01-05T22:45:57.945+0000] {processor.py:161} INFO - Started process (PID=590) to work on /opt/airflow/dags/diabetes_ml_pipeline.py
[2026-01-05T22:45:57.948+0000] {processor.py:830} INFO - Processing file /opt/airflow/dags/diabetes_ml_pipeline.py for tasks to queue
[2026-01-05T22:45:57.949+0000] {logging_mixin.py:188} INFO - [2026-01-05T22:45:57.948+0000] {dagbag.py:538} INFO - Filling up the DagBag from /opt/airflow/dags/diabetes_ml_pipeline.py
[2026-01-05T22:45:58.434+0000] {logging_mixin.py:188} WARNING - /home/airflow/.local/lib/python3.11/site-packages/airflow/models/baseoperator.py:437 RemovedInAirflow3Warning: provide_context is deprecated as of 2.0 and is no longer required
[2026-01-05T22:45:58.441+0000] {processor.py:840} INFO - DAG(s) 'diabetes_ml_pipeline' retrieved from /opt/airflow/dags/diabetes_ml_pipeline.py
[2026-01-05T22:45:58.480+0000] {logging_mixin.py:188} INFO - [2026-01-05T22:45:58.479+0000] {dag.py:3036} INFO - Sync 1 DAGs
[2026-01-05T22:45:58.504+0000] {logging_mixin.py:188} INFO - [2026-01-05T22:45:58.504+0000] {dag.py:3823} INFO - Setting next_dagrun for diabetes_ml_pipeline to 2026-01-05 02:00:00+00:00, run_after=2026-01-06 02:00:00+00:00
[2026-01-05T22:45:58.531+0000] {processor.py:183} INFO - Processing /opt/airflow/dags/diabetes_ml_pipeline.py took 0.593 seconds
[2026-01-05T22:46:29.099+0000] {processor.py:161} INFO - Started process (PID=602) to work on /opt/airflow/dags/diabetes_ml_pipeline.py
[2026-01-05T22:46:29.105+0000] {processor.py:830} INFO - Processing file /opt/airflow/dags/diabetes_ml_pipeline.py for tasks to queue
[2026-01-05T22:46:29.112+0000] {logging_mixin.py:188} INFO - [2026-01-05T22:46:29.110+0000] {dagbag.py:538} INFO - Filling up the DagBag from /opt/airflow/dags/diabetes_ml_pipeline.py
[2026-01-05T22:46:29.605+0000] {logging_mixin.py:188} WARNING - /home/airflow/.local/lib/python3.11/site-packages/airflow/models/baseoperator.py:437 RemovedInAirflow3Warning: provide_context is deprecated as of 2.0 and is no longer required
[2026-01-05T22:46:29.610+0000] {processor.py:840} INFO - DAG(s) 'diabetes_ml_pipeline' retrieved from /opt/airflow/dags/diabetes_ml_pipeline.py
[2026-01-05T22:46:29.643+0000] {logging_mixin.py:188} INFO - [2026-01-05T22:46:29.643+0000] {dag.py:3036} INFO - Sync 1 DAGs
[2026-01-05T22:46:29.680+0000] {logging_mixin.py:188} INFO - [2026-01-05T22:46:29.679+0000] {dag.py:3823} INFO - Setting next_dagrun for diabetes_ml_pipeline to 2026-01-05 02:00:00+00:00, run_after=2026-01-06 02:00:00+00:00
[2026-01-05T22:46:29.734+0000] {processor.py:183} INFO - Processing /opt/airflow/dags/diabetes_ml_pipeline.py took 0.653 seconds
[2026-01-05T22:46:59.994+0000] {processor.py:161} INFO - Started process (PID=615) to work on /opt/airflow/dags/diabetes_ml_pipeline.py
[2026-01-05T22:46:59.997+0000] {processor.py:830} INFO - Processing file /opt/airflow/dags/diabetes_ml_pipeline.py for tasks to queue
[2026-01-05T22:47:00.002+0000] {logging_mixin.py:188} INFO - [2026-01-05T22:47:00.002+0000] {dagbag.py:538} INFO - Filling up the DagBag from /opt/airflow/dags/diabetes_ml_pipeline.py
[2026-01-05T22:47:00.545+0000] {logging_mixin.py:188} WARNING - /home/airflow/.local/lib/python3.11/site-packages/airflow/models/baseoperator.py:437 RemovedInAirflow3Warning: provide_context is deprecated as of 2.0 and is no longer required
[2026-01-05T22:47:00.550+0000] {processor.py:840} INFO - DAG(s) 'diabetes_ml_pipeline' retrieved from /opt/airflow/dags/diabetes_ml_pipeline.py
[2026-01-05T22:47:00.597+0000] {logging_mixin.py:188} INFO - [2026-01-05T22:47:00.597+0000] {dag.py:3036} INFO - Sync 1 DAGs
[2026-01-05T22:47:00.628+0000] {logging_mixin.py:188} INFO - [2026-01-05T22:47:00.628+0000] {dag.py:3823} INFO - Setting next_dagrun for diabetes_ml_pipeline to 2026-01-05 02:00:00+00:00, run_after=2026-01-06 02:00:00+00:00
[2026-01-05T22:47:00.701+0000] {processor.py:183} INFO - Processing /opt/airflow/dags/diabetes_ml_pipeline.py took 0.714 seconds
[2026-01-05T22:47:31.292+0000] {processor.py:161} INFO - Started process (PID=627) to work on /opt/airflow/dags/diabetes_ml_pipeline.py
[2026-01-05T22:47:31.296+0000] {processor.py:830} INFO - Processing file /opt/airflow/dags/diabetes_ml_pipeline.py for tasks to queue
[2026-01-05T22:47:31.299+0000] {logging_mixin.py:188} INFO - [2026-01-05T22:47:31.298+0000] {dagbag.py:538} INFO - Filling up the DagBag from /opt/airflow/dags/diabetes_ml_pipeline.py
[2026-01-05T22:47:31.837+0000] {logging_mixin.py:188} WARNING - /home/airflow/.local/lib/python3.11/site-packages/airflow/models/baseoperator.py:437 RemovedInAirflow3Warning: provide_context is deprecated as of 2.0 and is no longer required
[2026-01-05T22:47:31.843+0000] {processor.py:840} INFO - DAG(s) 'diabetes_ml_pipeline' retrieved from /opt/airflow/dags/diabetes_ml_pipeline.py
[2026-01-05T22:47:31.936+0000] {logging_mixin.py:188} INFO - [2026-01-05T22:47:31.936+0000] {dag.py:3036} INFO - Sync 1 DAGs
[2026-01-05T22:47:32.003+0000] {logging_mixin.py:188} INFO - [2026-01-05T22:47:32.002+0000] {dag.py:3823} INFO - Setting next_dagrun for diabetes_ml_pipeline to 2026-01-05 02:00:00+00:00, run_after=2026-01-06 02:00:00+00:00
[2026-01-05T22:47:32.116+0000] {processor.py:183} INFO - Processing /opt/airflow/dags/diabetes_ml_pipeline.py took 0.836 seconds
[2026-01-05T22:48:02.551+0000] {processor.py:161} INFO - Started process (PID=640) to work on /opt/airflow/dags/diabetes_ml_pipeline.py
[2026-01-05T22:48:02.552+0000] {processor.py:830} INFO - Processing file /opt/airflow/dags/diabetes_ml_pipeline.py for tasks to queue
[2026-01-05T22:48:02.554+0000] {logging_mixin.py:188} INFO - [2026-01-05T22:48:02.553+0000] {dagbag.py:538} INFO - Filling up the DagBag from /opt/airflow/dags/diabetes_ml_pipeline.py
[2026-01-05T22:48:03.191+0000] {logging_mixin.py:188} WARNING - /home/airflow/.local/lib/python3.11/site-packages/airflow/models/baseoperator.py:437 RemovedInAirflow3Warning: provide_context is deprecated as of 2.0 and is no longer required
[2026-01-05T22:48:03.207+0000] {processor.py:840} INFO - DAG(s) 'diabetes_ml_pipeline' retrieved from /opt/airflow/dags/diabetes_ml_pipeline.py
[2026-01-05T22:48:03.282+0000] {logging_mixin.py:188} INFO - [2026-01-05T22:48:03.281+0000] {dag.py:3036} INFO - Sync 1 DAGs
[2026-01-05T22:48:03.326+0000] {logging_mixin.py:188} INFO - [2026-01-05T22:48:03.325+0000] {dag.py:3823} INFO - Setting next_dagrun for diabetes_ml_pipeline to 2026-01-05 02:00:00+00:00, run_after=2026-01-06 02:00:00+00:00
[2026-01-05T22:48:03.359+0000] {processor.py:183} INFO - Processing /opt/airflow/dags/diabetes_ml_pipeline.py took 0.814 seconds
[2026-01-05T22:48:33.908+0000] {processor.py:161} INFO - Started process (PID=652) to work on /opt/airflow/dags/diabetes_ml_pipeline.py
[2026-01-05T22:48:33.911+0000] {processor.py:830} INFO - Processing file /opt/airflow/dags/diabetes_ml_pipeline.py for tasks to queue
[2026-01-05T22:48:33.914+0000] {logging_mixin.py:188} INFO - [2026-01-05T22:48:33.913+0000] {dagbag.py:538} INFO - Filling up the DagBag from /opt/airflow/dags/diabetes_ml_pipeline.py
[2026-01-05T22:48:34.491+0000] {logging_mixin.py:188} WARNING - /home/airflow/.local/lib/python3.11/site-packages/airflow/models/baseoperator.py:437 RemovedInAirflow3Warning: provide_context is deprecated as of 2.0 and is no longer required
[2026-01-05T22:48:34.496+0000] {processor.py:840} INFO - DAG(s) 'diabetes_ml_pipeline' retrieved from /opt/airflow/dags/diabetes_ml_pipeline.py
[2026-01-05T22:48:34.524+0000] {logging_mixin.py:188} INFO - [2026-01-05T22:48:34.524+0000] {dag.py:3036} INFO - Sync 1 DAGs
[2026-01-05T22:48:34.547+0000] {logging_mixin.py:188} INFO - [2026-01-05T22:48:34.547+0000] {dag.py:3823} INFO - Setting next_dagrun for diabetes_ml_pipeline to 2026-01-05 02:00:00+00:00, run_after=2026-01-06 02:00:00+00:00
[2026-01-05T22:48:34.574+0000] {processor.py:183} INFO - Processing /opt/airflow/dags/diabetes_ml_pipeline.py took 0.674 seconds
[2026-01-05T22:49:05.149+0000] {processor.py:161} INFO - Started process (PID=664) to work on /opt/airflow/dags/diabetes_ml_pipeline.py
[2026-01-05T22:49:05.151+0000] {processor.py:830} INFO - Processing file /opt/airflow/dags/diabetes_ml_pipeline.py for tasks to queue
[2026-01-05T22:49:05.156+0000] {logging_mixin.py:188} INFO - [2026-01-05T22:49:05.156+0000] {dagbag.py:538} INFO - Filling up the DagBag from /opt/airflow/dags/diabetes_ml_pipeline.py
[2026-01-05T22:49:05.857+0000] {logging_mixin.py:188} WARNING - /home/airflow/.local/lib/python3.11/site-packages/airflow/models/baseoperator.py:437 RemovedInAirflow3Warning: provide_context is deprecated as of 2.0 and is no longer required
[2026-01-05T22:49:05.863+0000] {processor.py:840} INFO - DAG(s) 'diabetes_ml_pipeline' retrieved from /opt/airflow/dags/diabetes_ml_pipeline.py
[2026-01-05T22:49:05.908+0000] {logging_mixin.py:188} INFO - [2026-01-05T22:49:05.908+0000] {dag.py:3036} INFO - Sync 1 DAGs
[2026-01-05T22:49:05.931+0000] {logging_mixin.py:188} INFO - [2026-01-05T22:49:05.931+0000] {dag.py:3823} INFO - Setting next_dagrun for diabetes_ml_pipeline to 2026-01-05 02:00:00+00:00, run_after=2026-01-06 02:00:00+00:00
[2026-01-05T22:49:05.953+0000] {processor.py:183} INFO - Processing /opt/airflow/dags/diabetes_ml_pipeline.py took 0.901 seconds
[2026-01-05T22:49:36.574+0000] {processor.py:161} INFO - Started process (PID=676) to work on /opt/airflow/dags/diabetes_ml_pipeline.py
[2026-01-05T22:49:36.576+0000] {processor.py:830} INFO - Processing file /opt/airflow/dags/diabetes_ml_pipeline.py for tasks to queue
[2026-01-05T22:49:36.578+0000] {logging_mixin.py:188} INFO - [2026-01-05T22:49:36.577+0000] {dagbag.py:538} INFO - Filling up the DagBag from /opt/airflow/dags/diabetes_ml_pipeline.py
[2026-01-05T22:49:37.140+0000] {logging_mixin.py:188} WARNING - /home/airflow/.local/lib/python3.11/site-packages/airflow/models/baseoperator.py:437 RemovedInAirflow3Warning: provide_context is deprecated as of 2.0 and is no longer required
[2026-01-05T22:49:37.148+0000] {processor.py:840} INFO - DAG(s) 'diabetes_ml_pipeline' retrieved from /opt/airflow/dags/diabetes_ml_pipeline.py
[2026-01-05T22:49:37.192+0000] {logging_mixin.py:188} INFO - [2026-01-05T22:49:37.191+0000] {dag.py:3036} INFO - Sync 1 DAGs
[2026-01-05T22:49:37.218+0000] {logging_mixin.py:188} INFO - [2026-01-05T22:49:37.218+0000] {dag.py:3823} INFO - Setting next_dagrun for diabetes_ml_pipeline to 2026-01-05 02:00:00+00:00, run_after=2026-01-06 02:00:00+00:00
[2026-01-05T22:49:37.241+0000] {processor.py:183} INFO - Processing /opt/airflow/dags/diabetes_ml_pipeline.py took 0.672 seconds
[2026-01-05T22:50:07.698+0000] {processor.py:161} INFO - Started process (PID=688) to work on /opt/airflow/dags/diabetes_ml_pipeline.py
[2026-01-05T22:50:07.700+0000] {processor.py:830} INFO - Processing file /opt/airflow/dags/diabetes_ml_pipeline.py for tasks to queue
[2026-01-05T22:50:07.703+0000] {logging_mixin.py:188} INFO - [2026-01-05T22:50:07.702+0000] {dagbag.py:538} INFO - Filling up the DagBag from /opt/airflow/dags/diabetes_ml_pipeline.py
[2026-01-05T22:50:08.195+0000] {logging_mixin.py:188} WARNING - /home/airflow/.local/lib/python3.11/site-packages/airflow/models/baseoperator.py:437 RemovedInAirflow3Warning: provide_context is deprecated as of 2.0 and is no longer required
[2026-01-05T22:50:08.200+0000] {processor.py:840} INFO - DAG(s) 'diabetes_ml_pipeline' retrieved from /opt/airflow/dags/diabetes_ml_pipeline.py
[2026-01-05T22:50:08.241+0000] {logging_mixin.py:188} INFO - [2026-01-05T22:50:08.241+0000] {dag.py:3036} INFO - Sync 1 DAGs
[2026-01-05T22:50:08.261+0000] {logging_mixin.py:188} INFO - [2026-01-05T22:50:08.261+0000] {dag.py:3823} INFO - Setting next_dagrun for diabetes_ml_pipeline to 2026-01-05 02:00:00+00:00, run_after=2026-01-06 02:00:00+00:00
[2026-01-05T22:50:08.285+0000] {processor.py:183} INFO - Processing /opt/airflow/dags/diabetes_ml_pipeline.py took 0.595 seconds
[2026-01-05T22:50:38.505+0000] {processor.py:161} INFO - Started process (PID=700) to work on /opt/airflow/dags/diabetes_ml_pipeline.py
[2026-01-05T22:50:38.506+0000] {processor.py:830} INFO - Processing file /opt/airflow/dags/diabetes_ml_pipeline.py for tasks to queue
[2026-01-05T22:50:38.508+0000] {logging_mixin.py:188} INFO - [2026-01-05T22:50:38.507+0000] {dagbag.py:538} INFO - Filling up the DagBag from /opt/airflow/dags/diabetes_ml_pipeline.py
[2026-01-05T22:50:38.971+0000] {logging_mixin.py:188} WARNING - /home/airflow/.local/lib/python3.11/site-packages/airflow/models/baseoperator.py:437 RemovedInAirflow3Warning: provide_context is deprecated as of 2.0 and is no longer required
[2026-01-05T22:50:38.976+0000] {processor.py:840} INFO - DAG(s) 'diabetes_ml_pipeline' retrieved from /opt/airflow/dags/diabetes_ml_pipeline.py
[2026-01-05T22:50:39.005+0000] {logging_mixin.py:188} INFO - [2026-01-05T22:50:39.004+0000] {dag.py:3036} INFO - Sync 1 DAGs
[2026-01-05T22:50:39.023+0000] {logging_mixin.py:188} INFO - [2026-01-05T22:50:39.023+0000] {dag.py:3823} INFO - Setting next_dagrun for diabetes_ml_pipeline to 2026-01-05 02:00:00+00:00, run_after=2026-01-06 02:00:00+00:00
[2026-01-05T22:50:39.045+0000] {processor.py:183} INFO - Processing /opt/airflow/dags/diabetes_ml_pipeline.py took 0.543 seconds
[2026-01-05T22:51:09.427+0000] {processor.py:161} INFO - Started process (PID=729) to work on /opt/airflow/dags/diabetes_ml_pipeline.py
[2026-01-05T22:51:09.428+0000] {processor.py:830} INFO - Processing file /opt/airflow/dags/diabetes_ml_pipeline.py for tasks to queue
[2026-01-05T22:51:09.429+0000] {logging_mixin.py:188} INFO - [2026-01-05T22:51:09.429+0000] {dagbag.py:538} INFO - Filling up the DagBag from /opt/airflow/dags/diabetes_ml_pipeline.py
[2026-01-05T22:51:10.029+0000] {logging_mixin.py:188} WARNING - /home/airflow/.local/lib/python3.11/site-packages/airflow/models/baseoperator.py:437 RemovedInAirflow3Warning: provide_context is deprecated as of 2.0 and is no longer required
[2026-01-05T22:51:10.035+0000] {processor.py:840} INFO - DAG(s) 'diabetes_ml_pipeline' retrieved from /opt/airflow/dags/diabetes_ml_pipeline.py
[2026-01-05T22:51:10.076+0000] {logging_mixin.py:188} INFO - [2026-01-05T22:51:10.075+0000] {dag.py:3036} INFO - Sync 1 DAGs
[2026-01-05T22:51:10.123+0000] {logging_mixin.py:188} INFO - [2026-01-05T22:51:10.123+0000] {dag.py:3823} INFO - Setting next_dagrun for diabetes_ml_pipeline to 2026-01-05 02:00:00+00:00, run_after=2026-01-06 02:00:00+00:00
[2026-01-05T22:51:10.161+0000] {processor.py:183} INFO - Processing /opt/airflow/dags/diabetes_ml_pipeline.py took 0.742 seconds
[2026-01-05T22:51:40.357+0000] {processor.py:161} INFO - Started process (PID=764) to work on /opt/airflow/dags/diabetes_ml_pipeline.py
[2026-01-05T22:51:40.359+0000] {processor.py:830} INFO - Processing file /opt/airflow/dags/diabetes_ml_pipeline.py for tasks to queue
[2026-01-05T22:51:40.361+0000] {logging_mixin.py:188} INFO - [2026-01-05T22:51:40.360+0000] {dagbag.py:538} INFO - Filling up the DagBag from /opt/airflow/dags/diabetes_ml_pipeline.py
[2026-01-05T22:51:40.927+0000] {logging_mixin.py:188} WARNING - /home/airflow/.local/lib/python3.11/site-packages/airflow/models/baseoperator.py:437 RemovedInAirflow3Warning: provide_context is deprecated as of 2.0 and is no longer required
[2026-01-05T22:51:40.939+0000] {processor.py:840} INFO - DAG(s) 'diabetes_ml_pipeline' retrieved from /opt/airflow/dags/diabetes_ml_pipeline.py
[2026-01-05T22:51:41.004+0000] {logging_mixin.py:188} INFO - [2026-01-05T22:51:41.003+0000] {dag.py:3036} INFO - Sync 1 DAGs
[2026-01-05T22:51:41.039+0000] {logging_mixin.py:188} INFO - [2026-01-05T22:51:41.039+0000] {dag.py:3823} INFO - Setting next_dagrun for diabetes_ml_pipeline to 2026-01-05 02:00:00+00:00, run_after=2026-01-06 02:00:00+00:00
[2026-01-05T22:51:41.070+0000] {processor.py:183} INFO - Processing /opt/airflow/dags/diabetes_ml_pipeline.py took 0.717 seconds
[2026-01-05T22:52:11.582+0000] {processor.py:161} INFO - Started process (PID=771) to work on /opt/airflow/dags/diabetes_ml_pipeline.py
[2026-01-05T22:52:11.583+0000] {processor.py:830} INFO - Processing file /opt/airflow/dags/diabetes_ml_pipeline.py for tasks to queue
[2026-01-05T22:52:11.585+0000] {logging_mixin.py:188} INFO - [2026-01-05T22:52:11.584+0000] {dagbag.py:538} INFO - Filling up the DagBag from /opt/airflow/dags/diabetes_ml_pipeline.py
[2026-01-05T22:52:12.064+0000] {logging_mixin.py:188} WARNING - /home/airflow/.local/lib/python3.11/site-packages/airflow/models/baseoperator.py:437 RemovedInAirflow3Warning: provide_context is deprecated as of 2.0 and is no longer required
[2026-01-05T22:52:12.069+0000] {processor.py:840} INFO - DAG(s) 'diabetes_ml_pipeline' retrieved from /opt/airflow/dags/diabetes_ml_pipeline.py
[2026-01-05T22:52:12.103+0000] {logging_mixin.py:188} INFO - [2026-01-05T22:52:12.102+0000] {dag.py:3036} INFO - Sync 1 DAGs
[2026-01-05T22:52:12.121+0000] {logging_mixin.py:188} INFO - [2026-01-05T22:52:12.121+0000] {dag.py:3823} INFO - Setting next_dagrun for diabetes_ml_pipeline to 2026-01-05 02:00:00+00:00, run_after=2026-01-06 02:00:00+00:00
[2026-01-05T22:52:12.141+0000] {processor.py:183} INFO - Processing /opt/airflow/dags/diabetes_ml_pipeline.py took 0.564 seconds
[2026-01-05T22:52:42.392+0000] {processor.py:161} INFO - Started process (PID=782) to work on /opt/airflow/dags/diabetes_ml_pipeline.py
[2026-01-05T22:52:42.394+0000] {processor.py:830} INFO - Processing file /opt/airflow/dags/diabetes_ml_pipeline.py for tasks to queue
[2026-01-05T22:52:42.397+0000] {logging_mixin.py:188} INFO - [2026-01-05T22:52:42.396+0000] {dagbag.py:538} INFO - Filling up the DagBag from /opt/airflow/dags/diabetes_ml_pipeline.py
[2026-01-05T22:52:42.867+0000] {logging_mixin.py:188} WARNING - /home/airflow/.local/lib/python3.11/site-packages/airflow/models/baseoperator.py:437 RemovedInAirflow3Warning: provide_context is deprecated as of 2.0 and is no longer required
[2026-01-05T22:52:42.872+0000] {processor.py:840} INFO - DAG(s) 'diabetes_ml_pipeline' retrieved from /opt/airflow/dags/diabetes_ml_pipeline.py
[2026-01-05T22:52:42.902+0000] {logging_mixin.py:188} INFO - [2026-01-05T22:52:42.902+0000] {dag.py:3036} INFO - Sync 1 DAGs
[2026-01-05T22:52:42.921+0000] {logging_mixin.py:188} INFO - [2026-01-05T22:52:42.921+0000] {dag.py:3823} INFO - Setting next_dagrun for diabetes_ml_pipeline to 2026-01-05 02:00:00+00:00, run_after=2026-01-06 02:00:00+00:00
[2026-01-05T22:52:42.943+0000] {processor.py:183} INFO - Processing /opt/airflow/dags/diabetes_ml_pipeline.py took 0.563 seconds
[2026-01-05T22:53:13.267+0000] {processor.py:161} INFO - Started process (PID=794) to work on /opt/airflow/dags/diabetes_ml_pipeline.py
[2026-01-05T22:53:13.268+0000] {processor.py:830} INFO - Processing file /opt/airflow/dags/diabetes_ml_pipeline.py for tasks to queue
[2026-01-05T22:53:13.270+0000] {logging_mixin.py:188} INFO - [2026-01-05T22:53:13.269+0000] {dagbag.py:538} INFO - Filling up the DagBag from /opt/airflow/dags/diabetes_ml_pipeline.py
[2026-01-05T22:53:13.702+0000] {logging_mixin.py:188} WARNING - /home/airflow/.local/lib/python3.11/site-packages/airflow/models/baseoperator.py:437 RemovedInAirflow3Warning: provide_context is deprecated as of 2.0 and is no longer required
[2026-01-05T22:53:13.708+0000] {processor.py:840} INFO - DAG(s) 'diabetes_ml_pipeline' retrieved from /opt/airflow/dags/diabetes_ml_pipeline.py
[2026-01-05T22:53:13.740+0000] {logging_mixin.py:188} INFO - [2026-01-05T22:53:13.740+0000] {dag.py:3036} INFO - Sync 1 DAGs
[2026-01-05T22:53:13.759+0000] {logging_mixin.py:188} INFO - [2026-01-05T22:53:13.758+0000] {dag.py:3823} INFO - Setting next_dagrun for diabetes_ml_pipeline to 2026-01-05 02:00:00+00:00, run_after=2026-01-06 02:00:00+00:00
[2026-01-05T22:53:13.780+0000] {processor.py:183} INFO - Processing /opt/airflow/dags/diabetes_ml_pipeline.py took 0.516 seconds
[2026-01-05T22:53:44.301+0000] {processor.py:161} INFO - Started process (PID=806) to work on /opt/airflow/dags/diabetes_ml_pipeline.py
[2026-01-05T22:53:44.307+0000] {processor.py:830} INFO - Processing file /opt/airflow/dags/diabetes_ml_pipeline.py for tasks to queue
[2026-01-05T22:53:44.314+0000] {logging_mixin.py:188} INFO - [2026-01-05T22:53:44.312+0000] {dagbag.py:538} INFO - Filling up the DagBag from /opt/airflow/dags/diabetes_ml_pipeline.py
[2026-01-05T22:53:44.838+0000] {logging_mixin.py:188} WARNING - /home/airflow/.local/lib/python3.11/site-packages/airflow/models/baseoperator.py:437 RemovedInAirflow3Warning: provide_context is deprecated as of 2.0 and is no longer required
[2026-01-05T22:53:44.843+0000] {processor.py:840} INFO - DAG(s) 'diabetes_ml_pipeline' retrieved from /opt/airflow/dags/diabetes_ml_pipeline.py
[2026-01-05T22:53:44.869+0000] {logging_mixin.py:188} INFO - [2026-01-05T22:53:44.868+0000] {dag.py:3036} INFO - Sync 1 DAGs
[2026-01-05T22:53:44.888+0000] {logging_mixin.py:188} INFO - [2026-01-05T22:53:44.887+0000] {dag.py:3823} INFO - Setting next_dagrun for diabetes_ml_pipeline to 2026-01-05 02:00:00+00:00, run_after=2026-01-06 02:00:00+00:00
[2026-01-05T22:53:44.909+0000] {processor.py:183} INFO - Processing /opt/airflow/dags/diabetes_ml_pipeline.py took 0.622 seconds
[2026-01-05T22:54:15.488+0000] {processor.py:161} INFO - Started process (PID=818) to work on /opt/airflow/dags/diabetes_ml_pipeline.py
[2026-01-05T22:54:15.490+0000] {processor.py:830} INFO - Processing file /opt/airflow/dags/diabetes_ml_pipeline.py for tasks to queue
[2026-01-05T22:54:15.491+0000] {logging_mixin.py:188} INFO - [2026-01-05T22:54:15.491+0000] {dagbag.py:538} INFO - Filling up the DagBag from /opt/airflow/dags/diabetes_ml_pipeline.py
[2026-01-05T22:54:15.965+0000] {logging_mixin.py:188} WARNING - /home/airflow/.local/lib/python3.11/site-packages/airflow/models/baseoperator.py:437 RemovedInAirflow3Warning: provide_context is deprecated as of 2.0 and is no longer required
[2026-01-05T22:54:15.970+0000] {processor.py:840} INFO - DAG(s) 'diabetes_ml_pipeline' retrieved from /opt/airflow/dags/diabetes_ml_pipeline.py
[2026-01-05T22:54:15.997+0000] {logging_mixin.py:188} INFO - [2026-01-05T22:54:15.997+0000] {dag.py:3036} INFO - Sync 1 DAGs
[2026-01-05T22:54:16.015+0000] {logging_mixin.py:188} INFO - [2026-01-05T22:54:16.015+0000] {dag.py:3823} INFO - Setting next_dagrun for diabetes_ml_pipeline to 2026-01-05 02:00:00+00:00, run_after=2026-01-06 02:00:00+00:00
[2026-01-05T22:54:16.036+0000] {processor.py:183} INFO - Processing /opt/airflow/dags/diabetes_ml_pipeline.py took 0.553 seconds
[2026-01-05T22:54:47.550+0000] {processor.py:161} INFO - Started process (PID=830) to work on /opt/airflow/dags/diabetes_ml_pipeline.py
[2026-01-05T22:54:47.565+0000] {processor.py:830} INFO - Processing file /opt/airflow/dags/diabetes_ml_pipeline.py for tasks to queue
[2026-01-05T22:54:47.578+0000] {logging_mixin.py:188} INFO - [2026-01-05T22:54:47.577+0000] {dagbag.py:538} INFO - Filling up the DagBag from /opt/airflow/dags/diabetes_ml_pipeline.py
[2026-01-05T22:54:48.631+0000] {logging_mixin.py:188} WARNING - /home/airflow/.local/lib/python3.11/site-packages/airflow/models/baseoperator.py:437 RemovedInAirflow3Warning: provide_context is deprecated as of 2.0 and is no longer required
[2026-01-05T22:54:48.641+0000] {processor.py:840} INFO - DAG(s) 'diabetes_ml_pipeline' retrieved from /opt/airflow/dags/diabetes_ml_pipeline.py
[2026-01-05T22:54:48.727+0000] {logging_mixin.py:188} INFO - [2026-01-05T22:54:48.727+0000] {dag.py:3036} INFO - Sync 1 DAGs
[2026-01-05T22:54:48.774+0000] {logging_mixin.py:188} INFO - [2026-01-05T22:54:48.774+0000] {dag.py:3823} INFO - Setting next_dagrun for diabetes_ml_pipeline to 2026-01-05 02:00:00+00:00, run_after=2026-01-06 02:00:00+00:00
[2026-01-05T22:54:48.824+0000] {processor.py:183} INFO - Processing /opt/airflow/dags/diabetes_ml_pipeline.py took 1.280 seconds
[2026-01-05T22:55:19.266+0000] {processor.py:161} INFO - Started process (PID=842) to work on /opt/airflow/dags/diabetes_ml_pipeline.py
[2026-01-05T22:55:19.268+0000] {processor.py:830} INFO - Processing file /opt/airflow/dags/diabetes_ml_pipeline.py for tasks to queue
[2026-01-05T22:55:19.269+0000] {logging_mixin.py:188} INFO - [2026-01-05T22:55:19.269+0000] {dagbag.py:538} INFO - Filling up the DagBag from /opt/airflow/dags/diabetes_ml_pipeline.py
[2026-01-05T22:55:19.778+0000] {logging_mixin.py:188} WARNING - /home/airflow/.local/lib/python3.11/site-packages/airflow/models/baseoperator.py:437 RemovedInAirflow3Warning: provide_context is deprecated as of 2.0 and is no longer required
[2026-01-05T22:55:19.784+0000] {processor.py:840} INFO - DAG(s) 'diabetes_ml_pipeline' retrieved from /opt/airflow/dags/diabetes_ml_pipeline.py
[2026-01-05T22:55:19.817+0000] {logging_mixin.py:188} INFO - [2026-01-05T22:55:19.816+0000] {dag.py:3036} INFO - Sync 1 DAGs
[2026-01-05T22:55:19.842+0000] {logging_mixin.py:188} INFO - [2026-01-05T22:55:19.841+0000] {dag.py:3823} INFO - Setting next_dagrun for diabetes_ml_pipeline to 2026-01-05 02:00:00+00:00, run_after=2026-01-06 02:00:00+00:00
[2026-01-05T22:55:19.864+0000] {processor.py:183} INFO - Processing /opt/airflow/dags/diabetes_ml_pipeline.py took 0.602 seconds
[2026-01-05T22:55:50.390+0000] {processor.py:161} INFO - Started process (PID=854) to work on /opt/airflow/dags/diabetes_ml_pipeline.py
[2026-01-05T22:55:50.392+0000] {processor.py:830} INFO - Processing file /opt/airflow/dags/diabetes_ml_pipeline.py for tasks to queue
[2026-01-05T22:55:50.393+0000] {logging_mixin.py:188} INFO - [2026-01-05T22:55:50.392+0000] {dagbag.py:538} INFO - Filling up the DagBag from /opt/airflow/dags/diabetes_ml_pipeline.py
[2026-01-05T22:55:50.902+0000] {logging_mixin.py:188} WARNING - /home/airflow/.local/lib/python3.11/site-packages/airflow/models/baseoperator.py:437 RemovedInAirflow3Warning: provide_context is deprecated as of 2.0 and is no longer required
[2026-01-05T22:55:50.908+0000] {processor.py:840} INFO - DAG(s) 'diabetes_ml_pipeline' retrieved from /opt/airflow/dags/diabetes_ml_pipeline.py
[2026-01-05T22:55:50.939+0000] {logging_mixin.py:188} INFO - [2026-01-05T22:55:50.939+0000] {dag.py:3036} INFO - Sync 1 DAGs
[2026-01-05T22:55:50.961+0000] {logging_mixin.py:188} INFO - [2026-01-05T22:55:50.960+0000] {dag.py:3823} INFO - Setting next_dagrun for diabetes_ml_pipeline to 2026-01-05 02:00:00+00:00, run_after=2026-01-06 02:00:00+00:00
[2026-01-05T22:55:50.984+0000] {processor.py:183} INFO - Processing /opt/airflow/dags/diabetes_ml_pipeline.py took 0.599 seconds
[2026-01-05T22:56:21.204+0000] {processor.py:161} INFO - Started process (PID=866) to work on /opt/airflow/dags/diabetes_ml_pipeline.py
[2026-01-05T22:56:21.206+0000] {processor.py:830} INFO - Processing file /opt/airflow/dags/diabetes_ml_pipeline.py for tasks to queue
[2026-01-05T22:56:21.210+0000] {logging_mixin.py:188} INFO - [2026-01-05T22:56:21.209+0000] {dagbag.py:538} INFO - Filling up the DagBag from /opt/airflow/dags/diabetes_ml_pipeline.py
[2026-01-05T22:56:21.805+0000] {logging_mixin.py:188} WARNING - /home/airflow/.local/lib/python3.11/site-packages/airflow/models/baseoperator.py:437 RemovedInAirflow3Warning: provide_context is deprecated as of 2.0 and is no longer required
[2026-01-05T22:56:21.812+0000] {processor.py:840} INFO - DAG(s) 'diabetes_ml_pipeline' retrieved from /opt/airflow/dags/diabetes_ml_pipeline.py
[2026-01-05T22:56:21.858+0000] {logging_mixin.py:188} INFO - [2026-01-05T22:56:21.856+0000] {dag.py:3036} INFO - Sync 1 DAGs
[2026-01-05T22:56:21.901+0000] {logging_mixin.py:188} INFO - [2026-01-05T22:56:21.900+0000] {dag.py:3823} INFO - Setting next_dagrun for diabetes_ml_pipeline to 2026-01-05 02:00:00+00:00, run_after=2026-01-06 02:00:00+00:00
[2026-01-05T22:56:21.930+0000] {processor.py:183} INFO - Processing /opt/airflow/dags/diabetes_ml_pipeline.py took 0.752 seconds
[2026-01-05T22:56:52.469+0000] {processor.py:161} INFO - Started process (PID=878) to work on /opt/airflow/dags/diabetes_ml_pipeline.py
[2026-01-05T22:56:52.471+0000] {processor.py:830} INFO - Processing file /opt/airflow/dags/diabetes_ml_pipeline.py for tasks to queue
[2026-01-05T22:56:52.473+0000] {logging_mixin.py:188} INFO - [2026-01-05T22:56:52.472+0000] {dagbag.py:538} INFO - Filling up the DagBag from /opt/airflow/dags/diabetes_ml_pipeline.py
[2026-01-05T22:56:52.977+0000] {logging_mixin.py:188} WARNING - /home/airflow/.local/lib/python3.11/site-packages/airflow/models/baseoperator.py:437 RemovedInAirflow3Warning: provide_context is deprecated as of 2.0 and is no longer required
[2026-01-05T22:56:52.981+0000] {processor.py:840} INFO - DAG(s) 'diabetes_ml_pipeline' retrieved from /opt/airflow/dags/diabetes_ml_pipeline.py
[2026-01-05T22:56:53.008+0000] {logging_mixin.py:188} INFO - [2026-01-05T22:56:53.007+0000] {dag.py:3036} INFO - Sync 1 DAGs
[2026-01-05T22:56:53.026+0000] {logging_mixin.py:188} INFO - [2026-01-05T22:56:53.025+0000] {dag.py:3823} INFO - Setting next_dagrun for diabetes_ml_pipeline to 2026-01-05 02:00:00+00:00, run_after=2026-01-06 02:00:00+00:00
[2026-01-05T22:56:53.049+0000] {processor.py:183} INFO - Processing /opt/airflow/dags/diabetes_ml_pipeline.py took 0.590 seconds
[2026-01-05T22:57:23.266+0000] {processor.py:161} INFO - Started process (PID=889) to work on /opt/airflow/dags/diabetes_ml_pipeline.py
[2026-01-05T22:57:23.268+0000] {processor.py:830} INFO - Processing file /opt/airflow/dags/diabetes_ml_pipeline.py for tasks to queue
[2026-01-05T22:57:23.272+0000] {logging_mixin.py:188} INFO - [2026-01-05T22:57:23.270+0000] {dagbag.py:538} INFO - Filling up the DagBag from /opt/airflow/dags/diabetes_ml_pipeline.py
[2026-01-05T22:57:23.787+0000] {logging_mixin.py:188} WARNING - /home/airflow/.local/lib/python3.11/site-packages/airflow/models/baseoperator.py:437 RemovedInAirflow3Warning: provide_context is deprecated as of 2.0 and is no longer required
[2026-01-05T22:57:23.792+0000] {processor.py:840} INFO - DAG(s) 'diabetes_ml_pipeline' retrieved from /opt/airflow/dags/diabetes_ml_pipeline.py
[2026-01-05T22:57:23.822+0000] {logging_mixin.py:188} INFO - [2026-01-05T22:57:23.822+0000] {dag.py:3036} INFO - Sync 1 DAGs
[2026-01-05T22:57:23.839+0000] {logging_mixin.py:188} INFO - [2026-01-05T22:57:23.839+0000] {dag.py:3823} INFO - Setting next_dagrun for diabetes_ml_pipeline to 2026-01-05 02:00:00+00:00, run_after=2026-01-06 02:00:00+00:00
[2026-01-05T22:57:23.864+0000] {processor.py:183} INFO - Processing /opt/airflow/dags/diabetes_ml_pipeline.py took 0.610 seconds
[2026-01-05T22:57:54.496+0000] {processor.py:161} INFO - Started process (PID=901) to work on /opt/airflow/dags/diabetes_ml_pipeline.py
[2026-01-05T22:57:54.498+0000] {processor.py:830} INFO - Processing file /opt/airflow/dags/diabetes_ml_pipeline.py for tasks to queue
[2026-01-05T22:57:54.500+0000] {logging_mixin.py:188} INFO - [2026-01-05T22:57:54.499+0000] {dagbag.py:538} INFO - Filling up the DagBag from /opt/airflow/dags/diabetes_ml_pipeline.py
[2026-01-05T22:57:54.872+0000] {logging_mixin.py:188} WARNING - /home/airflow/.local/lib/python3.11/site-packages/airflow/models/baseoperator.py:437 RemovedInAirflow3Warning: provide_context is deprecated as of 2.0 and is no longer required
[2026-01-05T22:57:54.881+0000] {processor.py:840} INFO - DAG(s) 'diabetes_ml_pipeline' retrieved from /opt/airflow/dags/diabetes_ml_pipeline.py
[2026-01-05T22:57:54.922+0000] {logging_mixin.py:188} INFO - [2026-01-05T22:57:54.921+0000] {dag.py:3036} INFO - Sync 1 DAGs
[2026-01-05T22:57:54.949+0000] {logging_mixin.py:188} INFO - [2026-01-05T22:57:54.949+0000] {dag.py:3823} INFO - Setting next_dagrun for diabetes_ml_pipeline to 2026-01-05 02:00:00+00:00, run_after=2026-01-06 02:00:00+00:00
[2026-01-05T22:57:54.982+0000] {processor.py:183} INFO - Processing /opt/airflow/dags/diabetes_ml_pipeline.py took 0.489 seconds
[2026-01-05T22:58:25.190+0000] {processor.py:161} INFO - Started process (PID=913) to work on /opt/airflow/dags/diabetes_ml_pipeline.py
[2026-01-05T22:58:25.193+0000] {processor.py:830} INFO - Processing file /opt/airflow/dags/diabetes_ml_pipeline.py for tasks to queue
[2026-01-05T22:58:25.194+0000] {logging_mixin.py:188} INFO - [2026-01-05T22:58:25.194+0000] {dagbag.py:538} INFO - Filling up the DagBag from /opt/airflow/dags/diabetes_ml_pipeline.py
[2026-01-05T22:58:25.547+0000] {logging_mixin.py:188} WARNING - /home/airflow/.local/lib/python3.11/site-packages/airflow/models/baseoperator.py:437 RemovedInAirflow3Warning: provide_context is deprecated as of 2.0 and is no longer required
[2026-01-05T22:58:25.553+0000] {processor.py:840} INFO - DAG(s) 'diabetes_ml_pipeline' retrieved from /opt/airflow/dags/diabetes_ml_pipeline.py
[2026-01-05T22:58:25.587+0000] {logging_mixin.py:188} INFO - [2026-01-05T22:58:25.587+0000] {dag.py:3036} INFO - Sync 1 DAGs
[2026-01-05T22:58:25.612+0000] {logging_mixin.py:188} INFO - [2026-01-05T22:58:25.611+0000] {dag.py:3823} INFO - Setting next_dagrun for diabetes_ml_pipeline to 2026-01-05 02:00:00+00:00, run_after=2026-01-06 02:00:00+00:00
[2026-01-05T22:58:25.636+0000] {processor.py:183} INFO - Processing /opt/airflow/dags/diabetes_ml_pipeline.py took 0.451 seconds
[2026-01-05T22:58:55.807+0000] {processor.py:161} INFO - Started process (PID=925) to work on /opt/airflow/dags/diabetes_ml_pipeline.py
[2026-01-05T22:58:55.810+0000] {processor.py:830} INFO - Processing file /opt/airflow/dags/diabetes_ml_pipeline.py for tasks to queue
[2026-01-05T22:58:55.812+0000] {logging_mixin.py:188} INFO - [2026-01-05T22:58:55.812+0000] {dagbag.py:538} INFO - Filling up the DagBag from /opt/airflow/dags/diabetes_ml_pipeline.py
[2026-01-05T22:58:56.252+0000] {logging_mixin.py:188} WARNING - /home/airflow/.local/lib/python3.11/site-packages/airflow/models/baseoperator.py:437 RemovedInAirflow3Warning: provide_context is deprecated as of 2.0 and is no longer required
[2026-01-05T22:58:56.258+0000] {processor.py:840} INFO - DAG(s) 'diabetes_ml_pipeline' retrieved from /opt/airflow/dags/diabetes_ml_pipeline.py
[2026-01-05T22:58:56.313+0000] {logging_mixin.py:188} INFO - [2026-01-05T22:58:56.313+0000] {dag.py:3036} INFO - Sync 1 DAGs
[2026-01-05T22:58:56.338+0000] {logging_mixin.py:188} INFO - [2026-01-05T22:58:56.338+0000] {dag.py:3823} INFO - Setting next_dagrun for diabetes_ml_pipeline to 2026-01-05 02:00:00+00:00, run_after=2026-01-06 02:00:00+00:00
[2026-01-05T22:58:56.385+0000] {processor.py:183} INFO - Processing /opt/airflow/dags/diabetes_ml_pipeline.py took 0.585 seconds
[2026-01-05T22:59:26.946+0000] {processor.py:161} INFO - Started process (PID=937) to work on /opt/airflow/dags/diabetes_ml_pipeline.py
[2026-01-05T22:59:26.948+0000] {processor.py:830} INFO - Processing file /opt/airflow/dags/diabetes_ml_pipeline.py for tasks to queue
[2026-01-05T22:59:26.950+0000] {logging_mixin.py:188} INFO - [2026-01-05T22:59:26.949+0000] {dagbag.py:538} INFO - Filling up the DagBag from /opt/airflow/dags/diabetes_ml_pipeline.py
[2026-01-05T22:59:27.327+0000] {logging_mixin.py:188} WARNING - /home/airflow/.local/lib/python3.11/site-packages/airflow/models/baseoperator.py:437 RemovedInAirflow3Warning: provide_context is deprecated as of 2.0 and is no longer required
[2026-01-05T22:59:27.335+0000] {processor.py:840} INFO - DAG(s) 'diabetes_ml_pipeline' retrieved from /opt/airflow/dags/diabetes_ml_pipeline.py
[2026-01-05T22:59:27.384+0000] {logging_mixin.py:188} INFO - [2026-01-05T22:59:27.383+0000] {dag.py:3036} INFO - Sync 1 DAGs
[2026-01-05T22:59:27.417+0000] {logging_mixin.py:188} INFO - [2026-01-05T22:59:27.417+0000] {dag.py:3823} INFO - Setting next_dagrun for diabetes_ml_pipeline to 2026-01-05 02:00:00+00:00, run_after=2026-01-06 02:00:00+00:00
[2026-01-05T22:59:27.462+0000] {processor.py:183} INFO - Processing /opt/airflow/dags/diabetes_ml_pipeline.py took 0.522 seconds
[2026-01-05T22:59:57.652+0000] {processor.py:161} INFO - Started process (PID=949) to work on /opt/airflow/dags/diabetes_ml_pipeline.py
[2026-01-05T22:59:57.656+0000] {processor.py:830} INFO - Processing file /opt/airflow/dags/diabetes_ml_pipeline.py for tasks to queue
[2026-01-05T22:59:57.659+0000] {logging_mixin.py:188} INFO - [2026-01-05T22:59:57.658+0000] {dagbag.py:538} INFO - Filling up the DagBag from /opt/airflow/dags/diabetes_ml_pipeline.py
[2026-01-05T22:59:58.048+0000] {logging_mixin.py:188} WARNING - /home/airflow/.local/lib/python3.11/site-packages/airflow/models/baseoperator.py:437 RemovedInAirflow3Warning: provide_context is deprecated as of 2.0 and is no longer required
[2026-01-05T22:59:58.054+0000] {processor.py:840} INFO - DAG(s) 'diabetes_ml_pipeline' retrieved from /opt/airflow/dags/diabetes_ml_pipeline.py
[2026-01-05T22:59:58.096+0000] {logging_mixin.py:188} INFO - [2026-01-05T22:59:58.096+0000] {dag.py:3036} INFO - Sync 1 DAGs
[2026-01-05T22:59:58.142+0000] {logging_mixin.py:188} INFO - [2026-01-05T22:59:58.142+0000] {dag.py:3823} INFO - Setting next_dagrun for diabetes_ml_pipeline to 2026-01-05 02:00:00+00:00, run_after=2026-01-06 02:00:00+00:00
[2026-01-05T22:59:58.178+0000] {processor.py:183} INFO - Processing /opt/airflow/dags/diabetes_ml_pipeline.py took 0.533 seconds
[2026-01-05T23:00:28.557+0000] {processor.py:161} INFO - Started process (PID=961) to work on /opt/airflow/dags/diabetes_ml_pipeline.py
[2026-01-05T23:00:28.558+0000] {processor.py:830} INFO - Processing file /opt/airflow/dags/diabetes_ml_pipeline.py for tasks to queue
[2026-01-05T23:00:28.559+0000] {logging_mixin.py:188} INFO - [2026-01-05T23:00:28.559+0000] {dagbag.py:538} INFO - Filling up the DagBag from /opt/airflow/dags/diabetes_ml_pipeline.py
[2026-01-05T23:00:28.907+0000] {logging_mixin.py:188} WARNING - /home/airflow/.local/lib/python3.11/site-packages/airflow/models/baseoperator.py:437 RemovedInAirflow3Warning: provide_context is deprecated as of 2.0 and is no longer required
[2026-01-05T23:00:28.912+0000] {processor.py:840} INFO - DAG(s) 'diabetes_ml_pipeline' retrieved from /opt/airflow/dags/diabetes_ml_pipeline.py
[2026-01-05T23:00:28.946+0000] {logging_mixin.py:188} INFO - [2026-01-05T23:00:28.946+0000] {dag.py:3036} INFO - Sync 1 DAGs
[2026-01-05T23:00:28.967+0000] {logging_mixin.py:188} INFO - [2026-01-05T23:00:28.966+0000] {dag.py:3823} INFO - Setting next_dagrun for diabetes_ml_pipeline to 2026-01-05 02:00:00+00:00, run_after=2026-01-06 02:00:00+00:00
[2026-01-05T23:00:28.989+0000] {processor.py:183} INFO - Processing /opt/airflow/dags/diabetes_ml_pipeline.py took 0.436 seconds
[2026-01-05T23:00:59.497+0000] {processor.py:161} INFO - Started process (PID=973) to work on /opt/airflow/dags/diabetes_ml_pipeline.py
[2026-01-05T23:00:59.500+0000] {processor.py:830} INFO - Processing file /opt/airflow/dags/diabetes_ml_pipeline.py for tasks to queue
[2026-01-05T23:00:59.504+0000] {logging_mixin.py:188} INFO - [2026-01-05T23:00:59.503+0000] {dagbag.py:538} INFO - Filling up the DagBag from /opt/airflow/dags/diabetes_ml_pipeline.py
[2026-01-05T23:00:59.899+0000] {logging_mixin.py:188} WARNING - /home/airflow/.local/lib/python3.11/site-packages/airflow/models/baseoperator.py:437 RemovedInAirflow3Warning: provide_context is deprecated as of 2.0 and is no longer required
[2026-01-05T23:00:59.908+0000] {processor.py:840} INFO - DAG(s) 'diabetes_ml_pipeline' retrieved from /opt/airflow/dags/diabetes_ml_pipeline.py
[2026-01-05T23:00:59.947+0000] {logging_mixin.py:188} INFO - [2026-01-05T23:00:59.946+0000] {dag.py:3036} INFO - Sync 1 DAGs
[2026-01-05T23:00:59.974+0000] {logging_mixin.py:188} INFO - [2026-01-05T23:00:59.974+0000] {dag.py:3823} INFO - Setting next_dagrun for diabetes_ml_pipeline to 2026-01-05 02:00:00+00:00, run_after=2026-01-06 02:00:00+00:00
[2026-01-05T23:01:00.004+0000] {processor.py:183} INFO - Processing /opt/airflow/dags/diabetes_ml_pipeline.py took 0.510 seconds
[2026-01-05T23:01:30.250+0000] {processor.py:161} INFO - Started process (PID=985) to work on /opt/airflow/dags/diabetes_ml_pipeline.py
[2026-01-05T23:01:30.253+0000] {processor.py:830} INFO - Processing file /opt/airflow/dags/diabetes_ml_pipeline.py for tasks to queue
[2026-01-05T23:01:30.256+0000] {logging_mixin.py:188} INFO - [2026-01-05T23:01:30.255+0000] {dagbag.py:538} INFO - Filling up the DagBag from /opt/airflow/dags/diabetes_ml_pipeline.py
[2026-01-05T23:01:30.658+0000] {logging_mixin.py:188} WARNING - /home/airflow/.local/lib/python3.11/site-packages/airflow/models/baseoperator.py:437 RemovedInAirflow3Warning: provide_context is deprecated as of 2.0 and is no longer required
[2026-01-05T23:01:30.664+0000] {processor.py:840} INFO - DAG(s) 'diabetes_ml_pipeline' retrieved from /opt/airflow/dags/diabetes_ml_pipeline.py
[2026-01-05T23:01:30.696+0000] {logging_mixin.py:188} INFO - [2026-01-05T23:01:30.696+0000] {dag.py:3036} INFO - Sync 1 DAGs
[2026-01-05T23:01:30.731+0000] {logging_mixin.py:188} INFO - [2026-01-05T23:01:30.730+0000] {dag.py:3823} INFO - Setting next_dagrun for diabetes_ml_pipeline to 2026-01-05 02:00:00+00:00, run_after=2026-01-06 02:00:00+00:00
[2026-01-05T23:01:30.781+0000] {processor.py:183} INFO - Processing /opt/airflow/dags/diabetes_ml_pipeline.py took 0.537 seconds
[2026-01-05T23:02:01.514+0000] {processor.py:161} INFO - Started process (PID=997) to work on /opt/airflow/dags/diabetes_ml_pipeline.py
[2026-01-05T23:02:01.516+0000] {processor.py:830} INFO - Processing file /opt/airflow/dags/diabetes_ml_pipeline.py for tasks to queue
[2026-01-05T23:02:01.517+0000] {logging_mixin.py:188} INFO - [2026-01-05T23:02:01.517+0000] {dagbag.py:538} INFO - Filling up the DagBag from /opt/airflow/dags/diabetes_ml_pipeline.py
[2026-01-05T23:02:01.900+0000] {logging_mixin.py:188} WARNING - /home/airflow/.local/lib/python3.11/site-packages/airflow/models/baseoperator.py:437 RemovedInAirflow3Warning: provide_context is deprecated as of 2.0 and is no longer required
[2026-01-05T23:02:01.906+0000] {processor.py:840} INFO - DAG(s) 'diabetes_ml_pipeline' retrieved from /opt/airflow/dags/diabetes_ml_pipeline.py
[2026-01-05T23:02:01.937+0000] {logging_mixin.py:188} INFO - [2026-01-05T23:02:01.937+0000] {dag.py:3036} INFO - Sync 1 DAGs
[2026-01-05T23:02:01.960+0000] {logging_mixin.py:188} INFO - [2026-01-05T23:02:01.960+0000] {dag.py:3823} INFO - Setting next_dagrun for diabetes_ml_pipeline to 2026-01-05 02:00:00+00:00, run_after=2026-01-06 02:00:00+00:00
[2026-01-05T23:02:01.986+0000] {processor.py:183} INFO - Processing /opt/airflow/dags/diabetes_ml_pipeline.py took 0.476 seconds
[2026-01-05T23:02:32.368+0000] {processor.py:161} INFO - Started process (PID=1009) to work on /opt/airflow/dags/diabetes_ml_pipeline.py
[2026-01-05T23:02:32.369+0000] {processor.py:830} INFO - Processing file /opt/airflow/dags/diabetes_ml_pipeline.py for tasks to queue
[2026-01-05T23:02:32.370+0000] {logging_mixin.py:188} INFO - [2026-01-05T23:02:32.370+0000] {dagbag.py:538} INFO - Filling up the DagBag from /opt/airflow/dags/diabetes_ml_pipeline.py
[2026-01-05T23:02:32.669+0000] {logging_mixin.py:188} WARNING - /home/airflow/.local/lib/python3.11/site-packages/airflow/models/baseoperator.py:437 RemovedInAirflow3Warning: provide_context is deprecated as of 2.0 and is no longer required
[2026-01-05T23:02:32.675+0000] {processor.py:840} INFO - DAG(s) 'diabetes_ml_pipeline' retrieved from /opt/airflow/dags/diabetes_ml_pipeline.py
[2026-01-05T23:02:32.706+0000] {logging_mixin.py:188} INFO - [2026-01-05T23:02:32.706+0000] {dag.py:3036} INFO - Sync 1 DAGs
[2026-01-05T23:02:32.732+0000] {logging_mixin.py:188} INFO - [2026-01-05T23:02:32.732+0000] {dag.py:3823} INFO - Setting next_dagrun for diabetes_ml_pipeline to 2026-01-05 02:00:00+00:00, run_after=2026-01-06 02:00:00+00:00
[2026-01-05T23:02:32.767+0000] {processor.py:183} INFO - Processing /opt/airflow/dags/diabetes_ml_pipeline.py took 0.403 seconds
[2026-01-05T23:03:03.166+0000] {processor.py:161} INFO - Started process (PID=1021) to work on /opt/airflow/dags/diabetes_ml_pipeline.py
[2026-01-05T23:03:03.168+0000] {processor.py:830} INFO - Processing file /opt/airflow/dags/diabetes_ml_pipeline.py for tasks to queue
[2026-01-05T23:03:03.170+0000] {logging_mixin.py:188} INFO - [2026-01-05T23:03:03.169+0000] {dagbag.py:538} INFO - Filling up the DagBag from /opt/airflow/dags/diabetes_ml_pipeline.py
[2026-01-05T23:03:03.611+0000] {logging_mixin.py:188} WARNING - /home/airflow/.local/lib/python3.11/site-packages/airflow/models/baseoperator.py:437 RemovedInAirflow3Warning: provide_context is deprecated as of 2.0 and is no longer required
[2026-01-05T23:03:03.616+0000] {processor.py:840} INFO - DAG(s) 'diabetes_ml_pipeline' retrieved from /opt/airflow/dags/diabetes_ml_pipeline.py
[2026-01-05T23:03:03.648+0000] {logging_mixin.py:188} INFO - [2026-01-05T23:03:03.648+0000] {dag.py:3036} INFO - Sync 1 DAGs
[2026-01-05T23:03:03.673+0000] {logging_mixin.py:188} INFO - [2026-01-05T23:03:03.673+0000] {dag.py:3823} INFO - Setting next_dagrun for diabetes_ml_pipeline to 2026-01-05 02:00:00+00:00, run_after=2026-01-06 02:00:00+00:00
[2026-01-05T23:03:03.698+0000] {processor.py:183} INFO - Processing /opt/airflow/dags/diabetes_ml_pipeline.py took 0.629 seconds
[2026-01-05T23:03:34.077+0000] {processor.py:161} INFO - Started process (PID=1033) to work on /opt/airflow/dags/diabetes_ml_pipeline.py
[2026-01-05T23:03:34.078+0000] {processor.py:830} INFO - Processing file /opt/airflow/dags/diabetes_ml_pipeline.py for tasks to queue
[2026-01-05T23:03:34.080+0000] {logging_mixin.py:188} INFO - [2026-01-05T23:03:34.079+0000] {dagbag.py:538} INFO - Filling up the DagBag from /opt/airflow/dags/diabetes_ml_pipeline.py
[2026-01-05T23:03:34.398+0000] {logging_mixin.py:188} WARNING - /home/airflow/.local/lib/python3.11/site-packages/airflow/models/baseoperator.py:437 RemovedInAirflow3Warning: provide_context is deprecated as of 2.0 and is no longer required
[2026-01-05T23:03:34.403+0000] {processor.py:840} INFO - DAG(s) 'diabetes_ml_pipeline' retrieved from /opt/airflow/dags/diabetes_ml_pipeline.py
[2026-01-05T23:03:34.447+0000] {logging_mixin.py:188} INFO - [2026-01-05T23:03:34.447+0000] {dag.py:3036} INFO - Sync 1 DAGs
[2026-01-05T23:03:34.470+0000] {logging_mixin.py:188} INFO - [2026-01-05T23:03:34.470+0000] {dag.py:3823} INFO - Setting next_dagrun for diabetes_ml_pipeline to 2026-01-05 02:00:00+00:00, run_after=2026-01-06 02:00:00+00:00
[2026-01-05T23:03:34.492+0000] {processor.py:183} INFO - Processing /opt/airflow/dags/diabetes_ml_pipeline.py took 0.420 seconds
[2026-01-05T23:04:05.050+0000] {processor.py:161} INFO - Started process (PID=1039) to work on /opt/airflow/dags/diabetes_ml_pipeline.py
[2026-01-05T23:04:05.051+0000] {processor.py:830} INFO - Processing file /opt/airflow/dags/diabetes_ml_pipeline.py for tasks to queue
[2026-01-05T23:04:05.052+0000] {logging_mixin.py:188} INFO - [2026-01-05T23:04:05.052+0000] {dagbag.py:538} INFO - Filling up the DagBag from /opt/airflow/dags/diabetes_ml_pipeline.py
[2026-01-05T23:04:05.425+0000] {logging_mixin.py:188} WARNING - /home/airflow/.local/lib/python3.11/site-packages/airflow/models/baseoperator.py:437 RemovedInAirflow3Warning: provide_context is deprecated as of 2.0 and is no longer required
[2026-01-05T23:04:05.432+0000] {processor.py:840} INFO - DAG(s) 'diabetes_ml_pipeline' retrieved from /opt/airflow/dags/diabetes_ml_pipeline.py
[2026-01-05T23:04:05.466+0000] {logging_mixin.py:188} INFO - [2026-01-05T23:04:05.466+0000] {dag.py:3036} INFO - Sync 1 DAGs
[2026-01-05T23:04:05.493+0000] {logging_mixin.py:188} INFO - [2026-01-05T23:04:05.492+0000] {dag.py:3823} INFO - Setting next_dagrun for diabetes_ml_pipeline to 2026-01-05 02:00:00+00:00, run_after=2026-01-06 02:00:00+00:00
[2026-01-05T23:04:05.520+0000] {processor.py:183} INFO - Processing /opt/airflow/dags/diabetes_ml_pipeline.py took 0.475 seconds
[2026-01-05T23:04:36.069+0000] {processor.py:161} INFO - Started process (PID=1051) to work on /opt/airflow/dags/diabetes_ml_pipeline.py
[2026-01-05T23:04:36.074+0000] {processor.py:830} INFO - Processing file /opt/airflow/dags/diabetes_ml_pipeline.py for tasks to queue
[2026-01-05T23:04:36.078+0000] {logging_mixin.py:188} INFO - [2026-01-05T23:04:36.077+0000] {dagbag.py:538} INFO - Filling up the DagBag from /opt/airflow/dags/diabetes_ml_pipeline.py
[2026-01-05T23:04:36.454+0000] {logging_mixin.py:188} WARNING - /home/airflow/.local/lib/python3.11/site-packages/airflow/models/baseoperator.py:437 RemovedInAirflow3Warning: provide_context is deprecated as of 2.0 and is no longer required
[2026-01-05T23:04:36.459+0000] {processor.py:840} INFO - DAG(s) 'diabetes_ml_pipeline' retrieved from /opt/airflow/dags/diabetes_ml_pipeline.py
[2026-01-05T23:04:36.490+0000] {logging_mixin.py:188} INFO - [2026-01-05T23:04:36.490+0000] {dag.py:3036} INFO - Sync 1 DAGs
[2026-01-05T23:04:36.511+0000] {logging_mixin.py:188} INFO - [2026-01-05T23:04:36.511+0000] {dag.py:3823} INFO - Setting next_dagrun for diabetes_ml_pipeline to 2026-01-05 02:00:00+00:00, run_after=2026-01-06 02:00:00+00:00
[2026-01-05T23:04:36.533+0000] {processor.py:183} INFO - Processing /opt/airflow/dags/diabetes_ml_pipeline.py took 0.478 seconds
[2026-01-05T23:05:06.962+0000] {processor.py:161} INFO - Started process (PID=1063) to work on /opt/airflow/dags/diabetes_ml_pipeline.py
[2026-01-05T23:05:06.963+0000] {processor.py:830} INFO - Processing file /opt/airflow/dags/diabetes_ml_pipeline.py for tasks to queue
[2026-01-05T23:05:06.964+0000] {logging_mixin.py:188} INFO - [2026-01-05T23:05:06.964+0000] {dagbag.py:538} INFO - Filling up the DagBag from /opt/airflow/dags/diabetes_ml_pipeline.py
[2026-01-05T23:05:07.288+0000] {logging_mixin.py:188} WARNING - /home/airflow/.local/lib/python3.11/site-packages/airflow/models/baseoperator.py:437 RemovedInAirflow3Warning: provide_context is deprecated as of 2.0 and is no longer required
[2026-01-05T23:05:07.295+0000] {processor.py:840} INFO - DAG(s) 'diabetes_ml_pipeline' retrieved from /opt/airflow/dags/diabetes_ml_pipeline.py
[2026-01-05T23:05:07.327+0000] {logging_mixin.py:188} INFO - [2026-01-05T23:05:07.327+0000] {dag.py:3036} INFO - Sync 1 DAGs
[2026-01-05T23:05:07.350+0000] {logging_mixin.py:188} INFO - [2026-01-05T23:05:07.349+0000] {dag.py:3823} INFO - Setting next_dagrun for diabetes_ml_pipeline to 2026-01-05 02:00:00+00:00, run_after=2026-01-06 02:00:00+00:00
[2026-01-05T23:05:07.373+0000] {processor.py:183} INFO - Processing /opt/airflow/dags/diabetes_ml_pipeline.py took 0.414 seconds
[2026-01-05T23:05:37.901+0000] {processor.py:161} INFO - Started process (PID=1075) to work on /opt/airflow/dags/diabetes_ml_pipeline.py
[2026-01-05T23:05:37.905+0000] {processor.py:830} INFO - Processing file /opt/airflow/dags/diabetes_ml_pipeline.py for tasks to queue
[2026-01-05T23:05:37.907+0000] {logging_mixin.py:188} INFO - [2026-01-05T23:05:37.906+0000] {dagbag.py:538} INFO - Filling up the DagBag from /opt/airflow/dags/diabetes_ml_pipeline.py
[2026-01-05T23:05:38.351+0000] {logging_mixin.py:188} WARNING - /home/airflow/.local/lib/python3.11/site-packages/airflow/models/baseoperator.py:437 RemovedInAirflow3Warning: provide_context is deprecated as of 2.0 and is no longer required
[2026-01-05T23:05:38.360+0000] {processor.py:840} INFO - DAG(s) 'diabetes_ml_pipeline' retrieved from /opt/airflow/dags/diabetes_ml_pipeline.py
[2026-01-05T23:05:38.402+0000] {logging_mixin.py:188} INFO - [2026-01-05T23:05:38.402+0000] {dag.py:3036} INFO - Sync 1 DAGs
[2026-01-05T23:05:38.435+0000] {logging_mixin.py:188} INFO - [2026-01-05T23:05:38.435+0000] {dag.py:3823} INFO - Setting next_dagrun for diabetes_ml_pipeline to 2026-01-05 02:00:00+00:00, run_after=2026-01-06 02:00:00+00:00
[2026-01-05T23:05:38.473+0000] {processor.py:183} INFO - Processing /opt/airflow/dags/diabetes_ml_pipeline.py took 0.577 seconds
[2026-01-05T23:06:08.728+0000] {processor.py:161} INFO - Started process (PID=1087) to work on /opt/airflow/dags/diabetes_ml_pipeline.py
[2026-01-05T23:06:08.730+0000] {processor.py:830} INFO - Processing file /opt/airflow/dags/diabetes_ml_pipeline.py for tasks to queue
[2026-01-05T23:06:08.732+0000] {logging_mixin.py:188} INFO - [2026-01-05T23:06:08.732+0000] {dagbag.py:538} INFO - Filling up the DagBag from /opt/airflow/dags/diabetes_ml_pipeline.py
[2026-01-05T23:06:09.125+0000] {logging_mixin.py:188} WARNING - /home/airflow/.local/lib/python3.11/site-packages/airflow/models/baseoperator.py:437 RemovedInAirflow3Warning: provide_context is deprecated as of 2.0 and is no longer required
[2026-01-05T23:06:09.131+0000] {processor.py:840} INFO - DAG(s) 'diabetes_ml_pipeline' retrieved from /opt/airflow/dags/diabetes_ml_pipeline.py
[2026-01-05T23:06:09.160+0000] {logging_mixin.py:188} INFO - [2026-01-05T23:06:09.159+0000] {dag.py:3036} INFO - Sync 1 DAGs
[2026-01-05T23:06:09.179+0000] {logging_mixin.py:188} INFO - [2026-01-05T23:06:09.179+0000] {dag.py:3823} INFO - Setting next_dagrun for diabetes_ml_pipeline to 2026-01-05 02:00:00+00:00, run_after=2026-01-06 02:00:00+00:00
[2026-01-05T23:06:09.198+0000] {processor.py:183} INFO - Processing /opt/airflow/dags/diabetes_ml_pipeline.py took 0.475 seconds
[2026-01-05T23:06:39.429+0000] {processor.py:161} INFO - Started process (PID=1099) to work on /opt/airflow/dags/diabetes_ml_pipeline.py
[2026-01-05T23:06:39.431+0000] {processor.py:830} INFO - Processing file /opt/airflow/dags/diabetes_ml_pipeline.py for tasks to queue
[2026-01-05T23:06:39.432+0000] {logging_mixin.py:188} INFO - [2026-01-05T23:06:39.432+0000] {dagbag.py:538} INFO - Filling up the DagBag from /opt/airflow/dags/diabetes_ml_pipeline.py
[2026-01-05T23:06:39.766+0000] {logging_mixin.py:188} WARNING - /home/airflow/.local/lib/python3.11/site-packages/airflow/models/baseoperator.py:437 RemovedInAirflow3Warning: provide_context is deprecated as of 2.0 and is no longer required
[2026-01-05T23:06:39.773+0000] {processor.py:840} INFO - DAG(s) 'diabetes_ml_pipeline' retrieved from /opt/airflow/dags/diabetes_ml_pipeline.py
[2026-01-05T23:06:39.813+0000] {logging_mixin.py:188} INFO - [2026-01-05T23:06:39.812+0000] {dag.py:3036} INFO - Sync 1 DAGs
[2026-01-05T23:06:39.835+0000] {logging_mixin.py:188} INFO - [2026-01-05T23:06:39.835+0000] {dag.py:3823} INFO - Setting next_dagrun for diabetes_ml_pipeline to 2026-01-05 02:00:00+00:00, run_after=2026-01-06 02:00:00+00:00
[2026-01-05T23:06:39.863+0000] {processor.py:183} INFO - Processing /opt/airflow/dags/diabetes_ml_pipeline.py took 0.440 seconds
[2026-01-05T23:07:09.983+0000] {processor.py:161} INFO - Started process (PID=1111) to work on /opt/airflow/dags/diabetes_ml_pipeline.py
[2026-01-05T23:07:09.985+0000] {processor.py:830} INFO - Processing file /opt/airflow/dags/diabetes_ml_pipeline.py for tasks to queue
[2026-01-05T23:07:09.988+0000] {logging_mixin.py:188} INFO - [2026-01-05T23:07:09.988+0000] {dagbag.py:538} INFO - Filling up the DagBag from /opt/airflow/dags/diabetes_ml_pipeline.py
[2026-01-05T23:07:10.314+0000] {logging_mixin.py:188} WARNING - /home/airflow/.local/lib/python3.11/site-packages/airflow/models/baseoperator.py:437 RemovedInAirflow3Warning: provide_context is deprecated as of 2.0 and is no longer required
[2026-01-05T23:07:10.320+0000] {processor.py:840} INFO - DAG(s) 'diabetes_ml_pipeline' retrieved from /opt/airflow/dags/diabetes_ml_pipeline.py
[2026-01-05T23:07:10.356+0000] {logging_mixin.py:188} INFO - [2026-01-05T23:07:10.356+0000] {dag.py:3036} INFO - Sync 1 DAGs
[2026-01-05T23:07:10.379+0000] {logging_mixin.py:188} INFO - [2026-01-05T23:07:10.379+0000] {dag.py:3823} INFO - Setting next_dagrun for diabetes_ml_pipeline to 2026-01-05 02:00:00+00:00, run_after=2026-01-06 02:00:00+00:00
[2026-01-05T23:07:10.412+0000] {processor.py:183} INFO - Processing /opt/airflow/dags/diabetes_ml_pipeline.py took 0.433 seconds
[2026-01-05T23:07:40.822+0000] {processor.py:161} INFO - Started process (PID=1123) to work on /opt/airflow/dags/diabetes_ml_pipeline.py
[2026-01-05T23:07:40.824+0000] {processor.py:830} INFO - Processing file /opt/airflow/dags/diabetes_ml_pipeline.py for tasks to queue
[2026-01-05T23:07:40.826+0000] {logging_mixin.py:188} INFO - [2026-01-05T23:07:40.825+0000] {dagbag.py:538} INFO - Filling up the DagBag from /opt/airflow/dags/diabetes_ml_pipeline.py
[2026-01-05T23:07:41.139+0000] {logging_mixin.py:188} WARNING - /home/airflow/.local/lib/python3.11/site-packages/airflow/models/baseoperator.py:437 RemovedInAirflow3Warning: provide_context is deprecated as of 2.0 and is no longer required
[2026-01-05T23:07:41.149+0000] {processor.py:840} INFO - DAG(s) 'diabetes_ml_pipeline' retrieved from /opt/airflow/dags/diabetes_ml_pipeline.py
[2026-01-05T23:07:41.216+0000] {logging_mixin.py:188} INFO - [2026-01-05T23:07:41.215+0000] {dag.py:3036} INFO - Sync 1 DAGs
[2026-01-05T23:07:41.246+0000] {logging_mixin.py:188} INFO - [2026-01-05T23:07:41.245+0000] {dag.py:3823} INFO - Setting next_dagrun for diabetes_ml_pipeline to 2026-01-05 02:00:00+00:00, run_after=2026-01-06 02:00:00+00:00
[2026-01-05T23:07:41.284+0000] {processor.py:183} INFO - Processing /opt/airflow/dags/diabetes_ml_pipeline.py took 0.472 seconds
[2026-01-05T23:08:11.765+0000] {processor.py:161} INFO - Started process (PID=1135) to work on /opt/airflow/dags/diabetes_ml_pipeline.py
[2026-01-05T23:08:11.768+0000] {processor.py:830} INFO - Processing file /opt/airflow/dags/diabetes_ml_pipeline.py for tasks to queue
[2026-01-05T23:08:11.771+0000] {logging_mixin.py:188} INFO - [2026-01-05T23:08:11.770+0000] {dagbag.py:538} INFO - Filling up the DagBag from /opt/airflow/dags/diabetes_ml_pipeline.py
[2026-01-05T23:08:12.088+0000] {logging_mixin.py:188} WARNING - /home/airflow/.local/lib/python3.11/site-packages/airflow/models/baseoperator.py:437 RemovedInAirflow3Warning: provide_context is deprecated as of 2.0 and is no longer required
[2026-01-05T23:08:12.094+0000] {processor.py:840} INFO - DAG(s) 'diabetes_ml_pipeline' retrieved from /opt/airflow/dags/diabetes_ml_pipeline.py
[2026-01-05T23:08:12.126+0000] {logging_mixin.py:188} INFO - [2026-01-05T23:08:12.126+0000] {dag.py:3036} INFO - Sync 1 DAGs
[2026-01-05T23:08:12.147+0000] {logging_mixin.py:188} INFO - [2026-01-05T23:08:12.146+0000] {dag.py:3823} INFO - Setting next_dagrun for diabetes_ml_pipeline to 2026-01-05 02:00:00+00:00, run_after=2026-01-06 02:00:00+00:00
[2026-01-05T23:08:12.310+0000] {processor.py:183} INFO - Processing /opt/airflow/dags/diabetes_ml_pipeline.py took 0.555 seconds
[2026-01-05T23:08:42.686+0000] {processor.py:161} INFO - Started process (PID=1147) to work on /opt/airflow/dags/diabetes_ml_pipeline.py
[2026-01-05T23:08:42.688+0000] {processor.py:830} INFO - Processing file /opt/airflow/dags/diabetes_ml_pipeline.py for tasks to queue
[2026-01-05T23:08:42.690+0000] {logging_mixin.py:188} INFO - [2026-01-05T23:08:42.689+0000] {dagbag.py:538} INFO - Filling up the DagBag from /opt/airflow/dags/diabetes_ml_pipeline.py
[2026-01-05T23:08:43.035+0000] {logging_mixin.py:188} WARNING - /home/airflow/.local/lib/python3.11/site-packages/airflow/models/baseoperator.py:437 RemovedInAirflow3Warning: provide_context is deprecated as of 2.0 and is no longer required
[2026-01-05T23:08:43.043+0000] {processor.py:840} INFO - DAG(s) 'diabetes_ml_pipeline' retrieved from /opt/airflow/dags/diabetes_ml_pipeline.py
[2026-01-05T23:08:43.079+0000] {logging_mixin.py:188} INFO - [2026-01-05T23:08:43.079+0000] {dag.py:3036} INFO - Sync 1 DAGs
[2026-01-05T23:08:43.103+0000] {logging_mixin.py:188} INFO - [2026-01-05T23:08:43.103+0000] {dag.py:3823} INFO - Setting next_dagrun for diabetes_ml_pipeline to 2026-01-05 02:00:00+00:00, run_after=2026-01-06 02:00:00+00:00
[2026-01-05T23:08:43.164+0000] {processor.py:183} INFO - Processing /opt/airflow/dags/diabetes_ml_pipeline.py took 0.490 seconds
[2026-01-05T23:09:13.638+0000] {processor.py:161} INFO - Started process (PID=1159) to work on /opt/airflow/dags/diabetes_ml_pipeline.py
[2026-01-05T23:09:13.641+0000] {processor.py:830} INFO - Processing file /opt/airflow/dags/diabetes_ml_pipeline.py for tasks to queue
[2026-01-05T23:09:13.645+0000] {logging_mixin.py:188} INFO - [2026-01-05T23:09:13.644+0000] {dagbag.py:538} INFO - Filling up the DagBag from /opt/airflow/dags/diabetes_ml_pipeline.py
[2026-01-05T23:09:14.018+0000] {logging_mixin.py:188} WARNING - /home/airflow/.local/lib/python3.11/site-packages/airflow/models/baseoperator.py:437 RemovedInAirflow3Warning: provide_context is deprecated as of 2.0 and is no longer required
[2026-01-05T23:09:14.024+0000] {processor.py:840} INFO - DAG(s) 'diabetes_ml_pipeline' retrieved from /opt/airflow/dags/diabetes_ml_pipeline.py
[2026-01-05T23:09:14.057+0000] {logging_mixin.py:188} INFO - [2026-01-05T23:09:14.057+0000] {dag.py:3036} INFO - Sync 1 DAGs
[2026-01-05T23:09:14.082+0000] {logging_mixin.py:188} INFO - [2026-01-05T23:09:14.082+0000] {dag.py:3823} INFO - Setting next_dagrun for diabetes_ml_pipeline to 2026-01-05 02:00:00+00:00, run_after=2026-01-06 02:00:00+00:00
[2026-01-05T23:09:14.237+0000] {processor.py:183} INFO - Processing /opt/airflow/dags/diabetes_ml_pipeline.py took 0.612 seconds
[2026-01-05T23:09:45.183+0000] {processor.py:161} INFO - Started process (PID=1171) to work on /opt/airflow/dags/diabetes_ml_pipeline.py
[2026-01-05T23:09:45.195+0000] {processor.py:830} INFO - Processing file /opt/airflow/dags/diabetes_ml_pipeline.py for tasks to queue
[2026-01-05T23:09:45.210+0000] {logging_mixin.py:188} INFO - [2026-01-05T23:09:45.208+0000] {dagbag.py:538} INFO - Filling up the DagBag from /opt/airflow/dags/diabetes_ml_pipeline.py
[2026-01-05T23:09:46.198+0000] {logging_mixin.py:188} WARNING - /home/airflow/.local/lib/python3.11/site-packages/airflow/models/baseoperator.py:437 RemovedInAirflow3Warning: provide_context is deprecated as of 2.0 and is no longer required
[2026-01-05T23:09:46.443+0000] {processor.py:840} INFO - DAG(s) 'diabetes_ml_pipeline' retrieved from /opt/airflow/dags/diabetes_ml_pipeline.py
[2026-01-05T23:09:47.060+0000] {logging_mixin.py:188} INFO - [2026-01-05T23:09:47.059+0000] {dag.py:3036} INFO - Sync 1 DAGs
[2026-01-05T23:09:47.126+0000] {logging_mixin.py:188} INFO - [2026-01-05T23:09:47.126+0000] {dag.py:3823} INFO - Setting next_dagrun for diabetes_ml_pipeline to 2026-01-05 02:00:00+00:00, run_after=2026-01-06 02:00:00+00:00
[2026-01-05T23:09:47.302+0000] {processor.py:183} INFO - Processing /opt/airflow/dags/diabetes_ml_pipeline.py took 2.123 seconds
[2026-01-05T23:10:17.659+0000] {processor.py:161} INFO - Started process (PID=1183) to work on /opt/airflow/dags/diabetes_ml_pipeline.py
[2026-01-05T23:10:17.663+0000] {processor.py:830} INFO - Processing file /opt/airflow/dags/diabetes_ml_pipeline.py for tasks to queue
[2026-01-05T23:10:17.666+0000] {logging_mixin.py:188} INFO - [2026-01-05T23:10:17.665+0000] {dagbag.py:538} INFO - Filling up the DagBag from /opt/airflow/dags/diabetes_ml_pipeline.py
[2026-01-05T23:10:18.191+0000] {logging_mixin.py:188} WARNING - /home/airflow/.local/lib/python3.11/site-packages/airflow/models/baseoperator.py:437 RemovedInAirflow3Warning: provide_context is deprecated as of 2.0 and is no longer required
[2026-01-05T23:10:18.201+0000] {processor.py:840} INFO - DAG(s) 'diabetes_ml_pipeline' retrieved from /opt/airflow/dags/diabetes_ml_pipeline.py
[2026-01-05T23:10:18.250+0000] {logging_mixin.py:188} INFO - [2026-01-05T23:10:18.249+0000] {dag.py:3036} INFO - Sync 1 DAGs
[2026-01-05T23:10:18.274+0000] {logging_mixin.py:188} INFO - [2026-01-05T23:10:18.274+0000] {dag.py:3823} INFO - Setting next_dagrun for diabetes_ml_pipeline to 2026-01-05 02:00:00+00:00, run_after=2026-01-06 02:00:00+00:00
[2026-01-05T23:10:18.298+0000] {processor.py:183} INFO - Processing /opt/airflow/dags/diabetes_ml_pipeline.py took 0.647 seconds
[2026-01-05T23:10:48.376+0000] {processor.py:161} INFO - Started process (PID=1195) to work on /opt/airflow/dags/diabetes_ml_pipeline.py
[2026-01-05T23:10:48.377+0000] {processor.py:830} INFO - Processing file /opt/airflow/dags/diabetes_ml_pipeline.py for tasks to queue
[2026-01-05T23:10:48.380+0000] {logging_mixin.py:188} INFO - [2026-01-05T23:10:48.379+0000] {dagbag.py:538} INFO - Filling up the DagBag from /opt/airflow/dags/diabetes_ml_pipeline.py
[2026-01-05T23:10:48.868+0000] {logging_mixin.py:188} WARNING - /home/airflow/.local/lib/python3.11/site-packages/airflow/models/baseoperator.py:437 RemovedInAirflow3Warning: provide_context is deprecated as of 2.0 and is no longer required
[2026-01-05T23:10:48.888+0000] {processor.py:840} INFO - DAG(s) 'diabetes_ml_pipeline' retrieved from /opt/airflow/dags/diabetes_ml_pipeline.py
[2026-01-05T23:10:48.952+0000] {logging_mixin.py:188} INFO - [2026-01-05T23:10:48.951+0000] {dag.py:3036} INFO - Sync 1 DAGs
[2026-01-05T23:10:49.010+0000] {logging_mixin.py:188} INFO - [2026-01-05T23:10:49.010+0000] {dag.py:3823} INFO - Setting next_dagrun for diabetes_ml_pipeline to 2026-01-05 02:00:00+00:00, run_after=2026-01-06 02:00:00+00:00
[2026-01-05T23:10:49.039+0000] {processor.py:183} INFO - Processing /opt/airflow/dags/diabetes_ml_pipeline.py took 0.667 seconds
[2026-01-05T23:11:19.608+0000] {processor.py:161} INFO - Started process (PID=1207) to work on /opt/airflow/dags/diabetes_ml_pipeline.py
[2026-01-05T23:11:19.611+0000] {processor.py:830} INFO - Processing file /opt/airflow/dags/diabetes_ml_pipeline.py for tasks to queue
[2026-01-05T23:11:19.613+0000] {logging_mixin.py:188} INFO - [2026-01-05T23:11:19.613+0000] {dagbag.py:538} INFO - Filling up the DagBag from /opt/airflow/dags/diabetes_ml_pipeline.py
[2026-01-05T23:11:20.152+0000] {logging_mixin.py:188} WARNING - /home/airflow/.local/lib/python3.11/site-packages/airflow/models/baseoperator.py:437 RemovedInAirflow3Warning: provide_context is deprecated as of 2.0 and is no longer required
[2026-01-05T23:11:20.161+0000] {processor.py:840} INFO - DAG(s) 'diabetes_ml_pipeline' retrieved from /opt/airflow/dags/diabetes_ml_pipeline.py
[2026-01-05T23:11:20.193+0000] {logging_mixin.py:188} INFO - [2026-01-05T23:11:20.193+0000] {dag.py:3036} INFO - Sync 1 DAGs
[2026-01-05T23:11:20.212+0000] {logging_mixin.py:188} INFO - [2026-01-05T23:11:20.212+0000] {dag.py:3823} INFO - Setting next_dagrun for diabetes_ml_pipeline to 2026-01-05 02:00:00+00:00, run_after=2026-01-06 02:00:00+00:00
[2026-01-05T23:11:20.235+0000] {processor.py:183} INFO - Processing /opt/airflow/dags/diabetes_ml_pipeline.py took 0.637 seconds
[2026-01-05T23:11:50.569+0000] {processor.py:161} INFO - Started process (PID=1219) to work on /opt/airflow/dags/diabetes_ml_pipeline.py
[2026-01-05T23:11:50.574+0000] {processor.py:830} INFO - Processing file /opt/airflow/dags/diabetes_ml_pipeline.py for tasks to queue
[2026-01-05T23:11:50.577+0000] {logging_mixin.py:188} INFO - [2026-01-05T23:11:50.576+0000] {dagbag.py:538} INFO - Filling up the DagBag from /opt/airflow/dags/diabetes_ml_pipeline.py
[2026-01-05T23:11:51.102+0000] {logging_mixin.py:188} WARNING - /home/airflow/.local/lib/python3.11/site-packages/airflow/models/baseoperator.py:437 RemovedInAirflow3Warning: provide_context is deprecated as of 2.0 and is no longer required
[2026-01-05T23:11:51.109+0000] {processor.py:840} INFO - DAG(s) 'diabetes_ml_pipeline' retrieved from /opt/airflow/dags/diabetes_ml_pipeline.py
[2026-01-05T23:11:51.137+0000] {logging_mixin.py:188} INFO - [2026-01-05T23:11:51.136+0000] {dag.py:3036} INFO - Sync 1 DAGs
[2026-01-05T23:11:51.171+0000] {logging_mixin.py:188} INFO - [2026-01-05T23:11:51.171+0000] {dag.py:3823} INFO - Setting next_dagrun for diabetes_ml_pipeline to 2026-01-05 02:00:00+00:00, run_after=2026-01-06 02:00:00+00:00
[2026-01-05T23:11:51.195+0000] {processor.py:183} INFO - Processing /opt/airflow/dags/diabetes_ml_pipeline.py took 0.635 seconds
[2026-01-05T23:12:21.769+0000] {processor.py:161} INFO - Started process (PID=1231) to work on /opt/airflow/dags/diabetes_ml_pipeline.py
[2026-01-05T23:12:21.771+0000] {processor.py:830} INFO - Processing file /opt/airflow/dags/diabetes_ml_pipeline.py for tasks to queue
[2026-01-05T23:12:21.775+0000] {logging_mixin.py:188} INFO - [2026-01-05T23:12:21.774+0000] {dagbag.py:538} INFO - Filling up the DagBag from /opt/airflow/dags/diabetes_ml_pipeline.py
[2026-01-05T23:12:22.278+0000] {logging_mixin.py:188} WARNING - /home/airflow/.local/lib/python3.11/site-packages/airflow/models/baseoperator.py:437 RemovedInAirflow3Warning: provide_context is deprecated as of 2.0 and is no longer required
[2026-01-05T23:12:22.284+0000] {processor.py:840} INFO - DAG(s) 'diabetes_ml_pipeline' retrieved from /opt/airflow/dags/diabetes_ml_pipeline.py
[2026-01-05T23:12:22.318+0000] {logging_mixin.py:188} INFO - [2026-01-05T23:12:22.317+0000] {dag.py:3036} INFO - Sync 1 DAGs
[2026-01-05T23:12:22.341+0000] {logging_mixin.py:188} INFO - [2026-01-05T23:12:22.341+0000] {dag.py:3823} INFO - Setting next_dagrun for diabetes_ml_pipeline to 2026-01-05 02:00:00+00:00, run_after=2026-01-06 02:00:00+00:00
[2026-01-05T23:12:22.362+0000] {processor.py:183} INFO - Processing /opt/airflow/dags/diabetes_ml_pipeline.py took 0.600 seconds
[2026-01-05T23:12:52.498+0000] {processor.py:161} INFO - Started process (PID=1243) to work on /opt/airflow/dags/diabetes_ml_pipeline.py
[2026-01-05T23:12:52.500+0000] {processor.py:830} INFO - Processing file /opt/airflow/dags/diabetes_ml_pipeline.py for tasks to queue
[2026-01-05T23:12:52.502+0000] {logging_mixin.py:188} INFO - [2026-01-05T23:12:52.501+0000] {dagbag.py:538} INFO - Filling up the DagBag from /opt/airflow/dags/diabetes_ml_pipeline.py
[2026-01-05T23:12:52.949+0000] {logging_mixin.py:188} WARNING - /home/airflow/.local/lib/python3.11/site-packages/airflow/models/baseoperator.py:437 RemovedInAirflow3Warning: provide_context is deprecated as of 2.0 and is no longer required
[2026-01-05T23:12:52.954+0000] {processor.py:840} INFO - DAG(s) 'diabetes_ml_pipeline' retrieved from /opt/airflow/dags/diabetes_ml_pipeline.py
[2026-01-05T23:12:52.980+0000] {logging_mixin.py:188} INFO - [2026-01-05T23:12:52.979+0000] {dag.py:3036} INFO - Sync 1 DAGs
[2026-01-05T23:12:52.998+0000] {logging_mixin.py:188} INFO - [2026-01-05T23:12:52.998+0000] {dag.py:3823} INFO - Setting next_dagrun for diabetes_ml_pipeline to 2026-01-05 02:00:00+00:00, run_after=2026-01-06 02:00:00+00:00
[2026-01-05T23:12:53.021+0000] {processor.py:183} INFO - Processing /opt/airflow/dags/diabetes_ml_pipeline.py took 0.529 seconds
[2026-01-05T23:13:23.510+0000] {processor.py:161} INFO - Started process (PID=1255) to work on /opt/airflow/dags/diabetes_ml_pipeline.py
[2026-01-05T23:13:23.512+0000] {processor.py:830} INFO - Processing file /opt/airflow/dags/diabetes_ml_pipeline.py for tasks to queue
[2026-01-05T23:13:23.513+0000] {logging_mixin.py:188} INFO - [2026-01-05T23:13:23.513+0000] {dagbag.py:538} INFO - Filling up the DagBag from /opt/airflow/dags/diabetes_ml_pipeline.py
[2026-01-05T23:13:23.982+0000] {logging_mixin.py:188} WARNING - /home/airflow/.local/lib/python3.11/site-packages/airflow/models/baseoperator.py:437 RemovedInAirflow3Warning: provide_context is deprecated as of 2.0 and is no longer required
[2026-01-05T23:13:23.987+0000] {processor.py:840} INFO - DAG(s) 'diabetes_ml_pipeline' retrieved from /opt/airflow/dags/diabetes_ml_pipeline.py
[2026-01-05T23:13:24.017+0000] {logging_mixin.py:188} INFO - [2026-01-05T23:13:24.016+0000] {dag.py:3036} INFO - Sync 1 DAGs
[2026-01-05T23:13:24.037+0000] {logging_mixin.py:188} INFO - [2026-01-05T23:13:24.037+0000] {dag.py:3823} INFO - Setting next_dagrun for diabetes_ml_pipeline to 2026-01-05 02:00:00+00:00, run_after=2026-01-06 02:00:00+00:00
[2026-01-05T23:13:24.061+0000] {processor.py:183} INFO - Processing /opt/airflow/dags/diabetes_ml_pipeline.py took 0.555 seconds
[2026-01-05T23:13:54.514+0000] {processor.py:161} INFO - Started process (PID=1267) to work on /opt/airflow/dags/diabetes_ml_pipeline.py
[2026-01-05T23:13:54.518+0000] {processor.py:830} INFO - Processing file /opt/airflow/dags/diabetes_ml_pipeline.py for tasks to queue
[2026-01-05T23:13:54.519+0000] {logging_mixin.py:188} INFO - [2026-01-05T23:13:54.519+0000] {dagbag.py:538} INFO - Filling up the DagBag from /opt/airflow/dags/diabetes_ml_pipeline.py
[2026-01-05T23:13:55.048+0000] {logging_mixin.py:188} WARNING - /home/airflow/.local/lib/python3.11/site-packages/airflow/models/baseoperator.py:437 RemovedInAirflow3Warning: provide_context is deprecated as of 2.0 and is no longer required
[2026-01-05T23:13:55.056+0000] {processor.py:840} INFO - DAG(s) 'diabetes_ml_pipeline' retrieved from /opt/airflow/dags/diabetes_ml_pipeline.py
[2026-01-05T23:13:55.102+0000] {logging_mixin.py:188} INFO - [2026-01-05T23:13:55.100+0000] {dag.py:3036} INFO - Sync 1 DAGs
[2026-01-05T23:13:55.127+0000] {logging_mixin.py:188} INFO - [2026-01-05T23:13:55.127+0000] {dag.py:3823} INFO - Setting next_dagrun for diabetes_ml_pipeline to 2026-01-05 02:00:00+00:00, run_after=2026-01-06 02:00:00+00:00
[2026-01-05T23:13:55.152+0000] {processor.py:183} INFO - Processing /opt/airflow/dags/diabetes_ml_pipeline.py took 0.657 seconds
[2026-01-05T23:14:25.791+0000] {processor.py:161} INFO - Started process (PID=1279) to work on /opt/airflow/dags/diabetes_ml_pipeline.py
[2026-01-05T23:14:25.796+0000] {processor.py:830} INFO - Processing file /opt/airflow/dags/diabetes_ml_pipeline.py for tasks to queue
[2026-01-05T23:14:25.802+0000] {logging_mixin.py:188} INFO - [2026-01-05T23:14:25.800+0000] {dagbag.py:538} INFO - Filling up the DagBag from /opt/airflow/dags/diabetes_ml_pipeline.py
[2026-01-05T23:14:26.301+0000] {logging_mixin.py:188} WARNING - /home/airflow/.local/lib/python3.11/site-packages/airflow/models/baseoperator.py:437 RemovedInAirflow3Warning: provide_context is deprecated as of 2.0 and is no longer required
[2026-01-05T23:14:26.306+0000] {processor.py:840} INFO - DAG(s) 'diabetes_ml_pipeline' retrieved from /opt/airflow/dags/diabetes_ml_pipeline.py
[2026-01-05T23:14:26.337+0000] {logging_mixin.py:188} INFO - [2026-01-05T23:14:26.337+0000] {dag.py:3036} INFO - Sync 1 DAGs
[2026-01-05T23:14:26.356+0000] {logging_mixin.py:188} INFO - [2026-01-05T23:14:26.356+0000] {dag.py:3823} INFO - Setting next_dagrun for diabetes_ml_pipeline to 2026-01-05 02:00:00+00:00, run_after=2026-01-06 02:00:00+00:00
[2026-01-05T23:14:26.376+0000] {processor.py:183} INFO - Processing /opt/airflow/dags/diabetes_ml_pipeline.py took 0.596 seconds
[2026-01-05T23:14:56.793+0000] {processor.py:161} INFO - Started process (PID=1292) to work on /opt/airflow/dags/diabetes_ml_pipeline.py
[2026-01-05T23:14:56.795+0000] {processor.py:830} INFO - Processing file /opt/airflow/dags/diabetes_ml_pipeline.py for tasks to queue
[2026-01-05T23:14:56.798+0000] {logging_mixin.py:188} INFO - [2026-01-05T23:14:56.796+0000] {dagbag.py:538} INFO - Filling up the DagBag from /opt/airflow/dags/diabetes_ml_pipeline.py
[2026-01-05T23:14:57.341+0000] {logging_mixin.py:188} WARNING - /home/airflow/.local/lib/python3.11/site-packages/airflow/models/baseoperator.py:437 RemovedInAirflow3Warning: provide_context is deprecated as of 2.0 and is no longer required
[2026-01-05T23:14:57.347+0000] {processor.py:840} INFO - DAG(s) 'diabetes_ml_pipeline' retrieved from /opt/airflow/dags/diabetes_ml_pipeline.py
[2026-01-05T23:14:57.384+0000] {logging_mixin.py:188} INFO - [2026-01-05T23:14:57.384+0000] {dag.py:3036} INFO - Sync 1 DAGs
[2026-01-05T23:14:57.405+0000] {logging_mixin.py:188} INFO - [2026-01-05T23:14:57.405+0000] {dag.py:3823} INFO - Setting next_dagrun for diabetes_ml_pipeline to 2026-01-05 02:00:00+00:00, run_after=2026-01-06 02:00:00+00:00
[2026-01-05T23:14:57.431+0000] {processor.py:183} INFO - Processing /opt/airflow/dags/diabetes_ml_pipeline.py took 0.645 seconds
[2026-01-05T23:15:27.907+0000] {processor.py:161} INFO - Started process (PID=1304) to work on /opt/airflow/dags/diabetes_ml_pipeline.py
[2026-01-05T23:15:27.909+0000] {processor.py:830} INFO - Processing file /opt/airflow/dags/diabetes_ml_pipeline.py for tasks to queue
[2026-01-05T23:15:27.910+0000] {logging_mixin.py:188} INFO - [2026-01-05T23:15:27.910+0000] {dagbag.py:538} INFO - Filling up the DagBag from /opt/airflow/dags/diabetes_ml_pipeline.py
[2026-01-05T23:15:28.414+0000] {logging_mixin.py:188} WARNING - /home/airflow/.local/lib/python3.11/site-packages/airflow/models/baseoperator.py:437 RemovedInAirflow3Warning: provide_context is deprecated as of 2.0 and is no longer required
[2026-01-05T23:15:28.422+0000] {processor.py:840} INFO - DAG(s) 'diabetes_ml_pipeline' retrieved from /opt/airflow/dags/diabetes_ml_pipeline.py
[2026-01-05T23:15:28.464+0000] {logging_mixin.py:188} INFO - [2026-01-05T23:15:28.463+0000] {dag.py:3036} INFO - Sync 1 DAGs
[2026-01-05T23:15:28.490+0000] {logging_mixin.py:188} INFO - [2026-01-05T23:15:28.490+0000] {dag.py:3823} INFO - Setting next_dagrun for diabetes_ml_pipeline to 2026-01-05 02:00:00+00:00, run_after=2026-01-06 02:00:00+00:00
[2026-01-05T23:15:28.521+0000] {processor.py:183} INFO - Processing /opt/airflow/dags/diabetes_ml_pipeline.py took 0.619 seconds
[2026-01-05T23:15:58.867+0000] {processor.py:161} INFO - Started process (PID=1316) to work on /opt/airflow/dags/diabetes_ml_pipeline.py
[2026-01-05T23:15:58.869+0000] {processor.py:830} INFO - Processing file /opt/airflow/dags/diabetes_ml_pipeline.py for tasks to queue
[2026-01-05T23:15:58.872+0000] {logging_mixin.py:188} INFO - [2026-01-05T23:15:58.871+0000] {dagbag.py:538} INFO - Filling up the DagBag from /opt/airflow/dags/diabetes_ml_pipeline.py
[2026-01-05T23:15:59.540+0000] {logging_mixin.py:188} WARNING - /home/airflow/.local/lib/python3.11/site-packages/airflow/models/baseoperator.py:437 RemovedInAirflow3Warning: provide_context is deprecated as of 2.0 and is no longer required
[2026-01-05T23:15:59.555+0000] {processor.py:840} INFO - DAG(s) 'diabetes_ml_pipeline' retrieved from /opt/airflow/dags/diabetes_ml_pipeline.py
[2026-01-05T23:15:59.627+0000] {logging_mixin.py:188} INFO - [2026-01-05T23:15:59.626+0000] {dag.py:3036} INFO - Sync 1 DAGs
[2026-01-05T23:15:59.704+0000] {logging_mixin.py:188} INFO - [2026-01-05T23:15:59.703+0000] {dag.py:3823} INFO - Setting next_dagrun for diabetes_ml_pipeline to 2026-01-05 02:00:00+00:00, run_after=2026-01-06 02:00:00+00:00
[2026-01-05T23:15:59.744+0000] {processor.py:183} INFO - Processing /opt/airflow/dags/diabetes_ml_pipeline.py took 0.881 seconds
[2026-01-05T23:16:30.256+0000] {processor.py:161} INFO - Started process (PID=1322) to work on /opt/airflow/dags/diabetes_ml_pipeline.py
[2026-01-05T23:16:30.258+0000] {processor.py:830} INFO - Processing file /opt/airflow/dags/diabetes_ml_pipeline.py for tasks to queue
[2026-01-05T23:16:30.260+0000] {logging_mixin.py:188} INFO - [2026-01-05T23:16:30.259+0000] {dagbag.py:538} INFO - Filling up the DagBag from /opt/airflow/dags/diabetes_ml_pipeline.py
[2026-01-05T23:16:30.777+0000] {logging_mixin.py:188} WARNING - /home/airflow/.local/lib/python3.11/site-packages/airflow/models/baseoperator.py:437 RemovedInAirflow3Warning: provide_context is deprecated as of 2.0 and is no longer required
[2026-01-05T23:16:30.783+0000] {processor.py:840} INFO - DAG(s) 'diabetes_ml_pipeline' retrieved from /opt/airflow/dags/diabetes_ml_pipeline.py
[2026-01-05T23:16:30.714+0000] {logging_mixin.py:188} INFO - [2026-01-05T23:16:30.714+0000] {dag.py:3036} INFO - Sync 1 DAGs
[2026-01-05T23:16:30.736+0000] {logging_mixin.py:188} INFO - [2026-01-05T23:16:30.735+0000] {dag.py:3823} INFO - Setting next_dagrun for diabetes_ml_pipeline to 2026-01-05 02:00:00+00:00, run_after=2026-01-06 02:00:00+00:00
[2026-01-05T23:16:30.757+0000] {processor.py:183} INFO - Processing /opt/airflow/dags/diabetes_ml_pipeline.py took 0.614 seconds
[2026-01-05T23:17:01.415+0000] {processor.py:161} INFO - Started process (PID=1334) to work on /opt/airflow/dags/diabetes_ml_pipeline.py
[2026-01-05T23:17:01.436+0000] {processor.py:830} INFO - Processing file /opt/airflow/dags/diabetes_ml_pipeline.py for tasks to queue
[2026-01-05T23:17:01.455+0000] {logging_mixin.py:188} INFO - [2026-01-05T23:17:01.455+0000] {dagbag.py:538} INFO - Filling up the DagBag from /opt/airflow/dags/diabetes_ml_pipeline.py
[2026-01-05T23:17:02.080+0000] {logging_mixin.py:188} WARNING - /home/airflow/.local/lib/python3.11/site-packages/airflow/models/baseoperator.py:437 RemovedInAirflow3Warning: provide_context is deprecated as of 2.0 and is no longer required
[2026-01-05T23:17:02.086+0000] {processor.py:840} INFO - DAG(s) 'diabetes_ml_pipeline' retrieved from /opt/airflow/dags/diabetes_ml_pipeline.py
[2026-01-05T23:17:02.121+0000] {logging_mixin.py:188} INFO - [2026-01-05T23:17:02.120+0000] {dag.py:3036} INFO - Sync 1 DAGs
[2026-01-05T23:17:02.145+0000] {logging_mixin.py:188} INFO - [2026-01-05T23:17:02.144+0000] {dag.py:3823} INFO - Setting next_dagrun for diabetes_ml_pipeline to 2026-01-05 02:00:00+00:00, run_after=2026-01-06 02:00:00+00:00
[2026-01-05T23:17:02.181+0000] {processor.py:183} INFO - Processing /opt/airflow/dags/diabetes_ml_pipeline.py took 0.780 seconds
[2026-01-05T23:17:32.881+0000] {processor.py:161} INFO - Started process (PID=1346) to work on /opt/airflow/dags/diabetes_ml_pipeline.py
[2026-01-05T23:17:32.883+0000] {processor.py:830} INFO - Processing file /opt/airflow/dags/diabetes_ml_pipeline.py for tasks to queue
[2026-01-05T23:17:32.886+0000] {logging_mixin.py:188} INFO - [2026-01-05T23:17:32.884+0000] {dagbag.py:538} INFO - Filling up the DagBag from /opt/airflow/dags/diabetes_ml_pipeline.py
[2026-01-05T23:17:33.336+0000] {logging_mixin.py:188} WARNING - /home/airflow/.local/lib/python3.11/site-packages/airflow/models/baseoperator.py:437 RemovedInAirflow3Warning: provide_context is deprecated as of 2.0 and is no longer required
[2026-01-05T23:17:33.341+0000] {processor.py:840} INFO - DAG(s) 'diabetes_ml_pipeline' retrieved from /opt/airflow/dags/diabetes_ml_pipeline.py
[2026-01-05T23:17:33.368+0000] {logging_mixin.py:188} INFO - [2026-01-05T23:17:33.367+0000] {dag.py:3036} INFO - Sync 1 DAGs
[2026-01-05T23:17:33.387+0000] {logging_mixin.py:188} INFO - [2026-01-05T23:17:33.387+0000] {dag.py:3823} INFO - Setting next_dagrun for diabetes_ml_pipeline to 2026-01-05 02:00:00+00:00, run_after=2026-01-06 02:00:00+00:00
[2026-01-05T23:17:33.405+0000] {processor.py:183} INFO - Processing /opt/airflow/dags/diabetes_ml_pipeline.py took 0.530 seconds
[2026-01-05T23:18:03.862+0000] {processor.py:161} INFO - Started process (PID=1358) to work on /opt/airflow/dags/diabetes_ml_pipeline.py
[2026-01-05T23:18:03.864+0000] {processor.py:830} INFO - Processing file /opt/airflow/dags/diabetes_ml_pipeline.py for tasks to queue
[2026-01-05T23:18:03.866+0000] {logging_mixin.py:188} INFO - [2026-01-05T23:18:03.865+0000] {dagbag.py:538} INFO - Filling up the DagBag from /opt/airflow/dags/diabetes_ml_pipeline.py
[2026-01-05T23:18:04.315+0000] {logging_mixin.py:188} WARNING - /home/airflow/.local/lib/python3.11/site-packages/airflow/models/baseoperator.py:437 RemovedInAirflow3Warning: provide_context is deprecated as of 2.0 and is no longer required
[2026-01-05T23:18:04.319+0000] {processor.py:840} INFO - DAG(s) 'diabetes_ml_pipeline' retrieved from /opt/airflow/dags/diabetes_ml_pipeline.py
[2026-01-05T23:18:04.363+0000] {logging_mixin.py:188} INFO - [2026-01-05T23:18:04.362+0000] {dag.py:3036} INFO - Sync 1 DAGs
[2026-01-05T23:18:04.384+0000] {logging_mixin.py:188} INFO - [2026-01-05T23:18:04.384+0000] {dag.py:3823} INFO - Setting next_dagrun for diabetes_ml_pipeline to 2026-01-05 02:00:00+00:00, run_after=2026-01-06 02:00:00+00:00
[2026-01-05T23:18:04.407+0000] {processor.py:183} INFO - Processing /opt/airflow/dags/diabetes_ml_pipeline.py took 0.549 seconds
[2026-01-05T23:18:34.732+0000] {processor.py:161} INFO - Started process (PID=1370) to work on /opt/airflow/dags/diabetes_ml_pipeline.py
[2026-01-05T23:18:34.734+0000] {processor.py:830} INFO - Processing file /opt/airflow/dags/diabetes_ml_pipeline.py for tasks to queue
[2026-01-05T23:18:34.736+0000] {logging_mixin.py:188} INFO - [2026-01-05T23:18:34.735+0000] {dagbag.py:538} INFO - Filling up the DagBag from /opt/airflow/dags/diabetes_ml_pipeline.py
[2026-01-05T23:18:35.207+0000] {logging_mixin.py:188} WARNING - /home/airflow/.local/lib/python3.11/site-packages/airflow/models/baseoperator.py:437 RemovedInAirflow3Warning: provide_context is deprecated as of 2.0 and is no longer required
[2026-01-05T23:18:35.211+0000] {processor.py:840} INFO - DAG(s) 'diabetes_ml_pipeline' retrieved from /opt/airflow/dags/diabetes_ml_pipeline.py
[2026-01-05T23:18:35.247+0000] {logging_mixin.py:188} INFO - [2026-01-05T23:18:35.246+0000] {dag.py:3036} INFO - Sync 1 DAGs
[2026-01-05T23:18:35.270+0000] {logging_mixin.py:188} INFO - [2026-01-05T23:18:35.270+0000] {dag.py:3823} INFO - Setting next_dagrun for diabetes_ml_pipeline to 2026-01-05 02:00:00+00:00, run_after=2026-01-06 02:00:00+00:00
[2026-01-05T23:18:35.296+0000] {processor.py:183} INFO - Processing /opt/airflow/dags/diabetes_ml_pipeline.py took 0.570 seconds
[2026-01-05T23:19:05.999+0000] {processor.py:161} INFO - Started process (PID=1382) to work on /opt/airflow/dags/diabetes_ml_pipeline.py
[2026-01-05T23:19:06.006+0000] {processor.py:830} INFO - Processing file /opt/airflow/dags/diabetes_ml_pipeline.py for tasks to queue
[2026-01-05T23:19:06.010+0000] {logging_mixin.py:188} INFO - [2026-01-05T23:19:06.009+0000] {dagbag.py:538} INFO - Filling up the DagBag from /opt/airflow/dags/diabetes_ml_pipeline.py
[2026-01-05T23:19:06.443+0000] {logging_mixin.py:188} WARNING - /home/airflow/.local/lib/python3.11/site-packages/airflow/models/baseoperator.py:437 RemovedInAirflow3Warning: provide_context is deprecated as of 2.0 and is no longer required
[2026-01-05T23:19:06.449+0000] {processor.py:840} INFO - DAG(s) 'diabetes_ml_pipeline' retrieved from /opt/airflow/dags/diabetes_ml_pipeline.py
[2026-01-05T23:19:06.483+0000] {logging_mixin.py:188} INFO - [2026-01-05T23:19:06.482+0000] {dag.py:3036} INFO - Sync 1 DAGs
[2026-01-05T23:19:06.516+0000] {logging_mixin.py:188} INFO - [2026-01-05T23:19:06.516+0000] {dag.py:3823} INFO - Setting next_dagrun for diabetes_ml_pipeline to 2026-01-05 02:00:00+00:00, run_after=2026-01-06 02:00:00+00:00
[2026-01-05T23:19:06.555+0000] {processor.py:183} INFO - Processing /opt/airflow/dags/diabetes_ml_pipeline.py took 0.566 seconds
[2026-01-05T23:19:37.031+0000] {processor.py:161} INFO - Started process (PID=1394) to work on /opt/airflow/dags/diabetes_ml_pipeline.py
[2026-01-05T23:19:37.035+0000] {processor.py:830} INFO - Processing file /opt/airflow/dags/diabetes_ml_pipeline.py for tasks to queue
[2026-01-05T23:19:37.038+0000] {logging_mixin.py:188} INFO - [2026-01-05T23:19:37.037+0000] {dagbag.py:538} INFO - Filling up the DagBag from /opt/airflow/dags/diabetes_ml_pipeline.py
[2026-01-05T23:19:37.593+0000] {logging_mixin.py:188} WARNING - /home/airflow/.local/lib/python3.11/site-packages/airflow/models/baseoperator.py:437 RemovedInAirflow3Warning: provide_context is deprecated as of 2.0 and is no longer required
[2026-01-05T23:19:37.599+0000] {processor.py:840} INFO - DAG(s) 'diabetes_ml_pipeline' retrieved from /opt/airflow/dags/diabetes_ml_pipeline.py
[2026-01-05T23:19:37.635+0000] {logging_mixin.py:188} INFO - [2026-01-05T23:19:37.634+0000] {dag.py:3036} INFO - Sync 1 DAGs
[2026-01-05T23:19:37.656+0000] {logging_mixin.py:188} INFO - [2026-01-05T23:19:37.656+0000] {dag.py:3823} INFO - Setting next_dagrun for diabetes_ml_pipeline to 2026-01-05 02:00:00+00:00, run_after=2026-01-06 02:00:00+00:00
[2026-01-05T23:19:37.683+0000] {processor.py:183} INFO - Processing /opt/airflow/dags/diabetes_ml_pipeline.py took 0.659 seconds
[2026-01-05T23:20:07.847+0000] {processor.py:161} INFO - Started process (PID=1406) to work on /opt/airflow/dags/diabetes_ml_pipeline.py
[2026-01-05T23:20:07.850+0000] {processor.py:830} INFO - Processing file /opt/airflow/dags/diabetes_ml_pipeline.py for tasks to queue
[2026-01-05T23:20:07.853+0000] {logging_mixin.py:188} INFO - [2026-01-05T23:20:07.852+0000] {dagbag.py:538} INFO - Filling up the DagBag from /opt/airflow/dags/diabetes_ml_pipeline.py
[2026-01-05T23:20:08.311+0000] {logging_mixin.py:188} WARNING - /home/airflow/.local/lib/python3.11/site-packages/airflow/models/baseoperator.py:437 RemovedInAirflow3Warning: provide_context is deprecated as of 2.0 and is no longer required
[2026-01-05T23:20:08.316+0000] {processor.py:840} INFO - DAG(s) 'diabetes_ml_pipeline' retrieved from /opt/airflow/dags/diabetes_ml_pipeline.py
[2026-01-05T23:20:08.344+0000] {logging_mixin.py:188} INFO - [2026-01-05T23:20:08.344+0000] {dag.py:3036} INFO - Sync 1 DAGs
[2026-01-05T23:20:08.364+0000] {logging_mixin.py:188} INFO - [2026-01-05T23:20:08.364+0000] {dag.py:3823} INFO - Setting next_dagrun for diabetes_ml_pipeline to 2026-01-05 02:00:00+00:00, run_after=2026-01-06 02:00:00+00:00
[2026-01-05T23:20:08.387+0000] {processor.py:183} INFO - Processing /opt/airflow/dags/diabetes_ml_pipeline.py took 0.545 seconds
[2026-01-05T23:20:38.883+0000] {processor.py:161} INFO - Started process (PID=1419) to work on /opt/airflow/dags/diabetes_ml_pipeline.py
[2026-01-05T23:20:38.884+0000] {processor.py:830} INFO - Processing file /opt/airflow/dags/diabetes_ml_pipeline.py for tasks to queue
[2026-01-05T23:20:38.886+0000] {logging_mixin.py:188} INFO - [2026-01-05T23:20:38.885+0000] {dagbag.py:538} INFO - Filling up the DagBag from /opt/airflow/dags/diabetes_ml_pipeline.py
[2026-01-05T23:20:39.381+0000] {logging_mixin.py:188} WARNING - /home/airflow/.local/lib/python3.11/site-packages/airflow/models/baseoperator.py:437 RemovedInAirflow3Warning: provide_context is deprecated as of 2.0 and is no longer required
[2026-01-05T23:20:39.386+0000] {processor.py:840} INFO - DAG(s) 'diabetes_ml_pipeline' retrieved from /opt/airflow/dags/diabetes_ml_pipeline.py
[2026-01-05T23:20:39.427+0000] {logging_mixin.py:188} INFO - [2026-01-05T23:20:39.427+0000] {dag.py:3036} INFO - Sync 1 DAGs
[2026-01-05T23:20:39.454+0000] {logging_mixin.py:188} INFO - [2026-01-05T23:20:39.454+0000] {dag.py:3823} INFO - Setting next_dagrun for diabetes_ml_pipeline to 2026-01-05 02:00:00+00:00, run_after=2026-01-06 02:00:00+00:00
[2026-01-05T23:20:39.502+0000] {processor.py:183} INFO - Processing /opt/airflow/dags/diabetes_ml_pipeline.py took 0.624 seconds
[2026-01-05T23:21:10.386+0000] {processor.py:161} INFO - Started process (PID=1431) to work on /opt/airflow/dags/diabetes_ml_pipeline.py
[2026-01-05T23:21:10.388+0000] {processor.py:830} INFO - Processing file /opt/airflow/dags/diabetes_ml_pipeline.py for tasks to queue
[2026-01-05T23:21:10.389+0000] {logging_mixin.py:188} INFO - [2026-01-05T23:21:10.389+0000] {dagbag.py:538} INFO - Filling up the DagBag from /opt/airflow/dags/diabetes_ml_pipeline.py
[2026-01-05T23:21:10.851+0000] {logging_mixin.py:188} WARNING - /home/airflow/.local/lib/python3.11/site-packages/airflow/models/baseoperator.py:437 RemovedInAirflow3Warning: provide_context is deprecated as of 2.0 and is no longer required
[2026-01-05T23:21:10.856+0000] {processor.py:840} INFO - DAG(s) 'diabetes_ml_pipeline' retrieved from /opt/airflow/dags/diabetes_ml_pipeline.py
[2026-01-05T23:21:10.899+0000] {logging_mixin.py:188} INFO - [2026-01-05T23:21:10.899+0000] {dag.py:3036} INFO - Sync 1 DAGs
[2026-01-05T23:21:10.922+0000] {logging_mixin.py:188} INFO - [2026-01-05T23:21:10.922+0000] {dag.py:3823} INFO - Setting next_dagrun for diabetes_ml_pipeline to 2026-01-05 02:00:00+00:00, run_after=2026-01-06 02:00:00+00:00
[2026-01-05T23:21:10.950+0000] {processor.py:183} INFO - Processing /opt/airflow/dags/diabetes_ml_pipeline.py took 0.571 seconds
[2026-01-05T23:21:41.422+0000] {processor.py:161} INFO - Started process (PID=1443) to work on /opt/airflow/dags/diabetes_ml_pipeline.py
[2026-01-05T23:21:41.424+0000] {processor.py:830} INFO - Processing file /opt/airflow/dags/diabetes_ml_pipeline.py for tasks to queue
[2026-01-05T23:21:41.426+0000] {logging_mixin.py:188} INFO - [2026-01-05T23:21:41.426+0000] {dagbag.py:538} INFO - Filling up the DagBag from /opt/airflow/dags/diabetes_ml_pipeline.py
[2026-01-05T23:21:42.023+0000] {logging_mixin.py:188} WARNING - /home/airflow/.local/lib/python3.11/site-packages/airflow/models/baseoperator.py:437 RemovedInAirflow3Warning: provide_context is deprecated as of 2.0 and is no longer required
[2026-01-05T23:21:42.029+0000] {processor.py:840} INFO - DAG(s) 'diabetes_ml_pipeline' retrieved from /opt/airflow/dags/diabetes_ml_pipeline.py
[2026-01-05T23:21:42.062+0000] {logging_mixin.py:188} INFO - [2026-01-05T23:21:42.062+0000] {dag.py:3036} INFO - Sync 1 DAGs
[2026-01-05T23:21:42.086+0000] {logging_mixin.py:188} INFO - [2026-01-05T23:21:42.085+0000] {dag.py:3823} INFO - Setting next_dagrun for diabetes_ml_pipeline to 2026-01-05 02:00:00+00:00, run_after=2026-01-06 02:00:00+00:00
[2026-01-05T23:21:42.111+0000] {processor.py:183} INFO - Processing /opt/airflow/dags/diabetes_ml_pipeline.py took 0.695 seconds
[2026-01-05T23:22:12.646+0000] {processor.py:161} INFO - Started process (PID=1455) to work on /opt/airflow/dags/diabetes_ml_pipeline.py
[2026-01-05T23:22:12.648+0000] {processor.py:830} INFO - Processing file /opt/airflow/dags/diabetes_ml_pipeline.py for tasks to queue
[2026-01-05T23:22:12.651+0000] {logging_mixin.py:188} INFO - [2026-01-05T23:22:12.650+0000] {dagbag.py:538} INFO - Filling up the DagBag from /opt/airflow/dags/diabetes_ml_pipeline.py
[2026-01-05T23:22:13.161+0000] {logging_mixin.py:188} WARNING - /home/airflow/.local/lib/python3.11/site-packages/airflow/models/baseoperator.py:437 RemovedInAirflow3Warning: provide_context is deprecated as of 2.0 and is no longer required
[2026-01-05T23:22:13.167+0000] {processor.py:840} INFO - DAG(s) 'diabetes_ml_pipeline' retrieved from /opt/airflow/dags/diabetes_ml_pipeline.py
[2026-01-05T23:22:13.222+0000] {logging_mixin.py:188} INFO - [2026-01-05T23:22:13.221+0000] {dag.py:3036} INFO - Sync 1 DAGs
[2026-01-05T23:22:13.245+0000] {logging_mixin.py:188} INFO - [2026-01-05T23:22:13.245+0000] {dag.py:3823} INFO - Setting next_dagrun for diabetes_ml_pipeline to 2026-01-05 02:00:00+00:00, run_after=2026-01-06 02:00:00+00:00
[2026-01-05T23:22:13.268+0000] {processor.py:183} INFO - Processing /opt/airflow/dags/diabetes_ml_pipeline.py took 0.632 seconds
[2026-01-05T23:22:43.590+0000] {processor.py:161} INFO - Started process (PID=1467) to work on /opt/airflow/dags/diabetes_ml_pipeline.py
[2026-01-05T23:22:43.593+0000] {processor.py:830} INFO - Processing file /opt/airflow/dags/diabetes_ml_pipeline.py for tasks to queue
[2026-01-05T23:22:43.594+0000] {logging_mixin.py:188} INFO - [2026-01-05T23:22:43.594+0000] {dagbag.py:538} INFO - Filling up the DagBag from /opt/airflow/dags/diabetes_ml_pipeline.py
[2026-01-05T23:22:44.125+0000] {logging_mixin.py:188} WARNING - /home/airflow/.local/lib/python3.11/site-packages/airflow/models/baseoperator.py:437 RemovedInAirflow3Warning: provide_context is deprecated as of 2.0 and is no longer required
[2026-01-05T23:22:44.132+0000] {processor.py:840} INFO - DAG(s) 'diabetes_ml_pipeline' retrieved from /opt/airflow/dags/diabetes_ml_pipeline.py
[2026-01-05T23:22:44.162+0000] {logging_mixin.py:188} INFO - [2026-01-05T23:22:44.162+0000] {dag.py:3036} INFO - Sync 1 DAGs
[2026-01-05T23:22:44.188+0000] {logging_mixin.py:188} INFO - [2026-01-05T23:22:44.187+0000] {dag.py:3823} INFO - Setting next_dagrun for diabetes_ml_pipeline to 2026-01-05 02:00:00+00:00, run_after=2026-01-06 02:00:00+00:00
[2026-01-05T23:22:44.219+0000] {processor.py:183} INFO - Processing /opt/airflow/dags/diabetes_ml_pipeline.py took 0.632 seconds
[2026-01-05T23:23:14.659+0000] {processor.py:161} INFO - Started process (PID=1479) to work on /opt/airflow/dags/diabetes_ml_pipeline.py
[2026-01-05T23:23:14.660+0000] {processor.py:830} INFO - Processing file /opt/airflow/dags/diabetes_ml_pipeline.py for tasks to queue
[2026-01-05T23:23:14.662+0000] {logging_mixin.py:188} INFO - [2026-01-05T23:23:14.661+0000] {dagbag.py:538} INFO - Filling up the DagBag from /opt/airflow/dags/diabetes_ml_pipeline.py
[2026-01-05T23:23:14.992+0000] {logging_mixin.py:188} WARNING - /home/airflow/.local/lib/python3.11/site-packages/airflow/models/baseoperator.py:437 RemovedInAirflow3Warning: provide_context is deprecated as of 2.0 and is no longer required
[2026-01-05T23:23:15.000+0000] {processor.py:840} INFO - DAG(s) 'diabetes_ml_pipeline' retrieved from /opt/airflow/dags/diabetes_ml_pipeline.py
[2026-01-05T23:23:15.042+0000] {logging_mixin.py:188} INFO - [2026-01-05T23:23:15.042+0000] {dag.py:3036} INFO - Sync 1 DAGs
[2026-01-05T23:23:15.065+0000] {logging_mixin.py:188} INFO - [2026-01-05T23:23:15.065+0000] {dag.py:3823} INFO - Setting next_dagrun for diabetes_ml_pipeline to 2026-01-05 02:00:00+00:00, run_after=2026-01-06 02:00:00+00:00
[2026-01-05T23:23:15.094+0000] {processor.py:183} INFO - Processing /opt/airflow/dags/diabetes_ml_pipeline.py took 0.441 seconds
[2026-01-05T23:23:45.388+0000] {processor.py:161} INFO - Started process (PID=1492) to work on /opt/airflow/dags/diabetes_ml_pipeline.py
[2026-01-05T23:23:45.389+0000] {processor.py:830} INFO - Processing file /opt/airflow/dags/diabetes_ml_pipeline.py for tasks to queue
[2026-01-05T23:23:45.391+0000] {logging_mixin.py:188} INFO - [2026-01-05T23:23:45.391+0000] {dagbag.py:538} INFO - Filling up the DagBag from /opt/airflow/dags/diabetes_ml_pipeline.py
[2026-01-05T23:23:45.758+0000] {logging_mixin.py:188} WARNING - /home/airflow/.local/lib/python3.11/site-packages/airflow/models/baseoperator.py:437 RemovedInAirflow3Warning: provide_context is deprecated as of 2.0 and is no longer required
[2026-01-05T23:23:45.764+0000] {processor.py:840} INFO - DAG(s) 'diabetes_ml_pipeline' retrieved from /opt/airflow/dags/diabetes_ml_pipeline.py
[2026-01-05T23:23:45.796+0000] {logging_mixin.py:188} INFO - [2026-01-05T23:23:45.796+0000] {dag.py:3036} INFO - Sync 1 DAGs
[2026-01-05T23:23:45.822+0000] {logging_mixin.py:188} INFO - [2026-01-05T23:23:45.821+0000] {dag.py:3823} INFO - Setting next_dagrun for diabetes_ml_pipeline to 2026-01-05 02:00:00+00:00, run_after=2026-01-06 02:00:00+00:00
[2026-01-05T23:23:45.844+0000] {processor.py:183} INFO - Processing /opt/airflow/dags/diabetes_ml_pipeline.py took 0.460 seconds
[2026-01-05T23:24:16.392+0000] {processor.py:161} INFO - Started process (PID=1504) to work on /opt/airflow/dags/diabetes_ml_pipeline.py
[2026-01-05T23:24:16.394+0000] {processor.py:830} INFO - Processing file /opt/airflow/dags/diabetes_ml_pipeline.py for tasks to queue
[2026-01-05T23:24:16.395+0000] {logging_mixin.py:188} INFO - [2026-01-05T23:24:16.395+0000] {dagbag.py:538} INFO - Filling up the DagBag from /opt/airflow/dags/diabetes_ml_pipeline.py
[2026-01-05T23:24:16.730+0000] {logging_mixin.py:188} WARNING - /home/airflow/.local/lib/python3.11/site-packages/airflow/models/baseoperator.py:437 RemovedInAirflow3Warning: provide_context is deprecated as of 2.0 and is no longer required
[2026-01-05T23:24:16.736+0000] {processor.py:840} INFO - DAG(s) 'diabetes_ml_pipeline' retrieved from /opt/airflow/dags/diabetes_ml_pipeline.py
[2026-01-05T23:24:16.769+0000] {logging_mixin.py:188} INFO - [2026-01-05T23:24:16.768+0000] {dag.py:3036} INFO - Sync 1 DAGs
[2026-01-05T23:24:16.790+0000] {logging_mixin.py:188} INFO - [2026-01-05T23:24:16.789+0000] {dag.py:3823} INFO - Setting next_dagrun for diabetes_ml_pipeline to 2026-01-05 02:00:00+00:00, run_after=2026-01-06 02:00:00+00:00
[2026-01-05T23:24:16.812+0000] {processor.py:183} INFO - Processing /opt/airflow/dags/diabetes_ml_pipeline.py took 0.424 seconds
[2026-01-05T23:24:49.255+0000] {processor.py:161} INFO - Started process (PID=1516) to work on /opt/airflow/dags/diabetes_ml_pipeline.py
[2026-01-05T23:24:49.266+0000] {processor.py:830} INFO - Processing file /opt/airflow/dags/diabetes_ml_pipeline.py for tasks to queue
[2026-01-05T23:24:49.274+0000] {logging_mixin.py:188} INFO - [2026-01-05T23:24:49.273+0000] {dagbag.py:538} INFO - Filling up the DagBag from /opt/airflow/dags/diabetes_ml_pipeline.py
[2026-01-05T23:24:50.066+0000] {logging_mixin.py:188} WARNING - /home/airflow/.local/lib/python3.11/site-packages/airflow/models/baseoperator.py:437 RemovedInAirflow3Warning: provide_context is deprecated as of 2.0 and is no longer required
[2026-01-05T23:24:50.081+0000] {processor.py:840} INFO - DAG(s) 'diabetes_ml_pipeline' retrieved from /opt/airflow/dags/diabetes_ml_pipeline.py
[2026-01-05T23:24:50.130+0000] {logging_mixin.py:188} INFO - [2026-01-05T23:24:50.130+0000] {dag.py:3036} INFO - Sync 1 DAGs
[2026-01-05T23:24:50.166+0000] {logging_mixin.py:188} INFO - [2026-01-05T23:24:50.166+0000] {dag.py:3823} INFO - Setting next_dagrun for diabetes_ml_pipeline to 2026-01-05 02:00:00+00:00, run_after=2026-01-06 02:00:00+00:00
[2026-01-05T23:24:50.233+0000] {processor.py:183} INFO - Processing /opt/airflow/dags/diabetes_ml_pipeline.py took 0.983 seconds
[2026-01-05T23:25:20.575+0000] {processor.py:161} INFO - Started process (PID=1528) to work on /opt/airflow/dags/diabetes_ml_pipeline.py
[2026-01-05T23:25:20.577+0000] {processor.py:830} INFO - Processing file /opt/airflow/dags/diabetes_ml_pipeline.py for tasks to queue
[2026-01-05T23:25:20.581+0000] {logging_mixin.py:188} INFO - [2026-01-05T23:25:20.580+0000] {dagbag.py:538} INFO - Filling up the DagBag from /opt/airflow/dags/diabetes_ml_pipeline.py
[2026-01-05T23:25:20.912+0000] {logging_mixin.py:188} WARNING - /home/airflow/.local/lib/python3.11/site-packages/airflow/models/baseoperator.py:437 RemovedInAirflow3Warning: provide_context is deprecated as of 2.0 and is no longer required
[2026-01-05T23:25:20.918+0000] {processor.py:840} INFO - DAG(s) 'diabetes_ml_pipeline' retrieved from /opt/airflow/dags/diabetes_ml_pipeline.py
[2026-01-05T23:25:20.953+0000] {logging_mixin.py:188} INFO - [2026-01-05T23:25:20.952+0000] {dag.py:3036} INFO - Sync 1 DAGs
[2026-01-05T23:25:20.978+0000] {logging_mixin.py:188} INFO - [2026-01-05T23:25:20.978+0000] {dag.py:3823} INFO - Setting next_dagrun for diabetes_ml_pipeline to 2026-01-05 02:00:00+00:00, run_after=2026-01-06 02:00:00+00:00
[2026-01-05T23:25:21.011+0000] {processor.py:183} INFO - Processing /opt/airflow/dags/diabetes_ml_pipeline.py took 0.448 seconds
[2026-01-05T23:25:51.300+0000] {processor.py:161} INFO - Started process (PID=1540) to work on /opt/airflow/dags/diabetes_ml_pipeline.py
[2026-01-05T23:25:51.312+0000] {processor.py:830} INFO - Processing file /opt/airflow/dags/diabetes_ml_pipeline.py for tasks to queue
[2026-01-05T23:25:51.321+0000] {logging_mixin.py:188} INFO - [2026-01-05T23:25:51.320+0000] {dagbag.py:538} INFO - Filling up the DagBag from /opt/airflow/dags/diabetes_ml_pipeline.py
[2026-01-05T23:25:51.667+0000] {logging_mixin.py:188} WARNING - /home/airflow/.local/lib/python3.11/site-packages/airflow/models/baseoperator.py:437 RemovedInAirflow3Warning: provide_context is deprecated as of 2.0 and is no longer required
[2026-01-05T23:25:51.672+0000] {processor.py:840} INFO - DAG(s) 'diabetes_ml_pipeline' retrieved from /opt/airflow/dags/diabetes_ml_pipeline.py
[2026-01-05T23:25:51.706+0000] {logging_mixin.py:188} INFO - [2026-01-05T23:25:51.706+0000] {dag.py:3036} INFO - Sync 1 DAGs
[2026-01-05T23:25:51.731+0000] {logging_mixin.py:188} INFO - [2026-01-05T23:25:51.731+0000] {dag.py:3823} INFO - Setting next_dagrun for diabetes_ml_pipeline to 2026-01-05 02:00:00+00:00, run_after=2026-01-06 02:00:00+00:00
[2026-01-05T23:25:51.779+0000] {processor.py:183} INFO - Processing /opt/airflow/dags/diabetes_ml_pipeline.py took 0.502 seconds
